product_id,name,price,category,description,condition,location,payment_Method,contact_info,is_sold,created_at,update_at,photos,seller_id
1,Bamboo Memory Foam Pillow,2007.94,Home,Ergonomically designed pillow with breathable bamboo cover.,new,Myrtle,credit_card,t.user123,false,7/25/2023,6/14/2020,"[{""item"":""http://dummyimage.com/120x100.png/dddddd/000000""},{""item"":""http://dummyimage.com/232x100.png/cc0000/ffffff""},{""item"":""http://dummyimage.com/234x100.png/ff4444/ffffff""}]",1
2,Adjustable Laptop Desk,5641.82,Office,Portable desk that can be adjusted for sitting or standing.,new,City-Vista,credit_card,name@email.com,true,8/21/2025,3/24/2025,"[{""item"":""http://dummyimage.com/137x100.png/5fa2dd/ffffff""},{""item"":""http://dummyimage.com/218x100.png/cc0000/ffffff""}]",2
3,Buffalo Stilton Cheese,5076.33,Food - Cheese,Spicy blue cheese with a hint of buffalo flavor.,new,Murchison,paypal,name@email.com,true,8/26/2024,9/6/2020,"[{""item"":""http://dummyimage.com/137x100.png/dddddd/000000""},{""item"":""http://dummyimage.com/133x100.png/ff4444/ffffff""},{""item"":""http://dummyimage.com/228x100.png/cc0000/ffffff""},{""item"":""http://dummyimage.com/181x100.png/ff4444/ffffff""},{""item"":""http://dummyimage.com/134x100.png/5fa2dd/ffffff""}]",3
4,Spicy Salsa Verde,1726.26,Food - Condiments,"Green salsa with a spicy kick, great for dipping.",new,Myrtle,credit_card,t.user123,false,9/10/2023,7/28/2022,"[{""item"":""http://dummyimage.com/127x100.png/5fa2dd/ffffff""}]",4
5,Pet Training Pads,7638.79,Pets,Absorbent training pads for puppies and kittens.,used,Isabella,cash,name@email.com,true,9/15/2025,8/11/2020,"[{""item"":""http://dummyimage.com/248x100.png/cc0000/ffffff""},{""item"":""http://dummyimage.com/217x100.png/dddddd/000000""},{""item"":""http://dummyimage.com/190x100.png/cc0000/ffffff""},{""item"":""http://dummyimage.com/124x100.png/cc0000/ffffff""},{""item"":""http://dummyimage.com/248x100.png/cc0000/ffffff""},{""item"":""http://dummyimage.com/125x100.png/dddddd/000000""}]",5
6,Vacuum Sealer Machine,3961.48,Kitchen,Seal food and maintain freshness longer.,new,Myrtle,cash,name@email.com,false,6/22/2024,3/14/2020,"[{""item"":""http://dummyimage.com/201x100.png/ff4444/ffffff""}]",6
7,Crispy Onion Rings,8911.39,Food - Frozen Foods,"Frozen onion rings, crispy and ready to bake.",new,Murchison,credit_card,name@email.com,true,1/27/2022,4/8/2024,"[{""item"":""http://dummyimage.com/170x100.png/ff4444/ffffff""},{""item"":""http://dummyimage.com/156x100.png/5fa2dd/ffffff""},{""item"":""http://dummyimage.com/177x100.png/5fa2dd/ffffff""},{""item"":""http://dummyimage.com/107x100.png/dddddd/000000""},{""item"":""http://dummyimage.com/122x100.png/5fa2dd/ffffff""}]",7
8,Laundry Detergent,7539.71,Food - Household,Effective laundry detergent for a deep clean.,new,Murchison,credit_card,(555) 123-9876,false,5/30/2023,9/16/2025,"[{""item"":""http://dummyimage.com/250x100.png/5fa2dd/ffffff""},{""item"":""http://dummyimage.com/188x100.png/ff4444/ffffff""},{""item"":""http://dummyimage.com/158x100.png/dddddd/000000""}]",8
9,Sliced Cucumbers,7703.14,Food - Produce,"Freshly sliced cucumbers, great for salads or snacking.",new,Murchison,credit_card,name@email.com,false,7/22/2022,9/13/2021,[],9
10,Men's Waterproof Hiking Boots,3914.66,Footwear,Durable boots designed for outdoor hiking and activities.,new,City-Vista,cash,name@email.com,true,2/22/2025,3/27/2025,"[{""item"":""http://dummyimage.com/119x100.png/5fa2dd/ffffff""},{""item"":""http://dummyimage.com/227x100.png/ff4444/ffffff""},{""item"":""http://dummyimage.com/229x100.png/dddddd/000000""},{""item"":""http://dummyimage.com/185x100.png/dddddd/000000""}]",10
11,Chocolate Chip Cookie Mix,9338.09,Food - Baking,Everything you need to bake delicious chocolate chip cookies.,used,City-Vista,paypal,name@email.com,false,3/5/2022,4/21/2025,"[{""item"":""http://dummyimage.com/197x100.png/ff4444/ffffff""},{""item"":""http://dummyimage.com/118x100.png/dddddd/000000""},{""item"":""http://dummyimage.com/209x100.png/5fa2dd/ffffff""}]",11
12,Adjustable Yoga Mat Strap,2645.7,Fitness,Convenient strap for carrying yoga mats to class.,used,City-Vista,paypal,(555) 123-9876,false,2/16/2020,7/10/2020,"[{""item"":""http://dummyimage.com/140x100.png/5fa2dd/ffffff""},{""item"":""http://dummyimage.com/165x100.png/5fa2dd/ffffff""},{""item"":""http://dummyimage.com/194x100.png/ff4444/ffffff""},{""item"":""http://dummyimage.com/113x100.png/dddddd/000000""}]",12
13,Stainless Steel Cutlery Set,2183.42,Kitchen,High-quality cutlery set for daily use or special occasions.,used,Murchison,credit_card,(555) 123-9876,true,7/2/2020,4/27/2022,"[{""item"":""http://dummyimage.com/152x100.png/ff4444/ffffff""},{""item"":""http://dummyimage.com/107x100.png/dddddd/000000""},{""item"":""http://dummyimage.com/162x100.png/dddddd/000000""},{""item"":""http://dummyimage.com/223x100.png/cc0000/ffffff""},{""item"":""http://dummyimage.com/198x100.png/5fa2dd/ffffff""},{""item"":""http://dummyimage.com/191x100.png/ff4444/ffffff""}]",13
14,Vintage Button-Down Shirt,5743.06,Clothing - Shirts,A retro-style button-down shirt with a relaxed fit.,used,Murchison,paypal,(555) 123-9876,true,3/10/2025,7/25/2022,"[{""item"":""http://dummyimage.com/199x100.png/ff4444/ffffff""},{""item"":""http://dummyimage.com/185x100.png/cc0000/ffffff""},{""item"":""http://dummyimage.com/162x100.png/5fa2dd/ffffff""},{""item"":""http://dummyimage.com/132x100.png/ff4444/ffffff""},{""item"":""http://dummyimage.com/139x100.png/5fa2dd/ffffff""}]",14
15,Home Office Chair,9386.67,Furniture,Ergonomic office chair with lumbar support and adjustable height.,used,Myrtle,cash,name@email.com,false,10/7/2020,2/5/2020,"[{""item"":""http://dummyimage.com/145x100.png/dddddd/000000""},{""item"":""http://dummyimage.com/234x100.png/5fa2dd/ffffff""},{""item"":""http://dummyimage.com/210x100.png/dddddd/000000""},{""item"":""http://dummyimage.com/167x100.png/cc0000/ffffff""},{""item"":""http://dummyimage.com/155x100.png/5fa2dd/ffffff""},{""item"":""http://dummyimage.com/180x100.png/ff4444/ffffff""}]",15
16,Personal Security Alarm Keychain,4114.86,Safety,Handy keychain that emits a loud alarm for personal safety.,new,Isabella,paypal,(555) 123-9876,true,11/9/2025,9/8/2021,"[{""item"":""http://dummyimage.com/147x100.png/5fa2dd/ffffff""},{""item"":""http://dummyimage.com/232x100.png/dddddd/000000""},{""item"":""http://dummyimage.com/182x100.png/cc0000/ffffff""},{""item"":""http://dummyimage.com/240x100.png/cc0000/ffffff""}]",16
17,Bamboo Cutting Board Set,5597.37,Kitchen,Eco-friendly bamboo cutting boards in various sizes.,new,Isabella,cash,t.user123,true,5/11/2023,7/3/2025,"[{""item"":""http://dummyimage.com/214x100.png/ff4444/ffffff""},{""item"":""http://dummyimage.com/223x100.png/5fa2dd/ffffff""},{""item"":""http://dummyimage.com/192x100.png/5fa2dd/ffffff""},{""item"":""http://dummyimage.com/158x100.png/dddddd/000000""},{""item"":""http://dummyimage.com/176x100.png/cc0000/ffffff""},{""item"":""http://dummyimage.com/224x100.png/ff4444/ffffff""}]",17
18,Savory Trail Mix,6277.4,Food - Snacks,"A blend of nuts, seeds, and spices for a healthy snack.",new,Myrtle,paypal,name@email.com,false,12/22/2025,11/2/2024,"[{""item"":""http://dummyimage.com/147x100.png/cc0000/ffffff""}]",18
19,Wall-Mounted Bookshelf,3885.75,Home,Floating bookshelf to display your favorite books.,used,City-Vista,paypal,name@email.com,true,2/9/2020,2/18/2024,"[{""item"":""http://dummyimage.com/132x100.png/cc0000/ffffff""},{""item"":""http://dummyimage.com/244x100.png/dddddd/000000""},{""item"":""http://dummyimage.com/160x100.png/ff4444/ffffff""},{""item"":""http://dummyimage.com/109x100.png/5fa2dd/ffffff""}]",19
20,Nutty Quinoa Salad,498.17,Food - Salads,"A delicious salad with quinoa, nuts, and cranberries.",used,Isabella,paypal,t.user123,true,10/23/2025,7/27/2020,"[{""item"":""http://dummyimage.com/185x100.png/cc0000/ffffff""},{""item"":""http://dummyimage.com/167x100.png/cc0000/ffffff""},{""item"":""http://dummyimage.com/144x100.png/ff4444/ffffff""},{""item"":""http://dummyimage.com/153x100.png/5fa2dd/ffffff""},{""item"":""http://dummyimage.com/111x100.png/dddddd/000000""},{""item"":""http://dummyimage.com/108x100.png/cc0000/ffffff""}]",20
21,Electric Griddle,1198.69,Kitchen,Large electric griddle for family meals.,used,City-Vista,paypal,(555) 123-9876,false,7/28/2021,10/16/2021,[],21
22,Decorative Throw Pillows,1608.99,Home,Set of stylish throw pillows for home decor.,used,City-Vista,paypal,name@email.com,true,12/26/2020,7/31/2025,[],22
23,Vegan Tacos,7757.17,Food - Frozen Foods,Frozen vegan tacos filled with plant-based protein and spices.,new,City-Vista,credit_card,(555) 123-9876,false,5/25/2024,3/10/2021,"[{""item"":""http://dummyimage.com/199x100.png/5fa2dd/ffffff""}]",23
24,Frozen Pizza,444.79,Food - Frozen Foods,Delicious frozen pizza with a variety of toppings.,used,Murchison,credit_card,t.user123,true,11/20/2022,12/18/2021,"[{""item"":""http://dummyimage.com/111x100.png/ff4444/ffffff""},{""item"":""http://dummyimage.com/172x100.png/5fa2dd/ffffff""},{""item"":""http://dummyimage.com/138x100.png/ff4444/ffffff""},{""item"":""http://dummyimage.com/210x100.png/ff4444/ffffff""},{""item"":""http://dummyimage.com/214x100.png/ff4444/ffffff""},{""item"":""http://dummyimage.com/125x100.png/5fa2dd/ffffff""}]",24
25,Foam Muscle Roller,1129.23,Fitness,Relieve muscle tension and soreness with this foam roller.,new,Isabella,cash,name@email.com,false,1/13/2025,8/23/2022,"[{""item"":""http://dummyimage.com/107x100.png/ff4444/ffffff""},{""item"":""http://dummyimage.com/199x100.png/ff4444/ffffff""},{""item"":""http://dummyimage.com/178x100.png/ff4444/ffffff""},{""item"":""http://dummyimage.com/207x100.png/dddddd/000000""},{""item"":""http://dummyimage.com/204x100.png/dddddd/000000""}]",25
26,Peanut Butter Granola,6971.04,Food - Breakfast,Crunchy granola full of peanut butter flavor and oats.,new,Murchison,credit_card,(555) 123-9876,true,5/19/2021,6/11/2025,"[{""item"":""http://dummyimage.com/147x100.png/ff4444/ffffff""},{""item"":""http://dummyimage.com/227x100.png/dddddd/000000""}]",26
27,Tomato Paste,7021.49,Food - Canned Goods,"Concentrated tomato paste, great for sauces.",used,City-Vista,cash,(555) 123-9876,false,4/19/2020,3/3/2025,"[{""item"":""http://dummyimage.com/127x100.png/dddddd/000000""},{""item"":""http://dummyimage.com/238x100.png/cc0000/ffffff""},{""item"":""http://dummyimage.com/201x100.png/ff4444/ffffff""},{""item"":""http://dummyimage.com/190x100.png/ff4444/ffffff""}]",27
28,Crew Neck Sweater,4882.96,Clothing - Sweaters,"A comfortable crew neck sweater, great for all seasons.",used,Myrtle,cash,name@email.com,false,1/14/2022,12/30/2025,"[{""item"":""http://dummyimage.com/230x100.png/cc0000/ffffff""},{""item"":""http://dummyimage.com/188x100.png/ff4444/ffffff""}]",28
29,Fruit and Nut Energy Bites,3920.39,Food - Snacks,Natural energy bites packed with fruits and nuts for a perfect snack.,new,Myrtle,cash,name@email.com,false,8/27/2022,4/16/2025,[],29
30,Chic Jumpsuit,5573.8,Clothing - Jumpsuits,An elegant jumpsuit that can be dressed up or down.,used,Murchison,cash,(555) 123-9876,true,3/19/2021,11/14/2023,"[{""item"":""http://dummyimage.com/164x100.png/dddddd/000000""}]",30
31,Pecan Pie Filling,2296.45,Food - Baking Goods,Sweet and nutty filling for delicious homemade pecan pie.,new,City-Vista,cash,t.user123,false,4/16/2025,7/24/2020,"[{""item"":""http://dummyimage.com/128x100.png/5fa2dd/ffffff""}]",31
32,Inflatable Party Cooler,6431.39,Outdoor,Fun inflatable cooler to keep drinks cold at parties.,used,Murchison,credit_card,(555) 123-9876,true,8/9/2024,12/6/2024,"[{""item"":""http://dummyimage.com/233x100.png/ff4444/ffffff""},{""item"":""http://dummyimage.com/240x100.png/5fa2dd/ffffff""},{""item"":""http://dummyimage.com/211x100.png/ff4444/ffffff""},{""item"":""http://dummyimage.com/240x100.png/ff4444/ffffff""},{""item"":""http://dummyimage.com/172x100.png/dddddd/000000""},{""item"":""http://dummyimage.com/222x100.png/ff4444/ffffff""}]",32
33,Rainbow Veggie Chips,8125.2,Food - Snacks,"Colorful veggie chips made from beets, carrots, and sweet potatoes.",used,Murchison,paypal,t.user123,true,6/15/2020,8/23/2025,[],33
34,Non-Toxic Concrete Sealer,8986.0,Home Improvement,Eco-friendly sealer for protecting concrete surfaces.,used,Isabella,cash,name@email.com,false,6/20/2025,8/31/2023,"[{""item"":""http://dummyimage.com/115x100.png/5fa2dd/ffffff""},{""item"":""http://dummyimage.com/230x100.png/cc0000/ffffff""},{""item"":""http://dummyimage.com/157x100.png/ff4444/ffffff""}]",34
35,Wild Rice Pilaf,7271.36,Food - Grains,"A mix of wild rice with herbs and spices, ready to serve.",new,Myrtle,paypal,t.user123,true,4/14/2022,9/26/2023,"[{""item"":""http://dummyimage.com/126x100.png/ff4444/ffffff""},{""item"":""http://dummyimage.com/226x100.png/5fa2dd/ffffff""},{""item"":""http://dummyimage.com/136x100.png/5fa2dd/ffffff""},{""item"":""http://dummyimage.com/226x100.png/dddddd/000000""},{""item"":""http://dummyimage.com/111x100.png/cc0000/ffffff""},{""item"":""http://dummyimage.com/204x100.png/dddddd/000000""}]",35
36,Travel Shoe Bags Set,5172.49,Travel,Set of breathable bags for organizing shoes while traveling.,new,City-Vista,paypal,(555) 123-9876,false,3/2/2025,11/6/2022,"[{""item"":""http://dummyimage.com/190x100.png/5fa2dd/ffffff""}]",36
37,Personal Blender with Cups,2461.38,Kitchen,Compact blender that comes with travel cups for smoothies.,new,Isabella,credit_card,t.user123,true,11/1/2025,1/10/2023,"[{""item"":""http://dummyimage.com/109x100.png/5fa2dd/ffffff""},{""item"":""http://dummyimage.com/247x100.png/ff4444/ffffff""},{""item"":""http://dummyimage.com/189x100.png/dddddd/000000""},{""item"":""http://dummyimage.com/155x100.png/ff4444/ffffff""}]",37
38,Foldable Yoga Mat Carry Bag,2947.57,Fitness,Durable bag for carrying your yoga mat and accessories.,used,City-Vista,paypal,t.user123,true,2/4/2024,6/9/2022,[],38
39,Italian Marinara Sauce,8634.43,Food - Sauces,"Classic marinara sauce for pasta, pizza, or dipping.",new,Murchison,cash,name@email.com,false,3/6/2021,6/23/2022,"[{""item"":""http://dummyimage.com/221x100.png/ff4444/ffffff""},{""item"":""http://dummyimage.com/205x100.png/dddddd/000000""},{""item"":""http://dummyimage.com/229x100.png/ff4444/ffffff""},{""item"":""http://dummyimage.com/174x100.png/dddddd/000000""},{""item"":""http://dummyimage.com/205x100.png/ff4444/ffffff""},{""item"":""http://dummyimage.com/184x100.png/ff4444/ffffff""}]",39
40,Fitness Tracker with Heart Rate Monitor,5465.64,Fitness,Wearable device to track fitness activities and heart rate.,new,Murchison,credit_card,t.user123,false,11/27/2020,7/18/2025,"[{""item"":""http://dummyimage.com/103x100.png/5fa2dd/ffffff""},{""item"":""http://dummyimage.com/147x100.png/5fa2dd/ffffff""},{""item"":""http://dummyimage.com/147x100.png/dddddd/000000""}]",40
41,USB Flash Drive,5057.7,Storage,32GB USB flash drive with fast data transfer speeds.,new,City-Vista,paypal,(555) 123-9876,false,5/23/2022,6/7/2021,"[{""item"":""http://dummyimage.com/209x100.png/cc0000/ffffff""},{""item"":""http://dummyimage.com/166x100.png/5fa2dd/ffffff""},{""item"":""http://dummyimage.com/157x100.png/ff4444/ffffff""},{""item"":""http://dummyimage.com/234x100.png/5fa2dd/ffffff""}]",41
42,Outdoor Mosquito Repellent Lantern,2831.39,Outdoor,Lantern that repels mosquitoes while providing light.,used,Murchison,paypal,(555) 123-9876,true,2/2/2022,1/22/2021,[],42
43,Smart Wi-Fi Camera,6166.28,Smart Home,Indoor Wi-Fi camera for home security.,used,Isabella,cash,(555) 123-9876,false,9/15/2025,8/19/2025,"[{""item"":""http://dummyimage.com/230x100.png/5fa2dd/ffffff""},{""item"":""http://dummyimage.com/125x100.png/cc0000/ffffff""},{""item"":""http://dummyimage.com/128x100.png/cc0000/ffffff""},{""item"":""http://dummyimage.com/228x100.png/dddddd/000000""},{""item"":""http://dummyimage.com/244x100.png/ff4444/ffffff""}]",43
44,Collapsible Folding Chair,8862.91,Outdoor,Lightweight and portable chair for camping or events.,new,Isabella,credit_card,name@email.com,false,1/2/2023,5/13/2022,"[{""item"":""http://dummyimage.com/193x100.png/ff4444/ffffff""},{""item"":""http://dummyimage.com/112x100.png/5fa2dd/ffffff""},{""item"":""http://dummyimage.com/127x100.png/cc0000/ffffff""},{""item"":""http://dummyimage.com/201x100.png/cc0000/ffffff""}]",44
45,Kids' STEM Robotics Kit,2975.64,Toys,Educational robotics kit for building and programming.,new,Murchison,credit_card,name@email.com,false,8/2/2024,5/29/2022,"[{""item"":""http://dummyimage.com/237x100.png/5fa2dd/ffffff""},{""item"":""http://dummyimage.com/232x100.png/dddddd/000000""},{""item"":""http://dummyimage.com/163x100.png/5fa2dd/ffffff""},{""item"":""http://dummyimage.com/192x100.png/ff4444/ffffff""},{""item"":""http://dummyimage.com/159x100.png/cc0000/ffffff""}]",45
46,Electric Screwdriver,8547.71,Tools,Cordless electric screwdriver for home projects.,new,Myrtle,credit_card,name@email.com,false,2/1/2025,10/28/2020,"[{""item"":""http://dummyimage.com/193x100.png/dddddd/000000""},{""item"":""http://dummyimage.com/196x100.png/cc0000/ffffff""},{""item"":""http://dummyimage.com/119x100.png/5fa2dd/ffffff""},{""item"":""http://dummyimage.com/235x100.png/5fa2dd/ffffff""},{""item"":""http://dummyimage.com/200x100.png/dddddd/000000""}]",46
47,Buffalo Sauce,7694.11,Food - Condiments,Spicy buffalo sauce ideal for wings or dipping.,new,Isabella,cash,name@email.com,true,4/19/2025,5/28/2023,"[{""item"":""http://dummyimage.com/155x100.png/5fa2dd/ffffff""},{""item"":""http://dummyimage.com/220x100.png/ff4444/ffffff""},{""item"":""http://dummyimage.com/161x100.png/5fa2dd/ffffff""},{""item"":""http://dummyimage.com/105x100.png/dddddd/000000""},{""item"":""http://dummyimage.com/233x100.png/dddddd/000000""},{""item"":""http://dummyimage.com/179x100.png/5fa2dd/ffffff""}]",47
48,Oven-Baked Parmesan Zucchini,4317.18,Food - Frozen Vegetables,"Frozen zucchini slices coated in parmesan cheese, perfect for baking or frying.",used,Myrtle,paypal,name@email.com,false,12/12/2023,3/30/2021,"[{""item"":""http://dummyimage.com/185x100.png/ff4444/ffffff""},{""item"":""http://dummyimage.com/217x100.png/ff4444/ffffff""},{""item"":""http://dummyimage.com/110x100.png/5fa2dd/ffffff""},{""item"":""http://dummyimage.com/238x100.png/5fa2dd/ffffff""},{""item"":""http://dummyimage.com/211x100.png/ff4444/ffffff""},{""item"":""http://dummyimage.com/239x100.png/5fa2dd/ffffff""}]",48
49,Digital Meat Thermometer,6001.15,Kitchen,Instant-read thermometer for precise cooking temperatures.,used,Murchison,paypal,t.user123,true,8/23/2022,1/10/2021,"[{""item"":""http://dummyimage.com/123x100.png/dddddd/000000""},{""item"":""http://dummyimage.com/215x100.png/5fa2dd/ffffff""},{""item"":""http://dummyimage.com/110x100.png/ff4444/ffffff""}]",49
50,Organic Spinach,4807.05,Food - Produce,"Fresh organic spinach, great for salads or cooking.",new,Myrtle,credit_card,name@email.com,false,4/27/2021,4/26/2024,"[{""item"":""http://dummyimage.com/161x100.png/cc0000/ffffff""},{""item"":""http://dummyimage.com/127x100.png/ff4444/ffffff""}]",50
51,Zesty Garlic Hummus,8130.26,Food - Snacks,Creamy chickpea dip infused with zesty garlic flavor.,used,Myrtle,credit_card,(555) 123-9876,true,5/17/2022,7/2/2021,"[{""item"":""http://dummyimage.com/190x100.png/cc0000/ffffff""},{""item"":""http://dummyimage.com/150x100.png/5fa2dd/ffffff""},{""item"":""http://dummyimage.com/152x100.png/ff4444/ffffff""},{""item"":""http://dummyimage.com/114x100.png/5fa2dd/ffffff""}]",51
52,Chocolate Covered Pretzels,8640.08,Food - Snacks,"Crunchy pretzels coated in rich chocolate, a sweet treat.",used,Myrtle,credit_card,name@email.com,true,9/19/2020,12/30/2025,"[{""item"":""http://dummyimage.com/202x100.png/5fa2dd/ffffff""},{""item"":""http://dummyimage.com/128x100.png/ff4444/ffffff""},{""item"":""http://dummyimage.com/250x100.png/cc0000/ffffff""},{""item"":""http://dummyimage.com/123x100.png/ff4444/ffffff""},{""item"":""http://dummyimage.com/129x100.png/cc0000/ffffff""}]",52
53,Chino Shorts,759.85,Clothing - Bottoms,Classic chino shorts in a versatile color for summer adventures.,used,Myrtle,cash,t.user123,false,9/14/2025,11/24/2020,"[{""item"":""http://dummyimage.com/215x100.png/5fa2dd/ffffff""},{""item"":""http://dummyimage.com/158x100.png/5fa2dd/ffffff""},{""item"":""http://dummyimage.com/177x100.png/cc0000/ffffff""},{""item"":""http://dummyimage.com/190x100.png/cc0000/ffffff""}]",53
54,Savory Oatmeal Cups,6179.5,Food - Breakfast,"Savory oatmeal ready to eat, great for breakfast or a snack.",new,City-Vista,cash,name@email.com,true,3/30/2024,12/4/2021,"[{""item"":""http://dummyimage.com/219x100.png/dddddd/000000""},{""item"":""http://dummyimage.com/157x100.png/dddddd/000000""}]",54
55,Portable Phone Charger,9360.26,Accessories,High-capacity power bank for charging devices on the go.,used,Murchison,credit_card,name@email.com,true,10/17/2025,6/13/2022,"[{""item"":""http://dummyimage.com/244x100.png/ff4444/ffffff""},{""item"":""http://dummyimage.com/131x100.png/dddddd/000000""},{""item"":""http://dummyimage.com/115x100.png/5fa2dd/ffffff""}]",55
56,Savory Oatmeal Cups,7803.97,Food - Breakfast,"Savory oatmeal ready to eat, great for breakfast or a snack.",new,Isabella,cash,t.user123,false,9/28/2025,2/22/2024,"[{""item"":""http://dummyimage.com/104x100.png/5fa2dd/ffffff""},{""item"":""http://dummyimage.com/123x100.png/ff4444/ffffff""},{""item"":""http://dummyimage.com/177x100.png/cc0000/ffffff""}]",56
57,Cheddar Cheese Crackers,9500.84,Food - Snacks,Crunchy crackers topped with real cheddar cheese flavor.,new,Murchison,credit_card,name@email.com,false,8/3/2022,5/7/2025,"[{""item"":""http://dummyimage.com/151x100.png/dddddd/000000""},{""item"":""http://dummyimage.com/237x100.png/5fa2dd/ffffff""},{""item"":""http://dummyimage.com/248x100.png/cc0000/ffffff""},{""item"":""http://dummyimage.com/191x100.png/5fa2dd/ffffff""},{""item"":""http://dummyimage.com/163x100.png/cc0000/ffffff""},{""item"":""http://dummyimage.com/140x100.png/cc0000/ffffff""}]",57
58,Honey Sesame Cashews,9171.73,Food - Snacks,Roasted cashews coated in honey and sesame seeds for a sweet treat.,used,Murchison,paypal,(555) 123-9876,false,10/16/2024,1/6/2023,"[{""item"":""http://dummyimage.com/154x100.png/5fa2dd/ffffff""},{""item"":""http://dummyimage.com/138x100.png/dddddd/000000""},{""item"":""http://dummyimage.com/193x100.png/cc0000/ffffff""},{""item"":""http://dummyimage.com/223x100.png/dddddd/000000""}]",58
59,Sliced Provolone Cheese,452.29,Food - Dairy,Mild cheese great for sandwiches.,new,Isabella,credit_card,t.user123,false,7/13/2023,9/2/2024,"[{""item"":""http://dummyimage.com/180x100.png/dddddd/000000""},{""item"":""http://dummyimage.com/113x100.png/5fa2dd/ffffff""},{""item"":""http://dummyimage.com/245x100.png/cc0000/ffffff""},{""item"":""http://dummyimage.com/237x100.png/cc0000/ffffff""}]",59
60,Over-Ear Headphones,9167.96,Audio,Comfortable over-ear headphones with deep bass.,used,Myrtle,cash,(555) 123-9876,false,12/16/2023,6/18/2020,"[{""item"":""http://dummyimage.com/102x100.png/dddddd/000000""},{""item"":""http://dummyimage.com/234x100.png/cc0000/ffffff""},{""item"":""http://dummyimage.com/185x100.png/5fa2dd/ffffff""},{""item"":""http://dummyimage.com/119x100.png/cc0000/ffffff""},{""item"":""http://dummyimage.com/106x100.png/ff4444/ffffff""}]",60
61,Blueberry Muffin Mix,9853.44,Food - Baking,Make delightful blueberry muffins at home with this easy mix.,new,Murchison,paypal,t.user123,false,7/9/2023,1/3/2024,[],61
62,Sweet Corn Fritters,4595.54,Food - Frozen,Golden-brown fritters made with sweet corn.,new,Isabella,cash,(555) 123-9876,false,6/2/2024,4/17/2023,"[{""item"":""http://dummyimage.com/225x100.png/ff4444/ffffff""},{""item"":""http://dummyimage.com/206x100.png/dddddd/000000""}]",62
63,Portable Massage Table,6039.15,Health,Folding massage table for professional or home use.,new,Isabella,credit_card,(555) 123-9876,false,4/23/2021,6/21/2024,[],63
64,Balsamic Fig Dressing,783.16,Food - Condiments,"A sweet and tangy dressing made with figs and balsamic vinegar, great on salads.",used,Murchison,paypal,name@email.com,true,1/25/2024,2/24/2024,"[{""item"":""http://dummyimage.com/204x100.png/dddddd/000000""},{""item"":""http://dummyimage.com/100x100.png/ff4444/ffffff""}]",64
65,Samsung Galaxy Smartwatch,8316.36,Wearable Tech,Stylish smartwatch with fitness tracking and notifications.,used,Isabella,cash,name@email.com,false,4/28/2023,1/23/2020,"[{""item"":""http://dummyimage.com/102x100.png/ff4444/ffffff""},{""item"":""http://dummyimage.com/115x100.png/ff4444/ffffff""},{""item"":""http://dummyimage.com/141x100.png/5fa2dd/ffffff""}]",65
66,Wireless HDMI Receiver,2119.81,Electronics,Stream HD video wirelessly from devices to TV.,new,City-Vista,credit_card,name@email.com,false,7/22/2021,6/5/2020,"[{""item"":""http://dummyimage.com/207x100.png/dddddd/000000""}]",66
67,Bluetooth Shower Speaker,9259.84,Audio,Water-resistant Bluetooth speaker for showers.,new,Murchison,paypal,name@email.com,false,4/4/2022,2/25/2022,"[{""item"":""http://dummyimage.com/193x100.png/5fa2dd/ffffff""},{""item"":""http://dummyimage.com/240x100.png/5fa2dd/ffffff""},{""item"":""http://dummyimage.com/204x100.png/cc0000/ffffff""}]",67
68,Homemade Salsa,8618.52,Food - Condiments,"Fresh salsa made with tomatoes, onions, and cilantro.",used,Isabella,credit_card,t.user123,true,12/17/2022,9/20/2021,[],68
69,Board Game,4121.69,Toys,Strategic board game for family game nights.,new,Murchison,cash,name@email.com,false,4/4/2022,12/27/2024,"[{""item"":""http://dummyimage.com/207x100.png/dddddd/000000""},{""item"":""http://dummyimage.com/211x100.png/5fa2dd/ffffff""}]",69
70,Pet Safety Belt for Car,9315.4,Pets,Seat belt attachment to keep dogs safe during car rides.,used,City-Vista,paypal,(555) 123-9876,true,10/24/2025,12/10/2024,"[{""item"":""http://dummyimage.com/140x100.png/cc0000/ffffff""},{""item"":""http://dummyimage.com/130x100.png/cc0000/ffffff""},{""item"":""http://dummyimage.com/250x100.png/cc0000/ffffff""}]",70
71,Fitness Balance Ball,6840.52,Fitness,Stability ball for Pilates and yoga workouts.,new,Murchison,credit_card,name@email.com,true,10/17/2022,11/11/2025,[],71
72,Truffle Parmesan Fries,1450.05,Food - Snacks,"Crispy fries tossed in truffle oil and parmesan, a gourmet snack.",new,Myrtle,paypal,(555) 123-9876,false,12/27/2024,12/10/2020,[],72
73,Digital Wireless Meat Thermometer,5706.45,Kitchen,Bluetooth thermometer that alerts you when your meat is done.,new,Murchison,credit_card,name@email.com,false,4/12/2020,11/18/2020,"[{""item"":""http://dummyimage.com/250x100.png/dddddd/000000""}]",73
74,Mini Pretzels,9362.17,Food - Snacks,"Crispy mini pretzels, a great snack any time of day.",used,Myrtle,cash,t.user123,true,1/1/2025,7/21/2020,"[{""item"":""http://dummyimage.com/188x100.png/dddddd/000000""},{""item"":""http://dummyimage.com/165x100.png/5fa2dd/ffffff""},{""item"":""http://dummyimage.com/237x100.png/dddddd/000000""},{""item"":""http://dummyimage.com/190x100.png/dddddd/000000""},{""item"":""http://dummyimage.com/186x100.png/ff4444/ffffff""}]",74
75,Classic Vanilla Fudge,3924.52,Food - Desserts,"Creamy vanilla fudge, a sweet treat for all occasions.",new,Myrtle,credit_card,t.user123,false,7/9/2020,12/19/2020,"[{""item"":""http://dummyimage.com/146x100.png/5fa2dd/ffffff""},{""item"":""http://dummyimage.com/203x100.png/ff4444/ffffff""},{""item"":""http://dummyimage.com/237x100.png/dddddd/000000""}]",75
76,Protein Bar Variety Pack,794.98,Food - Snacks,A pack of assorted nut and protein bars for a quick energy boost.,used,City-Vista,paypal,t.user123,false,10/1/2025,6/29/2024,"[{""item"":""http://dummyimage.com/211x100.png/ff4444/ffffff""}]",76
77,Silicone Baking Mats,8740.84,Kitchen,Reusable silicone mats for non-stick baking.,new,Murchison,credit_card,t.user123,false,12/18/2022,10/22/2022,"[{""item"":""http://dummyimage.com/120x100.png/ff4444/ffffff""}]",77
78,Herbal Tea Infuser,1919.85,Kitchen,Infuser for brewing loose-leaf herbal teas easily.,new,Myrtle,paypal,name@email.com,false,7/24/2023,7/23/2023,"[{""item"":""http://dummyimage.com/224x100.png/dddddd/000000""},{""item"":""http://dummyimage.com/168x100.png/dddddd/000000""},{""item"":""http://dummyimage.com/139x100.png/cc0000/ffffff""},{""item"":""http://dummyimage.com/160x100.png/dddddd/000000""}]",78
79,Peach Preserves,7482.5,Food - Condiments,"Sweet and fruity peach preserves, perfect for spreading on toast.",used,City-Vista,credit_card,(555) 123-9876,true,12/16/2025,2/26/2020,"[{""item"":""http://dummyimage.com/186x100.png/dddddd/000000""},{""item"":""http://dummyimage.com/100x100.png/ff4444/ffffff""},{""item"":""http://dummyimage.com/109x100.png/5fa2dd/ffffff""}]",79
80,Electric Fondue Pot,2923.35,Kitchen,Set for making fondue at home.,new,Myrtle,cash,t.user123,true,2/18/2023,3/19/2022,"[{""item"":""http://dummyimage.com/220x100.png/dddddd/000000""},{""item"":""http://dummyimage.com/141x100.png/5fa2dd/ffffff""},{""item"":""http://dummyimage.com/132x100.png/cc0000/ffffff""},{""item"":""http://dummyimage.com/162x100.png/dddddd/000000""}]",80
81,Elegant Lace Dress,6152.13,Clothing - Dresses,A stunning lace dress perfect for special occasions.,used,City-Vista,paypal,(555) 123-9876,false,7/26/2023,9/8/2025,"[{""item"":""http://dummyimage.com/249x100.png/dddddd/000000""},{""item"":""http://dummyimage.com/122x100.png/dddddd/000000""}]",81
82,Scented Candles,3915.0,Home,Set of three aromatic candles with various scents.,new,Isabella,cash,t.user123,true,12/14/2022,6/14/2022,"[{""item"":""http://dummyimage.com/166x100.png/ff4444/ffffff""},{""item"":""http://dummyimage.com/138x100.png/dddddd/000000""},{""item"":""http://dummyimage.com/248x100.png/cc0000/ffffff""},{""item"":""http://dummyimage.com/163x100.png/cc0000/ffffff""},{""item"":""http://dummyimage.com/128x100.png/ff4444/ffffff""}]",82
83,LED Table Lamp,7843.94,Home,Modern LED table lamp with touch control.,used,Isabella,paypal,t.user123,false,2/21/2024,8/6/2020,"[{""item"":""http://dummyimage.com/122x100.png/cc0000/ffffff""},{""item"":""http://dummyimage.com/167x100.png/dddddd/000000""},{""item"":""http://dummyimage.com/249x100.png/dddddd/000000""},{""item"":""http://dummyimage.com/149x100.png/dddddd/000000""},{""item"":""http://dummyimage.com/135x100.png/ff4444/ffffff""},{""item"":""http://dummyimage.com/230x100.png/cc0000/ffffff""}]",83
84,Maple Syrup,1439.81,Food - Condiments,Pure maple syrup for pancakes and more.,new,City-Vista,cash,name@email.com,true,8/18/2024,8/30/2021,"[{""item"":""http://dummyimage.com/239x100.png/cc0000/ffffff""}]",84
85,Leather Biker Jacket,5419.22,Clothing - Outerwear,Stylish black leather jacket featuring a zip-up front and multiple pockets.,used,Murchison,credit_card,(555) 123-9876,false,7/1/2020,11/12/2024,"[{""item"":""http://dummyimage.com/231x100.png/dddddd/000000""},{""item"":""http://dummyimage.com/167x100.png/ff4444/ffffff""}]",85
86,Chic Jumpsuit,5330.0,Clothing - Jumpsuits,An elegant jumpsuit that can be dressed up or down.,new,Myrtle,credit_card,(555) 123-9876,true,7/30/2024,2/5/2020,"[{""item"":""http://dummyimage.com/189x100.png/cc0000/ffffff""},{""item"":""http://dummyimage.com/175x100.png/dddddd/000000""},{""item"":""http://dummyimage.com/106x100.png/dddddd/000000""},{""item"":""http://dummyimage.com/179x100.png/cc0000/ffffff""}]",86
87,Maple Bacon Potato Chips,5222.75,Food - Snacks,Savory potato chips with a hint of maple sweetness and crispy bacon flavor.,used,City-Vista,credit_card,name@email.com,true,1/17/2020,6/2/2022,"[{""item"":""http://dummyimage.com/189x100.png/dddddd/000000""},{""item"":""http://dummyimage.com/154x100.png/dddddd/000000""}]",87
88,Buffalo Sauce,2738.13,Food - Condiments,Spicy buffalo sauce ideal for wings or dipping.,new,Isabella,credit_card,t.user123,false,7/29/2025,4/20/2023,"[{""item"":""http://dummyimage.com/121x100.png/cc0000/ffffff""},{""item"":""http://dummyimage.com/112x100.png/cc0000/ffffff""},{""item"":""http://dummyimage.com/105x100.png/dddddd/000000""},{""item"":""http://dummyimage.com/108x100.png/ff4444/ffffff""},{""item"":""http://dummyimage.com/155x100.png/ff4444/ffffff""}]",88
89,Backpacking Tent,9008.12,Outdoor,Lightweight and durable tent for camping trips.,new,Murchison,paypal,name@email.com,false,1/11/2025,6/15/2022,"[{""item"":""http://dummyimage.com/142x100.png/ff4444/ffffff""},{""item"":""http://dummyimage.com/133x100.png/cc0000/ffffff""},{""item"":""http://dummyimage.com/215x100.png/5fa2dd/ffffff""},{""item"":""http://dummyimage.com/179x100.png/5fa2dd/ffffff""},{""item"":""http://dummyimage.com/101x100.png/ff4444/ffffff""},{""item"":""http://dummyimage.com/137x100.png/5fa2dd/ffffff""}]",89
90,Sculpting Kit,326.49,Art Supplies,Complete sculpting tools for artists.,used,Isabella,credit_card,(555) 123-9876,false,9/20/2025,12/13/2022,[],90
91,Stainless Steel Mixing Bowls,5344.11,Kitchen,Set of versatile mixing bowls for cooking.,new,Myrtle,paypal,(555) 123-9876,true,11/10/2021,9/20/2023,"[{""item"":""http://dummyimage.com/136x100.png/cc0000/ffffff""},{""item"":""http://dummyimage.com/169x100.png/ff4444/ffffff""},{""item"":""http://dummyimage.com/105x100.png/ff4444/ffffff""},{""item"":""http://dummyimage.com/106x100.png/cc0000/ffffff""},{""item"":""http://dummyimage.com/125x100.png/5fa2dd/ffffff""}]",91
92,Portable Massage Gun,9433.38,Health,Personal massager for muscle recovery.,new,Murchison,cash,t.user123,true,11/11/2022,6/25/2022,"[{""item"":""http://dummyimage.com/182x100.png/cc0000/ffffff""},{""item"":""http://dummyimage.com/133x100.png/dddddd/000000""}]",92
93,Spicy Tuna Salad,6918.65,Food - Seafood,"Ready-to-eat tuna salad with a spicy kick, perfect for sandwiches.",new,Myrtle,credit_card,name@email.com,false,3/4/2020,10/14/2024,[],93
94,Electric Meat Grinder,6160.1,Kitchen,Powerful grinder for making sausage and burgers at home.,used,Isabella,paypal,(555) 123-9876,true,8/27/2023,10/18/2023,"[{""item"":""http://dummyimage.com/237x100.png/ff4444/ffffff""},{""item"":""http://dummyimage.com/215x100.png/ff4444/ffffff""},{""item"":""http://dummyimage.com/160x100.png/dddddd/000000""},{""item"":""http://dummyimage.com/181x100.png/5fa2dd/ffffff""},{""item"":""http://dummyimage.com/158x100.png/dddddd/000000""}]",94
95,Cauliflower Pizza Crust,3740.87,Food - Frozen Foods,Healthy pizza crust made from cauliflower,used,Myrtle,credit_card,(555) 123-9876,false,8/5/2020,5/7/2020,"[{""item"":""http://dummyimage.com/209x100.png/ff4444/ffffff""}]",95
96,Grapes (red),207.98,Food - Produce,"Fresh seedless red grapes, perfect for snacking.",used,Myrtle,paypal,(555) 123-9876,false,5/28/2022,2/14/2025,"[{""item"":""http://dummyimage.com/122x100.png/ff4444/ffffff""},{""item"":""http://dummyimage.com/126x100.png/cc0000/ffffff""},{""item"":""http://dummyimage.com/176x100.png/ff4444/ffffff""},{""item"":""http://dummyimage.com/191x100.png/ff4444/ffffff""},{""item"":""http://dummyimage.com/230x100.png/ff4444/ffffff""},{""item"":""http://dummyimage.com/215x100.png/dddddd/000000""}]",96
97,Savory Oatmeal,6526.28,Food - Breakfast,Oatmeal made with savory spices and vegetables.,new,City-Vista,paypal,name@email.com,false,7/4/2025,11/19/2021,"[{""item"":""http://dummyimage.com/243x100.png/dddddd/000000""},{""item"":""http://dummyimage.com/128x100.png/dddddd/000000""},{""item"":""http://dummyimage.com/149x100.png/5fa2dd/ffffff""},{""item"":""http://dummyimage.com/213x100.png/dddddd/000000""},{""item"":""http://dummyimage.com/174x100.png/cc0000/ffffff""},{""item"":""http://dummyimage.com/166x100.png/dddddd/000000""}]",97
98,Gluten-Free Bread,9112.12,Food - Bakery,Soft and tasty gluten-free sandwich bread.,used,City-Vista,paypal,(555) 123-9876,true,11/30/2021,2/7/2021,"[{""item"":""http://dummyimage.com/214x100.png/cc0000/ffffff""},{""item"":""http://dummyimage.com/105x100.png/dddddd/000000""},{""item"":""http://dummyimage.com/195x100.png/cc0000/ffffff""}]",98
99,Electric Toothbrush Holder,3580.88,Health,Sanitary holder that ensures your toothbrush stays clean.,used,Isabella,cash,name@email.com,true,9/4/2024,5/13/2023,"[{""item"":""http://dummyimage.com/207x100.png/ff4444/ffffff""},{""item"":""http://dummyimage.com/110x100.png/dddddd/000000""},{""item"":""http://dummyimage.com/193x100.png/ff4444/ffffff""},{""item"":""http://dummyimage.com/222x100.png/ff4444/ffffff""}]",99
100,Maple Bacon Popcorn,2103.45,Food - Snacks,Savory popcorn flavored with maple syrup and bacon bits.,new,City-Vista,paypal,(555) 123-9876,false,6/1/2025,8/15/2021,"[{""item"":""http://dummyimage.com/172x100.png/ff4444/ffffff""},{""item"":""http://dummyimage.com/134x100.png/dddddd/000000""},{""item"":""http://dummyimage.com/228x100.png/dddddd/000000""},{""item"":""http://dummyimage.com/175x100.png/dddddd/000000""}]",100
101,Overnight Duffle Bag,368.74,Travel,Spacious duffle bag for weekend getaways.,new,City-Vista,credit_card,name@email.com,true,9/7/2023,3/14/2023,[],101
102,Vegan Tacos,3911.58,Food - Frozen Foods,Frozen vegan tacos filled with plant-based protein and spices.,used,City-Vista,credit_card,t.user123,true,2/16/2023,10/27/2023,"[{""item"":""http://dummyimage.com/242x100.png/ff4444/ffffff""},{""item"":""http://dummyimage.com/134x100.png/ff4444/ffffff""},{""item"":""http://dummyimage.com/134x100.png/ff4444/ffffff""}]",102
103,Graphic Tee,684.17,Clothing,Soft cotton graphic tee available in various designs.,new,Isabella,paypal,t.user123,false,4/4/2023,9/17/2024,"[{""item"":""http://dummyimage.com/129x100.png/dddddd/000000""},{""item"":""http://dummyimage.com/143x100.png/ff4444/ffffff""},{""item"":""http://dummyimage.com/225x100.png/dddddd/000000""}]",103
104,Insulated Lunch Box,2399.23,Kitchen,Durable lunch box designed to keep food fresh and cool.,used,City-Vista,credit_card,name@email.com,true,4/26/2024,3/19/2023,"[{""item"":""http://dummyimage.com/178x100.png/cc0000/ffffff""},{""item"":""http://dummyimage.com/148x100.png/dddddd/000000""},{""item"":""http://dummyimage.com/236x100.png/5fa2dd/ffffff""},{""item"":""http://dummyimage.com/142x100.png/dddddd/000000""},{""item"":""http://dummyimage.com/239x100.png/dddddd/000000""}]",104
105,Bicycle Lock,9814.69,Bicycles,Heavy-duty bicycle lock for security.,used,City-Vista,paypal,name@email.com,true,12/3/2021,5/5/2020,"[{""item"":""http://dummyimage.com/184x100.png/cc0000/ffffff""},{""item"":""http://dummyimage.com/247x100.png/cc0000/ffffff""},{""item"":""http://dummyimage.com/149x100.png/5fa2dd/ffffff""},{""item"":""http://dummyimage.com/173x100.png/ff4444/ffffff""}]",105
106,Wall Decals for Kids,1251.54,Home,Fun and colorful wall decals for children's rooms.,used,Myrtle,cash,t.user123,true,3/10/2022,2/12/2025,"[{""item"":""http://dummyimage.com/246x100.png/cc0000/ffffff""},{""item"":""http://dummyimage.com/159x100.png/5fa2dd/ffffff""},{""item"":""http://dummyimage.com/176x100.png/ff4444/ffffff""},{""item"":""http://dummyimage.com/150x100.png/ff4444/ffffff""},{""item"":""http://dummyimage.com/175x100.png/dddddd/000000""}]",106
107,Lemon Lime Sparkling Water,7122.49,Food - Beverages,Refreshing sparkling water with lemon and lime flavor,used,City-Vista,paypal,name@email.com,false,9/5/2024,1/12/2025,"[{""item"":""http://dummyimage.com/170x100.png/5fa2dd/ffffff""},{""item"":""http://dummyimage.com/176x100.png/dddddd/000000""},{""item"":""http://dummyimage.com/133x100.png/cc0000/ffffff""},{""item"":""http://dummyimage.com/200x100.png/ff4444/ffffff""},{""item"":""http://dummyimage.com/156x100.png/cc0000/ffffff""}]",107
108,Sweet Potato & Kale Hash,6935.22,Food - Prepared Foods,"Savory hash made with sweet potatoes and kale, a perfect side dish.",used,City-Vista,cash,(555) 123-9876,true,10/5/2024,12/2/2020,[],108
109,Italian Sausage Links,3176.66,Food - Meat & Poultry,Savory sausage links seasoned with Italian spices.,used,Isabella,cash,t.user123,false,7/9/2024,9/9/2023,"[{""item"":""http://dummyimage.com/237x100.png/cc0000/ffffff""},{""item"":""http://dummyimage.com/250x100.png/5fa2dd/ffffff""},{""item"":""http://dummyimage.com/163x100.png/ff4444/ffffff""},{""item"":""http://dummyimage.com/197x100.png/ff4444/ffffff""}]",109
110,Satin Slip Dress,1869.84,Clothing - Dresses,Luxurious satin slip dress for an elegant evening look.,used,City-Vista,credit_card,(555) 123-9876,false,6/16/2020,7/26/2024,"[{""item"":""http://dummyimage.com/140x100.png/cc0000/ffffff""},{""item"":""http://dummyimage.com/216x100.png/5fa2dd/ffffff""},{""item"":""http://dummyimage.com/198x100.png/5fa2dd/ffffff""},{""item"":""http://dummyimage.com/211x100.png/ff4444/ffffff""},{""item"":""http://dummyimage.com/230x100.png/cc0000/ffffff""}]",110
111,Wild Rice Pilaf,366.3,Food - Grains,"A mix of wild rice with herbs and spices, ready to serve.",used,Murchison,paypal,name@email.com,false,4/27/2021,12/28/2023,"[{""item"":""http://dummyimage.com/152x100.png/cc0000/ffffff""},{""item"":""http://dummyimage.com/178x100.png/dddddd/000000""},{""item"":""http://dummyimage.com/133x100.png/cc0000/ffffff""},{""item"":""http://dummyimage.com/133x100.png/ff4444/ffffff""},{""item"":""http://dummyimage.com/141x100.png/ff4444/ffffff""},{""item"":""http://dummyimage.com/239x100.png/dddddd/000000""}]",111
112,Fishing Tackle Box,4905.57,Outdoor,Organized tackle box for fishing gear.,used,Myrtle,cash,t.user123,true,1/28/2023,10/24/2020,"[{""item"":""http://dummyimage.com/249x100.png/dddddd/000000""},{""item"":""http://dummyimage.com/107x100.png/ff4444/ffffff""},{""item"":""http://dummyimage.com/170x100.png/5fa2dd/ffffff""}]",112
113,Sea Salt Caramel Popcorn,1514.66,Food - Snacks,"Sweet and salty popcorn with sea salt and caramel, a tasty treat.",used,Murchison,credit_card,t.user123,false,7/8/2023,10/25/2025,"[{""item"":""http://dummyimage.com/204x100.png/5fa2dd/ffffff""},{""item"":""http://dummyimage.com/105x100.png/ff4444/ffffff""},{""item"":""http://dummyimage.com/153x100.png/cc0000/ffffff""},{""item"":""http://dummyimage.com/121x100.png/5fa2dd/ffffff""},{""item"":""http://dummyimage.com/118x100.png/cc0000/ffffff""},{""item"":""http://dummyimage.com/216x100.png/dddddd/000000""}]",113
114,Cinnamon Sugar Tortilla Chips,5421.84,Food - Snacks,"Crispy chips with a sweet twist, perfect for dipping.",used,Isabella,cash,t.user123,false,1/31/2025,5/16/2023,"[{""item"":""http://dummyimage.com/230x100.png/ff4444/ffffff""},{""item"":""http://dummyimage.com/143x100.png/ff4444/ffffff""},{""item"":""http://dummyimage.com/214x100.png/cc0000/ffffff""},{""item"":""http://dummyimage.com/241x100.png/ff4444/ffffff""}]",114
115,Underwater Camera,2332.47,Photography,Waterproof camera for capturing underwater adventures.,used,Myrtle,credit_card,(555) 123-9876,true,3/24/2024,10/12/2025,"[{""item"":""http://dummyimage.com/220x100.png/ff4444/ffffff""}]",115
116,Dark Chocolate Bars,7256.87,Food - Snacks,"Rich dark chocolate bars, perfect for a sweet treat.",used,Murchison,cash,(555) 123-9876,true,1/9/2022,5/23/2023,"[{""item"":""http://dummyimage.com/161x100.png/ff4444/ffffff""}]",116
117,Peach Slices in Syrup,4115.86,Food - Canned Goods,"Sweet and tender peach slices preserved in syrup, great for desserts.",used,City-Vista,paypal,name@email.com,true,8/12/2022,6/22/2021,"[{""item"":""http://dummyimage.com/225x100.png/cc0000/ffffff""},{""item"":""http://dummyimage.com/174x100.png/cc0000/ffffff""},{""item"":""http://dummyimage.com/232x100.png/dddddd/000000""}]",117
118,Sesame Ginger Dressing,3295.62,Food - Condiments,"Tangy dressing perfect for salads and marinades, with sesame and ginger flavors.",new,Murchison,credit_card,(555) 123-9876,true,1/23/2024,8/19/2021,[],118
119,Gaming Mousepad,7976.02,Gaming,Oversized gaming mousepad with smooth surface.,used,Isabella,paypal,(555) 123-9876,false,1/6/2021,5/2/2022,"[{""item"":""http://dummyimage.com/153x100.png/ff4444/ffffff""},{""item"":""http://dummyimage.com/157x100.png/5fa2dd/ffffff""}]",119
120,LED Desk Lamp with USB Charging Port,4991.19,Office,Modern lamp featuring a USB port for convenient charging.,used,Murchison,cash,name@email.com,false,4/5/2022,4/19/2020,"[{""item"":""http://dummyimage.com/125x100.png/5fa2dd/ffffff""},{""item"":""http://dummyimage.com/132x100.png/ff4444/ffffff""},{""item"":""http://dummyimage.com/100x100.png/cc0000/ffffff""},{""item"":""http://dummyimage.com/230x100.png/dddddd/000000""}]",120
121,Kettle BBQ Grill,6572.44,Outdoor,Charcoal kettle grill perfect for backyard barbecues.,new,Murchison,cash,t.user123,false,2/20/2024,11/3/2024,"[{""item"":""http://dummyimage.com/169x100.png/dddddd/000000""},{""item"":""http://dummyimage.com/101x100.png/5fa2dd/ffffff""}]",121
122,Cacao Powder,1434.5,Food - Baking,Unsweetened cacao powder for baking and smoothies.,new,Myrtle,paypal,t.user123,true,2/21/2020,11/17/2024,"[{""item"":""http://dummyimage.com/104x100.png/dddddd/000000""},{""item"":""http://dummyimage.com/181x100.png/dddddd/000000""},{""item"":""http://dummyimage.com/134x100.png/dddddd/000000""},{""item"":""http://dummyimage.com/149x100.png/cc0000/ffffff""},{""item"":""http://dummyimage.com/175x100.png/dddddd/000000""},{""item"":""http://dummyimage.com/159x100.png/cc0000/ffffff""}]",122
123,Essential Oil Diffuser,5991.56,Health,Ultrasonic diffuser that helps create a calming atmosphere.,used,Isabella,credit_card,(555) 123-9876,false,7/5/2025,7/13/2020,"[{""item"":""http://dummyimage.com/222x100.png/cc0000/ffffff""},{""item"":""http://dummyimage.com/162x100.png/dddddd/000000""}]",123
124,Luxury Rolling Makeup Case,3817.2,Beauty,Stylish and spacious case for makeup and beauty products.,used,City-Vista,cash,t.user123,false,6/1/2020,11/24/2024,"[{""item"":""http://dummyimage.com/181x100.png/dddddd/000000""},{""item"":""http://dummyimage.com/157x100.png/cc0000/ffffff""},{""item"":""http://dummyimage.com/132x100.png/dddddd/000000""},{""item"":""http://dummyimage.com/152x100.png/cc0000/ffffff""},{""item"":""http://dummyimage.com/106x100.png/5fa2dd/ffffff""}]",124
125,Magnetic Spice Containers,156.62,Kitchen,Set of magnetic jars for convenient spice organization.,used,City-Vista,credit_card,name@email.com,true,9/1/2024,2/28/2021,"[{""item"":""http://dummyimage.com/174x100.png/cc0000/ffffff""},{""item"":""http://dummyimage.com/200x100.png/5fa2dd/ffffff""},{""item"":""http://dummyimage.com/101x100.png/cc0000/ffffff""},{""item"":""http://dummyimage.com/149x100.png/cc0000/ffffff""}]",125
126,LED Flashlight with Rechargeable Batteries,340.24,Outdoor,Bright flashlight with rechargeable batteries included.,used,Myrtle,cash,name@email.com,false,2/15/2020,7/18/2021,"[{""item"":""http://dummyimage.com/172x100.png/ff4444/ffffff""},{""item"":""http://dummyimage.com/133x100.png/ff4444/ffffff""}]",126
127,Almond Milk Yogurt,2784.06,Food - Dairy Alternatives,"Creamy yogurt made from almond milk, vegan-friendly.",used,Isabella,paypal,name@email.com,false,7/6/2023,2/6/2020,"[{""item"":""http://dummyimage.com/230x100.png/5fa2dd/ffffff""},{""item"":""http://dummyimage.com/146x100.png/5fa2dd/ffffff""},{""item"":""http://dummyimage.com/113x100.png/ff4444/ffffff""},{""item"":""http://dummyimage.com/234x100.png/ff4444/ffffff""},{""item"":""http://dummyimage.com/185x100.png/ff4444/ffffff""}]",127
128,Portable Campfire,3453.46,Outdoor,Compact campfire for grilling and warmth during camping trips.,new,Isabella,cash,t.user123,true,11/12/2023,6/11/2020,"[{""item"":""http://dummyimage.com/249x100.png/cc0000/ffffff""},{""item"":""http://dummyimage.com/206x100.png/dddddd/000000""}]",128
129,Kids' STEM Robotics Kit,7056.56,Toys,Educational robotics kit for building and programming.,new,Isabella,cash,t.user123,true,4/18/2024,8/6/2021,"[{""item"":""http://dummyimage.com/151x100.png/ff4444/ffffff""},{""item"":""http://dummyimage.com/189x100.png/ff4444/ffffff""},{""item"":""http://dummyimage.com/167x100.png/cc0000/ffffff""},{""item"":""http://dummyimage.com/157x100.png/dddddd/000000""},{""item"":""http://dummyimage.com/197x100.png/5fa2dd/ffffff""}]",129
130,Car Diagnostic Scanner,2782.34,Automotive,Tool to check car engine codes and performance issues.,new,City-Vista,credit_card,t.user123,false,5/28/2022,4/8/2023,[],130
131,Portable Pet Water Bottle,1913.78,Pets,Travel-friendly water bottle for pets on the go.,new,Myrtle,cash,t.user123,false,6/4/2021,8/13/2024,[],131
132,Balsamic Vinegar,5865.53,Food - Condiments,"Rich and tangy balsamic vinegar, perfect for dressings.",new,Isabella,paypal,(555) 123-9876,true,5/20/2021,2/10/2025,"[{""item"":""http://dummyimage.com/221x100.png/5fa2dd/ffffff""},{""item"":""http://dummyimage.com/113x100.png/5fa2dd/ffffff""},{""item"":""http://dummyimage.com/115x100.png/cc0000/ffffff""},{""item"":""http://dummyimage.com/174x100.png/dddddd/000000""}]",132
133,Matcha Green Tea Powder,7760.22,Food - Beverages,High-quality matcha for making traditional tea or lattes.,used,City-Vista,cash,t.user123,false,6/12/2021,9/1/2021,"[{""item"":""http://dummyimage.com/227x100.png/5fa2dd/ffffff""},{""item"":""http://dummyimage.com/154x100.png/dddddd/000000""},{""item"":""http://dummyimage.com/120x100.png/dddddd/000000""}]",133
134,Canned Coconut Milk,8609.5,Food - Canned Goods,"Rich coconut milk, great for cooking and baking.",used,City-Vista,cash,(555) 123-9876,true,3/26/2021,5/4/2022,[],134
135,Toilet Paper (12 rolls),9870.54,Food - Household,Soft and strong toilet paper for everyday use.,new,Myrtle,paypal,name@email.com,false,7/18/2021,9/11/2023,"[{""item"":""http://dummyimage.com/243x100.png/cc0000/ffffff""},{""item"":""http://dummyimage.com/100x100.png/5fa2dd/ffffff""},{""item"":""http://dummyimage.com/176x100.png/dddddd/000000""},{""item"":""http://dummyimage.com/133x100.png/ff4444/ffffff""}]",135
136,Mushrooms,3580.17,Food - Produce,"Fresh button mushrooms, great for cooking.",new,Isabella,paypal,t.user123,false,11/15/2025,4/11/2023,"[{""item"":""http://dummyimage.com/142x100.png/ff4444/ffffff""},{""item"":""http://dummyimage.com/153x100.png/ff4444/ffffff""},{""item"":""http://dummyimage.com/119x100.png/ff4444/ffffff""},{""item"":""http://dummyimage.com/143x100.png/cc0000/ffffff""},{""item"":""http://dummyimage.com/245x100.png/ff4444/ffffff""},{""item"":""http://dummyimage.com/144x100.png/cc0000/ffffff""}]",136
137,Handmade Soap Making Kit,4493.07,Crafts,Complete kit for crafting your own scented soaps.,new,City-Vista,credit_card,(555) 123-9876,false,12/23/2022,11/27/2022,"[{""item"":""http://dummyimage.com/192x100.png/dddddd/000000""},{""item"":""http://dummyimage.com/213x100.png/5fa2dd/ffffff""},{""item"":""http://dummyimage.com/217x100.png/ff4444/ffffff""}]",137
138,Mini Waffle Maker,872.35,Kitchen,Compact waffle maker for perfect small waffles.,used,City-Vista,credit_card,t.user123,true,2/5/2022,12/27/2021,"[{""item"":""http://dummyimage.com/115x100.png/5fa2dd/ffffff""},{""item"":""http://dummyimage.com/103x100.png/dddddd/000000""}]",138
139,Self-Inflating Camping Mattress,9488.79,Outdoor,Comfortable camping mattress that inflates automatically.,used,Myrtle,credit_card,(555) 123-9876,false,3/15/2024,7/18/2025,"[{""item"":""http://dummyimage.com/141x100.png/5fa2dd/ffffff""},{""item"":""http://dummyimage.com/216x100.png/cc0000/ffffff""}]",139
140,Lemon Herb Quinoa,1906.26,Food - Grains,"Fluffy quinoa mixed with lemon zest and herbs, a perfect side.",new,Murchison,cash,(555) 123-9876,false,5/30/2024,5/24/2022,"[{""item"":""http://dummyimage.com/205x100.png/5fa2dd/ffffff""},{""item"":""http://dummyimage.com/135x100.png/ff4444/ffffff""},{""item"":""http://dummyimage.com/230x100.png/ff4444/ffffff""}]",140
141,Spinach and Feta Wraps,6419.33,Food - Prepared Foods,Whole wheat wraps filled with spinach and feta cheese.,used,Murchison,cash,t.user123,false,1/6/2025,1/7/2023,"[{""item"":""http://dummyimage.com/225x100.png/dddddd/000000""}]",141
142,Himalayan Salt Grinder,3763.9,Food - Spices,"Natural pink salt, perfect for seasoning.",used,City-Vista,cash,(555) 123-9876,true,6/4/2021,12/22/2022,"[{""item"":""http://dummyimage.com/155x100.png/ff4444/ffffff""},{""item"":""http://dummyimage.com/241x100.png/dddddd/000000""}]",142
143,Sriracha Honey Glaze,7857.1,Food - Sauces,"A spicy glaze made with sriracha and honey, perfect for meats.",new,Isabella,cash,(555) 123-9876,true,6/28/2020,9/8/2022,"[{""item"":""http://dummyimage.com/149x100.png/ff4444/ffffff""},{""item"":""http://dummyimage.com/138x100.png/dddddd/000000""}]",143
144,Chiffon Blouse,9008.43,Clothing - Shirts,Elegant chiffon blouse perfect for work or outings.,used,Isabella,credit_card,t.user123,false,12/15/2025,7/16/2024,"[{""item"":""http://dummyimage.com/209x100.png/dddddd/000000""},{""item"":""http://dummyimage.com/155x100.png/dddddd/000000""},{""item"":""http://dummyimage.com/159x100.png/cc0000/ffffff""}]",144
145,Winter Insulated Jacket,288.67,Clothing,Warm and stylish jacket for cold weather.,used,Myrtle,credit_card,t.user123,false,2/9/2022,3/10/2020,"[{""item"":""http://dummyimage.com/118x100.png/cc0000/ffffff""},{""item"":""http://dummyimage.com/207x100.png/ff4444/ffffff""},{""item"":""http://dummyimage.com/129x100.png/dddddd/000000""},{""item"":""http://dummyimage.com/100x100.png/dddddd/000000""},{""item"":""http://dummyimage.com/205x100.png/cc0000/ffffff""},{""item"":""http://dummyimage.com/131x100.png/ff4444/ffffff""}]",145
146,Radish Chips,8800.16,Food - Snacks,"Crispy baked radish chips, a healthy snack alternative.",new,Isabella,cash,(555) 123-9876,false,10/6/2021,8/7/2025,[],146
147,Patterned Knit Scarf,7067.1,Clothing - Accessories,Add a pop of color with this stylish patterned knit scarf.,used,Myrtle,credit_card,t.user123,false,11/30/2023,5/11/2021,"[{""item"":""http://dummyimage.com/164x100.png/5fa2dd/ffffff""}]",147
148,Set of Herb Garden Markers,2478.83,Garden,Stylish markers for labeling your indoor garden plants.,used,City-Vista,paypal,(555) 123-9876,false,5/23/2023,11/22/2024,"[{""item"":""http://dummyimage.com/125x100.png/ff4444/ffffff""},{""item"":""http://dummyimage.com/243x100.png/ff4444/ffffff""},{""item"":""http://dummyimage.com/139x100.png/ff4444/ffffff""},{""item"":""http://dummyimage.com/125x100.png/ff4444/ffffff""},{""item"":""http://dummyimage.com/128x100.png/cc0000/ffffff""},{""item"":""http://dummyimage.com/197x100.png/dddddd/000000""}]",148
149,Classic Slim Fit Shirt,465.75,Clothing - Shirts,A tailored slim fit shirt for a polished look at work.,used,City-Vista,cash,(555) 123-9876,true,12/14/2022,12/17/2020,"[{""item"":""http://dummyimage.com/112x100.png/dddddd/000000""}]",149
150,Pecan Pie Filling,593.44,Food - Baking Goods,Sweet and nutty filling for delicious homemade pecan pie.,used,City-Vista,cash,t.user123,false,1/30/2025,2/9/2023,"[{""item"":""http://dummyimage.com/133x100.png/dddddd/000000""},{""item"":""http://dummyimage.com/224x100.png/cc0000/ffffff""}]",150
151,Bamboo Bathtub Caddy,944.23,Home,"Expandable caddy for holding books, phones, and snacks while in the bath.",new,Murchison,credit_card,(555) 123-9876,false,11/27/2024,1/4/2024,"[{""item"":""http://dummyimage.com/105x100.png/dddddd/000000""},{""item"":""http://dummyimage.com/225x100.png/5fa2dd/ffffff""},{""item"":""http://dummyimage.com/200x100.png/dddddd/000000""}]",151
152,Window A/C Unit,5772.4,Home Appliances,Energy-efficient window air conditioner for cooling.,new,Myrtle,paypal,name@email.com,true,5/25/2023,8/9/2022,"[{""item"":""http://dummyimage.com/129x100.png/5fa2dd/ffffff""},{""item"":""http://dummyimage.com/187x100.png/cc0000/ffffff""}]",152
153,Frozen Broccoli,1255.59,Food - Frozen,"Nutrient-rich broccoli, easy to add to any meal.",new,City-Vista,cash,(555) 123-9876,false,12/22/2025,5/11/2021,"[{""item"":""http://dummyimage.com/137x100.png/5fa2dd/ffffff""},{""item"":""http://dummyimage.com/165x100.png/dddddd/000000""},{""item"":""http://dummyimage.com/193x100.png/dddddd/000000""}]",153
154,Electric Pressure Cooker,7350.01,Kitchen,"Multi-function pressure cooker that can sauté, steam, and slow cook.",used,City-Vista,paypal,name@email.com,true,8/19/2024,4/4/2022,"[{""item"":""http://dummyimage.com/235x100.png/cc0000/ffffff""}]",154
155,Adjustable Dog Harness,6401.87,Pets,Comfortable and adjustable harness for dogs.,used,Myrtle,credit_card,t.user123,false,6/5/2022,2/19/2025,[],155
156,Cocktail Shaker and Mixing Glass Set,4475.42,Kitchen,Complete set for mixing cocktails at home.,new,Isabella,credit_card,name@email.com,true,1/16/2020,8/20/2024,"[{""item"":""http://dummyimage.com/181x100.png/dddddd/000000""},{""item"":""http://dummyimage.com/156x100.png/dddddd/000000""},{""item"":""http://dummyimage.com/120x100.png/ff4444/ffffff""},{""item"":""http://dummyimage.com/164x100.png/ff4444/ffffff""}]",156
157,Overnight Duffle Bag,1269.49,Travel,Spacious duffle bag for weekend getaways.,used,Myrtle,cash,name@email.com,true,4/11/2022,8/21/2024,"[{""item"":""http://dummyimage.com/223x100.png/ff4444/ffffff""},{""item"":""http://dummyimage.com/218x100.png/cc0000/ffffff""},{""item"":""http://dummyimage.com/197x100.png/ff4444/ffffff""}]",157
158,Smartphone Photography Tripod,4684.49,Electronics,Lightweight tripod designed for smartphone photography.,new,Myrtle,paypal,name@email.com,true,6/28/2021,2/6/2021,"[{""item"":""http://dummyimage.com/228x100.png/ff4444/ffffff""},{""item"":""http://dummyimage.com/105x100.png/ff4444/ffffff""},{""item"":""http://dummyimage.com/232x100.png/5fa2dd/ffffff""},{""item"":""http://dummyimage.com/211x100.png/dddddd/000000""},{""item"":""http://dummyimage.com/229x100.png/dddddd/000000""},{""item"":""http://dummyimage.com/174x100.png/cc0000/ffffff""}]",158
159,Wall-Mounted Bookshelf,9890.94,Home,Floating bookshelf to display your favorite books.,new,City-Vista,credit_card,(555) 123-9876,false,6/1/2021,1/25/2020,"[{""item"":""http://dummyimage.com/218x100.png/ff4444/ffffff""},{""item"":""http://dummyimage.com/166x100.png/5fa2dd/ffffff""},{""item"":""http://dummyimage.com/178x100.png/cc0000/ffffff""},{""item"":""http://dummyimage.com/210x100.png/ff4444/ffffff""},{""item"":""http://dummyimage.com/110x100.png/cc0000/ffffff""},{""item"":""http://dummyimage.com/243x100.png/5fa2dd/ffffff""}]",159
160,Portable Charger with Solar Panel,9831.77,Electronics,Eco-friendly charger with a built-in solar panel for outdoor use.,used,Myrtle,cash,t.user123,false,8/5/2024,12/21/2023,"[{""item"":""http://dummyimage.com/182x100.png/cc0000/ffffff""},{""item"":""http://dummyimage.com/112x100.png/cc0000/ffffff""},{""item"":""http://dummyimage.com/207x100.png/dddddd/000000""},{""item"":""http://dummyimage.com/143x100.png/ff4444/ffffff""}]",160
161,Chickpea Flour,2266.17,Food - Baking,"Gluten-free flour made from ground chickpeas, great for cooking.",used,Isabella,credit_card,(555) 123-9876,true,8/16/2022,10/20/2024,"[{""item"":""http://dummyimage.com/105x100.png/5fa2dd/ffffff""}]",161
162,Garlic Butter Sauce,2905.11,Food - Condiments,A rich sauce perfect for pasta or drizzling over vegetables.,used,Isabella,credit_card,name@email.com,false,4/18/2021,9/28/2023,"[{""item"":""http://dummyimage.com/134x100.png/dddddd/000000""},{""item"":""http://dummyimage.com/123x100.png/5fa2dd/ffffff""},{""item"":""http://dummyimage.com/123x100.png/cc0000/ffffff""},{""item"":""http://dummyimage.com/168x100.png/5fa2dd/ffffff""},{""item"":""http://dummyimage.com/186x100.png/cc0000/ffffff""}]",162
163,Home Karaoke System,8303.73,Audio,Complete karaoke system with microphones and speakers.,used,Myrtle,paypal,(555) 123-9876,false,6/16/2022,11/16/2023,"[{""item"":""http://dummyimage.com/141x100.png/dddddd/000000""},{""item"":""http://dummyimage.com/140x100.png/dddddd/000000""},{""item"":""http://dummyimage.com/176x100.png/cc0000/ffffff""}]",163
164,Organic Coconut Oil,1285.38,Food - Oils,"Cold-pressed coconut oil, perfect for cooking, baking, or skin care.",used,City-Vista,credit_card,(555) 123-9876,false,3/12/2021,2/22/2021,"[{""item"":""http://dummyimage.com/173x100.png/dddddd/000000""},{""item"":""http://dummyimage.com/160x100.png/ff4444/ffffff""},{""item"":""http://dummyimage.com/175x100.png/5fa2dd/ffffff""},{""item"":""http://dummyimage.com/218x100.png/ff4444/ffffff""}]",164
165,Classic BBQ Sauce,8672.16,Food - Condiments,Smoky and sweet BBQ sauce for grilling and dipping.,new,Murchison,credit_card,name@email.com,false,8/27/2023,6/5/2024,"[{""item"":""http://dummyimage.com/154x100.png/5fa2dd/ffffff""},{""item"":""http://dummyimage.com/129x100.png/ff4444/ffffff""},{""item"":""http://dummyimage.com/222x100.png/5fa2dd/ffffff""},{""item"":""http://dummyimage.com/249x100.png/5fa2dd/ffffff""},{""item"":""http://dummyimage.com/124x100.png/dddddd/000000""},{""item"":""http://dummyimage.com/137x100.png/cc0000/ffffff""}]",165
166,Compact Hair Dryer,2202.81,Beauty,Lightweight hair dryer with multiple speed settings.,new,Murchison,cash,name@email.com,true,5/5/2025,4/8/2023,"[{""item"":""http://dummyimage.com/238x100.png/dddddd/000000""}]",166
167,Wireless HDMI Receiver,3302.68,Electronics,Stream HD video wirelessly from devices to TV.,used,Murchison,cash,t.user123,false,2/19/2021,3/23/2023,"[{""item"":""http://dummyimage.com/240x100.png/5fa2dd/ffffff""},{""item"":""http://dummyimage.com/197x100.png/ff4444/ffffff""}]",167
168,Graphic Sweatshirt,4608.78,Clothing - Tops,A comfortable sweatshirt featuring a bold graphic print.,used,Murchison,credit_card,t.user123,true,5/15/2023,1/31/2023,"[{""item"":""http://dummyimage.com/175x100.png/dddddd/000000""},{""item"":""http://dummyimage.com/106x100.png/cc0000/ffffff""},{""item"":""http://dummyimage.com/203x100.png/cc0000/ffffff""},{""item"":""http://dummyimage.com/148x100.png/ff4444/ffffff""},{""item"":""http://dummyimage.com/222x100.png/5fa2dd/ffffff""}]",168
169,Multi-Functional Rice Cooker,816.79,Kitchen,Electric rice cooker with multiple cooking settings for perfect rice.,new,Murchison,credit_card,name@email.com,true,12/17/2020,12/1/2024,[],169
170,Frozen Cauliflower Rice,7850.16,Food - Frozen Foods,Convenient and low-carb alternative to traditional rice.,new,Isabella,cash,name@email.com,true,5/8/2020,12/7/2025,"[{""item"":""http://dummyimage.com/142x100.png/5fa2dd/ffffff""}]",170
171,Classic White T-Shirt,6701.3,Clothing - Tops,A timeless wardrobe staple crafted from soft cotton with a perfect fit.,used,Murchison,paypal,name@email.com,false,10/20/2020,12/6/2020,"[{""item"":""http://dummyimage.com/213x100.png/cc0000/ffffff""},{""item"":""http://dummyimage.com/232x100.png/dddddd/000000""}]",171
172,Jump Rope with Counter,8563.16,Fitness,Durable jump rope with built-in counter for workouts.,new,City-Vista,paypal,name@email.com,false,10/8/2022,3/24/2020,[],172
173,Cocktail Shaker Set,3489.78,Kitchen,"Bartender kit with shaker, jigger, and strainer.",new,Myrtle,paypal,t.user123,true,9/22/2025,5/17/2021,"[{""item"":""http://dummyimage.com/225x100.png/ff4444/ffffff""},{""item"":""http://dummyimage.com/192x100.png/cc0000/ffffff""}]",173
174,Tea Set with Infuser,7244.1,Kitchen,Elegant tea set that includes an infuser for brewing.,new,Murchison,paypal,name@email.com,false,8/5/2020,8/20/2021,"[{""item"":""http://dummyimage.com/236x100.png/5fa2dd/ffffff""},{""item"":""http://dummyimage.com/154x100.png/dddddd/000000""},{""item"":""http://dummyimage.com/114x100.png/dddddd/000000""},{""item"":""http://dummyimage.com/238x100.png/dddddd/000000""},{""item"":""http://dummyimage.com/149x100.png/5fa2dd/ffffff""}]",174
175,Cotton Quilted Throw Blanket,9012.38,Home,Cozy throw blanket perfect for adding warmth to your home.,new,Murchison,credit_card,(555) 123-9876,false,7/29/2021,6/3/2021,"[{""item"":""http://dummyimage.com/186x100.png/5fa2dd/ffffff""}]",175
176,Fall-Themed Table Runner,1167.0,Home,Decorative table runner perfect for autumn gatherings.,new,Myrtle,credit_card,(555) 123-9876,false,10/18/2022,11/29/2025,[],176
177,Chili Lime Seasoning,6064.73,Food - Spices,Zesty seasoning great for tacos and grilling.,used,Murchison,paypal,(555) 123-9876,false,9/20/2025,3/8/2021,"[{""item"":""http://dummyimage.com/240x100.png/5fa2dd/ffffff""},{""item"":""http://dummyimage.com/227x100.png/ff4444/ffffff""}]",177
178,Eggs (dozen),9195.87,Food - Dairy,"Farm fresh eggs, essential for breakfast.",used,Isabella,paypal,name@email.com,true,5/22/2020,11/18/2022,"[{""item"":""http://dummyimage.com/229x100.png/dddddd/000000""},{""item"":""http://dummyimage.com/159x100.png/5fa2dd/ffffff""},{""item"":""http://dummyimage.com/212x100.png/cc0000/ffffff""},{""item"":""http://dummyimage.com/242x100.png/cc0000/ffffff""},{""item"":""http://dummyimage.com/106x100.png/cc0000/ffffff""}]",178
179,Savory Italian Herbs,4299.27,Food - Spices,A blend of dried Italian herbs for cooking.,used,Isabella,credit_card,name@email.com,false,11/16/2024,8/25/2024,"[{""item"":""http://dummyimage.com/226x100.png/dddddd/000000""},{""item"":""http://dummyimage.com/217x100.png/5fa2dd/ffffff""},{""item"":""http://dummyimage.com/153x100.png/ff4444/ffffff""},{""item"":""http://dummyimage.com/169x100.png/cc0000/ffffff""},{""item"":""http://dummyimage.com/140x100.png/5fa2dd/ffffff""}]",179
180,Inflatable Party Cooler,7653.96,Outdoor,Fun inflatable cooler to keep drinks cold at parties.,used,City-Vista,cash,name@email.com,true,8/17/2023,7/22/2025,"[{""item"":""http://dummyimage.com/101x100.png/dddddd/000000""},{""item"":""http://dummyimage.com/195x100.png/cc0000/ffffff""},{""item"":""http://dummyimage.com/221x100.png/ff4444/ffffff""},{""item"":""http://dummyimage.com/102x100.png/5fa2dd/ffffff""},{""item"":""http://dummyimage.com/120x100.png/cc0000/ffffff""},{""item"":""http://dummyimage.com/116x100.png/dddddd/000000""}]",180
181,Applewood Smoked Bacon,695.09,Food - Meat,Delicious bacon with a rich applewood smoked flavor.,used,Myrtle,credit_card,name@email.com,true,1/24/2021,2/19/2022,"[{""item"":""http://dummyimage.com/164x100.png/dddddd/000000""},{""item"":""http://dummyimage.com/137x100.png/cc0000/ffffff""},{""item"":""http://dummyimage.com/216x100.png/ff4444/ffffff""},{""item"":""http://dummyimage.com/205x100.png/5fa2dd/ffffff""},{""item"":""http://dummyimage.com/136x100.png/5fa2dd/ffffff""},{""item"":""http://dummyimage.com/103x100.png/dddddd/000000""}]",181
182,Ski Goggles,5682.07,Sports,Anti-fog ski goggles for winter sports.,used,Isabella,credit_card,t.user123,false,7/7/2020,12/27/2020,"[{""item"":""http://dummyimage.com/202x100.png/cc0000/ffffff""},{""item"":""http://dummyimage.com/194x100.png/5fa2dd/ffffff""},{""item"":""http://dummyimage.com/217x100.png/5fa2dd/ffffff""}]",182
183,Vegan Chickpea Salad,8035.17,Food - Prepared Foods,"Healthy salad made with chickpeas, vegetables, and a lemon dressing.",used,Murchison,cash,t.user123,true,5/10/2024,8/14/2024,"[{""item"":""http://dummyimage.com/221x100.png/ff4444/ffffff""},{""item"":""http://dummyimage.com/115x100.png/ff4444/ffffff""},{""item"":""http://dummyimage.com/160x100.png/cc0000/ffffff""},{""item"":""http://dummyimage.com/226x100.png/5fa2dd/ffffff""},{""item"":""http://dummyimage.com/136x100.png/ff4444/ffffff""}]",183
184,Poppy Seed Dressing,5867.85,Food - Condiments,"A light and tangy dressing with poppy seeds, perfect for salads.",used,City-Vista,paypal,(555) 123-9876,false,4/16/2025,5/26/2024,"[{""item"":""http://dummyimage.com/143x100.png/5fa2dd/ffffff""},{""item"":""http://dummyimage.com/145x100.png/5fa2dd/ffffff""},{""item"":""http://dummyimage.com/151x100.png/5fa2dd/ffffff""},{""item"":""http://dummyimage.com/117x100.png/cc0000/ffffff""},{""item"":""http://dummyimage.com/158x100.png/cc0000/ffffff""},{""item"":""http://dummyimage.com/233x100.png/ff4444/ffffff""}]",184
185,Dark Chocolate Tart,1898.16,Food - Desserts,Decadent tart made with rich dark chocolate.,new,Isabella,credit_card,name@email.com,false,11/22/2023,8/20/2020,"[{""item"":""http://dummyimage.com/203x100.png/5fa2dd/ffffff""},{""item"":""http://dummyimage.com/187x100.png/ff4444/ffffff""},{""item"":""http://dummyimage.com/181x100.png/cc0000/ffffff""}]",185
186,Pet Leash,3620.84,Pets,Durable pet leash with comfortable handle.,used,Isabella,paypal,name@email.com,false,10/10/2023,10/12/2023,"[{""item"":""http://dummyimage.com/160x100.png/5fa2dd/ffffff""},{""item"":""http://dummyimage.com/153x100.png/5fa2dd/ffffff""},{""item"":""http://dummyimage.com/101x100.png/dddddd/000000""},{""item"":""http://dummyimage.com/135x100.png/cc0000/ffffff""},{""item"":""http://dummyimage.com/131x100.png/cc0000/ffffff""},{""item"":""http://dummyimage.com/186x100.png/ff4444/ffffff""}]",186
187,Mushroom Soup (canned),6964.46,Food - Canned Goods,Creamy soup full of rich mushroom flavor.,new,City-Vista,paypal,(555) 123-9876,true,3/17/2020,8/29/2021,"[{""item"":""http://dummyimage.com/177x100.png/dddddd/000000""}]",187
188,Sweet Potatoes,9549.6,Food - Produce,"Sweet and nutritious potatoes, great for roasting.",new,Murchison,cash,(555) 123-9876,true,10/19/2021,1/23/2023,[],188
189,Basic V-Neck T-Shirt,7766.78,Clothing - Tops,A staple v-neck t-shirt that pairs well with anything.,new,Murchison,paypal,name@email.com,true,1/15/2025,2/4/2024,"[{""item"":""http://dummyimage.com/121x100.png/cc0000/ffffff""},{""item"":""http://dummyimage.com/128x100.png/ff4444/ffffff""},{""item"":""http://dummyimage.com/203x100.png/dddddd/000000""},{""item"":""http://dummyimage.com/107x100.png/ff4444/ffffff""},{""item"":""http://dummyimage.com/160x100.png/5fa2dd/ffffff""}]",189
190,Handcrafted Wooden Coasters,9531.27,Home,Set of unique wooden coasters for drinks and decor.,used,City-Vista,cash,name@email.com,false,9/13/2023,12/23/2024,"[{""item"":""http://dummyimage.com/125x100.png/dddddd/000000""},{""item"":""http://dummyimage.com/117x100.png/dddddd/000000""},{""item"":""http://dummyimage.com/196x100.png/cc0000/ffffff""},{""item"":""http://dummyimage.com/155x100.png/5fa2dd/ffffff""},{""item"":""http://dummyimage.com/171x100.png/dddddd/000000""},{""item"":""http://dummyimage.com/115x100.png/5fa2dd/ffffff""}]",190
191,Italian Sausage and Peppers,6673.92,Food - Meat,A flavorful blend of Italian sausage with sautéed peppers and onions.,new,Isabella,cash,(555) 123-9876,false,4/14/2021,8/3/2024,"[{""item"":""http://dummyimage.com/134x100.png/cc0000/ffffff""}]",191
192,Kids' Dinosaur-Themed Lunchbox,7439.53,Accessories,Fun lunchbox for kids with a sturdy design.,used,Isabella,credit_card,(555) 123-9876,false,5/31/2024,12/8/2021,"[{""item"":""http://dummyimage.com/130x100.png/5fa2dd/ffffff""},{""item"":""http://dummyimage.com/197x100.png/cc0000/ffffff""}]",192
193,Pecan Pie Filling,1215.18,Food - Baking Goods,Sweet and nutty filling for delicious homemade pecan pie.,new,Murchison,paypal,(555) 123-9876,true,1/4/2020,12/24/2021,[],193
194,Vanilla Bean Greek Yogurt,321.39,Food - Dairy,Smooth Greek yogurt infused with vanilla bean flavor.,new,City-Vista,paypal,t.user123,false,9/5/2025,10/11/2024,"[{""item"":""http://dummyimage.com/229x100.png/cc0000/ffffff""},{""item"":""http://dummyimage.com/184x100.png/dddddd/000000""},{""item"":""http://dummyimage.com/154x100.png/dddddd/000000""},{""item"":""http://dummyimage.com/111x100.png/ff4444/ffffff""}]",194
195,Marinara Parmesan Baked Ziti,5545.55,Food - Frozen Meals,Ziti pasta baked with marinara and parmesan cheese,new,Isabella,credit_card,(555) 123-9876,true,12/7/2020,2/5/2021,"[{""item"":""http://dummyimage.com/149x100.png/cc0000/ffffff""},{""item"":""http://dummyimage.com/107x100.png/ff4444/ffffff""},{""item"":""http://dummyimage.com/239x100.png/ff4444/ffffff""},{""item"":""http://dummyimage.com/173x100.png/cc0000/ffffff""}]",195
196,Almond Milk,1620.47,Food - Dairy,"Deliciously creamy almond milk, perfect for smoothies.",used,Myrtle,credit_card,(555) 123-9876,true,7/26/2023,9/24/2021,"[{""item"":""http://dummyimage.com/153x100.png/5fa2dd/ffffff""},{""item"":""http://dummyimage.com/218x100.png/5fa2dd/ffffff""}]",196
197,Plant Watering Spikes,7856.1,Garden,Automatic watering devices for potted plants.,new,City-Vista,paypal,(555) 123-9876,true,8/16/2023,4/16/2025,"[{""item"":""http://dummyimage.com/201x100.png/dddddd/000000""},{""item"":""http://dummyimage.com/197x100.png/dddddd/000000""},{""item"":""http://dummyimage.com/174x100.png/cc0000/ffffff""},{""item"":""http://dummyimage.com/216x100.png/dddddd/000000""}]",197
198,Butternut Squash Soup,6038.68,Food - Soups,"Creamy and delicious soup made with real butternut squash, ready to heat.",used,City-Vista,paypal,(555) 123-9876,true,1/31/2020,7/1/2024,"[{""item"":""http://dummyimage.com/129x100.png/5fa2dd/ffffff""}]",198
199,Vegan Chocolate Cake Mix,5376.32,Food - Baking,Plant-based mix for a rich chocolate cake.,new,Myrtle,credit_card,t.user123,true,1/20/2023,4/30/2023,"[{""item"":""http://dummyimage.com/195x100.png/cc0000/ffffff""}]",199
200,Colorful Post-It Notes Set,9586.88,Office,Variety pack of sticky notes in different colors and sizes.,used,City-Vista,cash,name@email.com,true,3/23/2021,6/1/2024,"[{""item"":""http://dummyimage.com/169x100.png/5fa2dd/ffffff""},{""item"":""http://dummyimage.com/187x100.png/ff4444/ffffff""},{""item"":""http://dummyimage.com/247x100.png/cc0000/ffffff""}]",200
201,Non-Stick Grill Pan,5275.8,Kitchen,Heavy-duty grill pan for indoor grilling.,used,City-Vista,credit_card,(555) 123-9876,false,8/2/2024,12/10/2021,"[{""item"":""http://dummyimage.com/136x100.png/5fa2dd/ffffff""},{""item"":""http://dummyimage.com/204x100.png/5fa2dd/ffffff""},{""item"":""http://dummyimage.com/233x100.png/5fa2dd/ffffff""}]",201
202,Travel Pillow with Memory Foam,36.47,Travel,Ergonomically designed neck pillow for comfortable travel.,new,City-Vista,paypal,(555) 123-9876,false,4/21/2025,3/16/2023,"[{""item"":""http://dummyimage.com/239x100.png/dddddd/000000""},{""item"":""http://dummyimage.com/234x100.png/ff4444/ffffff""},{""item"":""http://dummyimage.com/114x100.png/ff4444/ffffff""},{""item"":""http://dummyimage.com/223x100.png/ff4444/ffffff""},{""item"":""http://dummyimage.com/177x100.png/5fa2dd/ffffff""},{""item"":""http://dummyimage.com/136x100.png/5fa2dd/ffffff""}]",202
203,Nut Mix,3780.49,Food - Snacks,A blend of mixed nuts for snacking.,new,Murchison,cash,name@email.com,false,4/19/2022,7/16/2024,"[{""item"":""http://dummyimage.com/233x100.png/ff4444/ffffff""}]",203
204,Classic Baseball Cap,2664.49,Clothing - Accessories,A timeless baseball cap that adds a sporty touch to any outfit.,new,Murchison,credit_card,t.user123,true,12/17/2025,6/27/2022,"[{""item"":""http://dummyimage.com/163x100.png/dddddd/000000""},{""item"":""http://dummyimage.com/208x100.png/ff4444/ffffff""}]",204
205,Frozen Salmon Filets,2776.44,Food - Seafood,"Wild-caught salmon filets, perfect for grilling or baking.",new,Isabella,cash,(555) 123-9876,false,9/24/2021,12/6/2024,[],205
206,Balsamic Salad Dressing,2100.56,Food - Deli,"Tangy and sweet balsamic dressing, perfect for salads.",new,Isabella,paypal,name@email.com,false,4/1/2023,2/14/2022,"[{""item"":""http://dummyimage.com/116x100.png/dddddd/000000""},{""item"":""http://dummyimage.com/195x100.png/5fa2dd/ffffff""},{""item"":""http://dummyimage.com/190x100.png/dddddd/000000""},{""item"":""http://dummyimage.com/186x100.png/ff4444/ffffff""}]",206
207,Veggie Chips Variety Pack,8454.24,Food - Snacks,A colorful variety of crunchy veggie chips for snacking.,used,City-Vista,paypal,name@email.com,true,1/17/2024,10/21/2020,"[{""item"":""http://dummyimage.com/111x100.png/5fa2dd/ffffff""}]",207
208,Mini Air Purifier,6768.66,Health,Battery-operated air purifier for small spaces.,new,Myrtle,credit_card,t.user123,true,5/24/2022,3/25/2023,"[{""item"":""http://dummyimage.com/103x100.png/ff4444/ffffff""},{""item"":""http://dummyimage.com/212x100.png/5fa2dd/ffffff""}]",208
209,Measuring Cups Set,2186.62,Kitchen,Stackable measuring cups made from stainless steel.,used,Isabella,credit_card,t.user123,false,10/3/2025,5/5/2024,"[{""item"":""http://dummyimage.com/164x100.png/5fa2dd/ffffff""},{""item"":""http://dummyimage.com/172x100.png/ff4444/ffffff""},{""item"":""http://dummyimage.com/240x100.png/cc0000/ffffff""},{""item"":""http://dummyimage.com/212x100.png/ff4444/ffffff""}]",209
210,Foldable Yoga Mat Carry Bag,3249.38,Fitness,Durable bag for carrying your yoga mat and accessories.,new,Myrtle,cash,name@email.com,true,6/21/2024,7/3/2024,"[{""item"":""http://dummyimage.com/181x100.png/dddddd/000000""},{""item"":""http://dummyimage.com/200x100.png/dddddd/000000""},{""item"":""http://dummyimage.com/140x100.png/ff4444/ffffff""},{""item"":""http://dummyimage.com/213x100.png/5fa2dd/ffffff""}]",210
211,Customizable Wall Calendar,9247.0,Office,Personalize your calendar with photos and special dates.,new,Isabella,paypal,name@email.com,false,1/20/2023,12/1/2025,"[{""item"":""http://dummyimage.com/208x100.png/dddddd/000000""},{""item"":""http://dummyimage.com/143x100.png/cc0000/ffffff""},{""item"":""http://dummyimage.com/151x100.png/ff4444/ffffff""},{""item"":""http://dummyimage.com/122x100.png/ff4444/ffffff""},{""item"":""http://dummyimage.com/190x100.png/ff4444/ffffff""},{""item"":""http://dummyimage.com/158x100.png/5fa2dd/ffffff""}]",211
212,Plaid Flannel Shirt,3332.49,Clothing - Tops,"Soft flannel shirt with a timeless plaid pattern, perfect for layering.",used,Isabella,paypal,name@email.com,false,7/26/2025,12/8/2021,"[{""item"":""http://dummyimage.com/233x100.png/ff4444/ffffff""},{""item"":""http://dummyimage.com/156x100.png/5fa2dd/ffffff""},{""item"":""http://dummyimage.com/250x100.png/ff4444/ffffff""},{""item"":""http://dummyimage.com/227x100.png/ff4444/ffffff""},{""item"":""http://dummyimage.com/228x100.png/cc0000/ffffff""},{""item"":""http://dummyimage.com/184x100.png/dddddd/000000""}]",212
213,Fashionable Belt Bag,3421.8,Accessories,Trendy belt bag for hands-free carrying.,used,Murchison,credit_card,name@email.com,false,7/31/2020,6/30/2024,"[{""item"":""http://dummyimage.com/202x100.png/ff4444/ffffff""},{""item"":""http://dummyimage.com/154x100.png/5fa2dd/ffffff""},{""item"":""http://dummyimage.com/190x100.png/cc0000/ffffff""}]",213
214,Children's Backpack,5294.68,Accessories,Stylish and functional backpack for school or trips.,used,Murchison,paypal,name@email.com,true,8/2/2022,5/18/2024,"[{""item"":""http://dummyimage.com/167x100.png/5fa2dd/ffffff""},{""item"":""http://dummyimage.com/159x100.png/dddddd/000000""},{""item"":""http://dummyimage.com/194x100.png/dddddd/000000""}]",214
215,Car Emergency Kit,819.94,Automotive,Comprehensive emergency kit for roadside assistance.,new,Isabella,cash,t.user123,false,9/30/2025,9/13/2023,"[{""item"":""http://dummyimage.com/235x100.png/ff4444/ffffff""},{""item"":""http://dummyimage.com/149x100.png/5fa2dd/ffffff""}]",215
216,Digital Voice Recorder,2075.8,Electronics,High-quality voice recorder for lectures and meetings.,used,Isabella,paypal,(555) 123-9876,true,8/18/2020,2/1/2022,"[{""item"":""http://dummyimage.com/103x100.png/5fa2dd/ffffff""}]",216
217,Ceramic Cookware Set,7009.52,Kitchen,Durable and non-stick ceramic cookware for healthy cooking.,new,Myrtle,credit_card,(555) 123-9876,true,9/18/2022,7/8/2022,"[{""item"":""http://dummyimage.com/120x100.png/cc0000/ffffff""},{""item"":""http://dummyimage.com/248x100.png/ff4444/ffffff""},{""item"":""http://dummyimage.com/199x100.png/dddddd/000000""},{""item"":""http://dummyimage.com/244x100.png/5fa2dd/ffffff""},{""item"":""http://dummyimage.com/221x100.png/dddddd/000000""}]",217
218,Peanut Butter Chocolate Chip Bars,7173.71,Food - Snacks,Chewy bars made with peanut butter and chocolate chips.,new,Myrtle,paypal,name@email.com,false,5/23/2024,2/27/2024,"[{""item"":""http://dummyimage.com/161x100.png/5fa2dd/ffffff""},{""item"":""http://dummyimage.com/241x100.png/dddddd/000000""},{""item"":""http://dummyimage.com/149x100.png/5fa2dd/ffffff""}]",218
219,Classic Caesar Dressing,7723.3,Food - Condiments,Rich and creamy Caesar dressing for salads and wraps.,used,Murchison,cash,name@email.com,false,1/23/2025,7/20/2021,"[{""item"":""http://dummyimage.com/215x100.png/5fa2dd/ffffff""},{""item"":""http://dummyimage.com/247x100.png/ff4444/ffffff""},{""item"":""http://dummyimage.com/105x100.png/dddddd/000000""},{""item"":""http://dummyimage.com/233x100.png/cc0000/ffffff""},{""item"":""http://dummyimage.com/124x100.png/cc0000/ffffff""},{""item"":""http://dummyimage.com/151x100.png/cc0000/ffffff""}]",219
220,Natural Soy Candles,5405.93,Home,Eco-friendly soy candles with a variety of scents.,used,Myrtle,paypal,(555) 123-9876,true,2/8/2024,9/5/2024,"[{""item"":""http://dummyimage.com/130x100.png/ff4444/ffffff""},{""item"":""http://dummyimage.com/201x100.png/5fa2dd/ffffff""},{""item"":""http://dummyimage.com/241x100.png/cc0000/ffffff""},{""item"":""http://dummyimage.com/186x100.png/5fa2dd/ffffff""},{""item"":""http://dummyimage.com/109x100.png/dddddd/000000""}]",220
221,Crispy Tofu Bites,2550.0,Food - Protein,"Crispy on the outside, tender on the inside, perfect for stir-fries or salads.",used,Myrtle,paypal,(555) 123-9876,true,9/5/2021,4/24/2022,"[{""item"":""http://dummyimage.com/192x100.png/ff4444/ffffff""},{""item"":""http://dummyimage.com/187x100.png/dddddd/000000""}]",221
222,Buffalo Chicken Wraps,8544.98,Food - Prepared Meals,Savory wraps with buffalo chicken and fresh vegetables.,new,Myrtle,paypal,name@email.com,false,8/23/2022,10/13/2024,"[{""item"":""http://dummyimage.com/215x100.png/dddddd/000000""},{""item"":""http://dummyimage.com/164x100.png/cc0000/ffffff""},{""item"":""http://dummyimage.com/198x100.png/dddddd/000000""},{""item"":""http://dummyimage.com/102x100.png/5fa2dd/ffffff""},{""item"":""http://dummyimage.com/248x100.png/cc0000/ffffff""}]",222
223,Beef Tacos,9558.82,Food - Meat,"Pre-seasoned beef mix for delicious tacos, just heat and serve.",used,Isabella,cash,name@email.com,true,12/25/2020,8/18/2020,"[{""item"":""http://dummyimage.com/193x100.png/dddddd/000000""},{""item"":""http://dummyimage.com/130x100.png/dddddd/000000""},{""item"":""http://dummyimage.com/105x100.png/5fa2dd/ffffff""},{""item"":""http://dummyimage.com/142x100.png/ff4444/ffffff""},{""item"":""http://dummyimage.com/189x100.png/cc0000/ffffff""}]",223
224,Kale and Quinoa Salad,1217.91,Food - Salads,"A nutritious salad with kale, quinoa, and a zesty lemon dressing.",used,Isabella,paypal,(555) 123-9876,true,10/29/2025,11/30/2020,"[{""item"":""http://dummyimage.com/227x100.png/ff4444/ffffff""},{""item"":""http://dummyimage.com/237x100.png/5fa2dd/ffffff""},{""item"":""http://dummyimage.com/248x100.png/cc0000/ffffff""},{""item"":""http://dummyimage.com/143x100.png/ff4444/ffffff""}]",224
225,Organic Green Apples,6159.87,Food - Produce,"Fresh and tart organic green apples, great for snacking or baking.",used,City-Vista,credit_card,t.user123,false,3/23/2021,10/26/2023,[],225
226,Toilet Paper (12 rolls),692.06,Food - Household,Soft and strong toilet paper for everyday use.,new,Myrtle,cash,t.user123,true,9/7/2020,11/6/2022,"[{""item"":""http://dummyimage.com/239x100.png/cc0000/ffffff""},{""item"":""http://dummyimage.com/215x100.png/dddddd/000000""},{""item"":""http://dummyimage.com/110x100.png/5fa2dd/ffffff""},{""item"":""http://dummyimage.com/193x100.png/cc0000/ffffff""},{""item"":""http://dummyimage.com/239x100.png/cc0000/ffffff""}]",226
227,Fleece Throw Blanket,7265.73,Home,"Super soft fleece blanket, perfect for coziness.",new,Murchison,credit_card,t.user123,true,6/8/2021,10/7/2021,"[{""item"":""http://dummyimage.com/156x100.png/dddddd/000000""},{""item"":""http://dummyimage.com/173x100.png/dddddd/000000""}]",227
228,Cereal Dispenser with Portion Control,8596.65,Kitchen,Maintain freshness and dispense cereal easily.,new,Isabella,paypal,(555) 123-9876,true,4/3/2024,11/26/2022,"[{""item"":""http://dummyimage.com/113x100.png/5fa2dd/ffffff""},{""item"":""http://dummyimage.com/148x100.png/cc0000/ffffff""}]",228
229,Fishing Tackle Box,7083.37,Outdoor,Organized tackle box for fishing gear.,new,Murchison,paypal,(555) 123-9876,true,6/21/2022,6/10/2020,"[{""item"":""http://dummyimage.com/181x100.png/5fa2dd/ffffff""},{""item"":""http://dummyimage.com/102x100.png/5fa2dd/ffffff""},{""item"":""http://dummyimage.com/212x100.png/ff4444/ffffff""},{""item"":""http://dummyimage.com/214x100.png/ff4444/ffffff""}]",229
230,Organic Lentil Soup,1385.8,Food - Soups,A hearty soup made with organic lentils and vegetables.,new,Isabella,paypal,(555) 123-9876,true,11/29/2024,8/12/2022,"[{""item"":""http://dummyimage.com/242x100.png/dddddd/000000""},{""item"":""http://dummyimage.com/189x100.png/cc0000/ffffff""},{""item"":""http://dummyimage.com/205x100.png/cc0000/ffffff""}]",230
231,Portable Electric Fan,7134.89,Home,Compact fan for personal cooling at work or home.,new,Isabella,credit_card,(555) 123-9876,false,3/16/2021,12/18/2020,"[{""item"":""http://dummyimage.com/160x100.png/ff4444/ffffff""}]",231
232,Bluetooth Tracker,1664.0,Accessories,Smart tracker to locate keys or other items via app.,used,Murchison,cash,(555) 123-9876,false,6/15/2021,2/22/2022,[],232
233,Tomato Sauce,6411.59,Food - Canned Goods,Rich and flavorful tomato sauce for pasta or pizza.,used,Myrtle,cash,(555) 123-9876,false,5/28/2022,12/27/2023,"[{""item"":""http://dummyimage.com/139x100.png/cc0000/ffffff""},{""item"":""http://dummyimage.com/179x100.png/ff4444/ffffff""},{""item"":""http://dummyimage.com/245x100.png/cc0000/ffffff""},{""item"":""http://dummyimage.com/240x100.png/ff4444/ffffff""},{""item"":""http://dummyimage.com/213x100.png/cc0000/ffffff""}]",233
234,Whole Grain Hamburger Buns,2301.91,Food - Bakery,Soft hamburger buns made with whole grains.,used,Murchison,paypal,name@email.com,false,6/10/2020,11/28/2022,"[{""item"":""http://dummyimage.com/131x100.png/ff4444/ffffff""},{""item"":""http://dummyimage.com/108x100.png/dddddd/000000""},{""item"":""http://dummyimage.com/183x100.png/5fa2dd/ffffff""},{""item"":""http://dummyimage.com/239x100.png/cc0000/ffffff""}]",234
235,Heavy Duty Gardening Tool Set,89.45,Garden,Comprehensive tool set for gardening enthusiasts.,new,Myrtle,credit_card,name@email.com,false,8/2/2022,4/21/2020,[],235
236,Classic Cheeseburger Mix,4729.93,Food - Meats,"All-in-one mix for easy homemade cheeseburgers, just add ground beef.",used,Myrtle,paypal,t.user123,false,6/12/2022,7/23/2021,"[{""item"":""http://dummyimage.com/110x100.png/dddddd/000000""},{""item"":""http://dummyimage.com/204x100.png/5fa2dd/ffffff""},{""item"":""http://dummyimage.com/109x100.png/cc0000/ffffff""},{""item"":""http://dummyimage.com/131x100.png/5fa2dd/ffffff""}]",236
237,Garam Masala Spice Blend,6941.17,Food - Spices,A fragrant Indian spice blend for curries and stews.,used,Murchison,credit_card,name@email.com,true,7/23/2023,4/6/2023,"[{""item"":""http://dummyimage.com/249x100.png/dddddd/000000""},{""item"":""http://dummyimage.com/239x100.png/cc0000/ffffff""},{""item"":""http://dummyimage.com/228x100.png/dddddd/000000""},{""item"":""http://dummyimage.com/141x100.png/5fa2dd/ffffff""},{""item"":""http://dummyimage.com/105x100.png/cc0000/ffffff""},{""item"":""http://dummyimage.com/246x100.png/ff4444/ffffff""}]",237
238,Cacao Nibs,1581.04,Food - Baking,"Crunchy cacao nibs, great for adding to smoothies or baking.",used,City-Vista,credit_card,(555) 123-9876,true,4/5/2025,11/11/2022,"[{""item"":""http://dummyimage.com/179x100.png/cc0000/ffffff""},{""item"":""http://dummyimage.com/184x100.png/5fa2dd/ffffff""},{""item"":""http://dummyimage.com/184x100.png/cc0000/ffffff""},{""item"":""http://dummyimage.com/115x100.png/cc0000/ffffff""}]",238
239,Car Vacuum,1756.76,Automotive,Portable car vacuum cleaner with strong suction.,used,Myrtle,credit_card,(555) 123-9876,true,12/29/2020,2/26/2023,"[{""item"":""http://dummyimage.com/208x100.png/dddddd/000000""},{""item"":""http://dummyimage.com/185x100.png/dddddd/000000""},{""item"":""http://dummyimage.com/245x100.png/5fa2dd/ffffff""},{""item"":""http://dummyimage.com/114x100.png/ff4444/ffffff""}]",239
240,Organic Black Rice,6856.54,Food - Grains,"Nutty and chewy black rice, high in antioxidants.",new,Murchison,cash,t.user123,false,12/7/2021,6/11/2020,"[{""item"":""http://dummyimage.com/158x100.png/dddddd/000000""},{""item"":""http://dummyimage.com/157x100.png/dddddd/000000""},{""item"":""http://dummyimage.com/248x100.png/cc0000/ffffff""},{""item"":""http://dummyimage.com/174x100.png/ff4444/ffffff""},{""item"":""http://dummyimage.com/148x100.png/cc0000/ffffff""},{""item"":""http://dummyimage.com/234x100.png/dddddd/000000""}]",240
241,Harvest Grain Salad,2268.71,Food - Salads,"A hearty salad with grains, dried fruits, and nuts.",used,City-Vista,paypal,t.user123,false,12/11/2020,7/18/2020,"[{""item"":""http://dummyimage.com/141x100.png/dddddd/000000""},{""item"":""http://dummyimage.com/177x100.png/5fa2dd/ffffff""},{""item"":""http://dummyimage.com/126x100.png/5fa2dd/ffffff""}]",241
242,Pocket Blanket,9645.98,Outdoor,"Compact, waterproof blanket for picnics and events.",used,Isabella,credit_card,t.user123,false,4/15/2024,7/17/2023,"[{""item"":""http://dummyimage.com/161x100.png/cc0000/ffffff""},{""item"":""http://dummyimage.com/232x100.png/ff4444/ffffff""},{""item"":""http://dummyimage.com/157x100.png/dddddd/000000""},{""item"":""http://dummyimage.com/224x100.png/cc0000/ffffff""},{""item"":""http://dummyimage.com/141x100.png/5fa2dd/ffffff""}]",242
243,Portable Solar Phone Charger,1135.06,Electronics,Eco-friendly charger that uses solar energy for powering devices.,used,Isabella,cash,t.user123,true,7/22/2025,5/12/2024,"[{""item"":""http://dummyimage.com/113x100.png/cc0000/ffffff""},{""item"":""http://dummyimage.com/135x100.png/dddddd/000000""},{""item"":""http://dummyimage.com/144x100.png/dddddd/000000""},{""item"":""http://dummyimage.com/227x100.png/5fa2dd/ffffff""},{""item"":""http://dummyimage.com/184x100.png/5fa2dd/ffffff""}]",243
244,Glass Food Containers,8508.79,Kitchen,BPA-free glass containers for safe food storage.,used,Myrtle,cash,(555) 123-9876,true,9/9/2024,8/7/2020,"[{""item"":""http://dummyimage.com/128x100.png/dddddd/000000""},{""item"":""http://dummyimage.com/149x100.png/5fa2dd/ffffff""},{""item"":""http://dummyimage.com/143x100.png/ff4444/ffffff""},{""item"":""http://dummyimage.com/133x100.png/cc0000/ffffff""}]",244
245,Organic Baby Carrots,8467.99,Food - Fresh Produce,Fresh and crunchy baby carrots ready for snacking.,used,Isabella,cash,(555) 123-9876,true,3/17/2020,2/7/2021,"[{""item"":""http://dummyimage.com/123x100.png/cc0000/ffffff""},{""item"":""http://dummyimage.com/101x100.png/dddddd/000000""}]",245
246,Potting Soil,3116.63,Garden,Premium potting soil for indoor plants.,new,Isabella,paypal,(555) 123-9876,false,5/11/2020,5/17/2021,"[{""item"":""http://dummyimage.com/188x100.png/cc0000/ffffff""},{""item"":""http://dummyimage.com/240x100.png/5fa2dd/ffffff""},{""item"":""http://dummyimage.com/195x100.png/dddddd/000000""},{""item"":""http://dummyimage.com/236x100.png/cc0000/ffffff""}]",246
247,Savory Mushroom Risotto,2591.09,Food - Gourmet Rice,Creamy risotto infused with wild mushrooms.,new,Myrtle,cash,t.user123,false,12/19/2022,4/29/2025,"[{""item"":""http://dummyimage.com/204x100.png/5fa2dd/ffffff""},{""item"":""http://dummyimage.com/199x100.png/5fa2dd/ffffff""},{""item"":""http://dummyimage.com/121x100.png/dddddd/000000""},{""item"":""http://dummyimage.com/244x100.png/cc0000/ffffff""},{""item"":""http://dummyimage.com/217x100.png/5fa2dd/ffffff""}]",247
248,Sliced Olives,5963.67,Food - Condiments,"Pitted black olives, perfect for salads and pizzas.",new,City-Vista,paypal,name@email.com,true,10/22/2024,4/17/2021,"[{""item"":""http://dummyimage.com/179x100.png/dddddd/000000""},{""item"":""http://dummyimage.com/171x100.png/dddddd/000000""},{""item"":""http://dummyimage.com/152x100.png/cc0000/ffffff""},{""item"":""http://dummyimage.com/137x100.png/ff4444/ffffff""},{""item"":""http://dummyimage.com/198x100.png/ff4444/ffffff""}]",248
249,Adjustable Window Blind,4783.04,Home,Customizable window cover for light control and privacy.,new,City-Vista,credit_card,name@email.com,true,9/1/2024,10/24/2021,"[{""item"":""http://dummyimage.com/238x100.png/dddddd/000000""},{""item"":""http://dummyimage.com/182x100.png/5fa2dd/ffffff""}]",249
250,Kitchen Knife Sharpening System,6882.65,Kitchen,Professional sharpening system for kitchen knives.,new,Isabella,credit_card,name@email.com,false,2/3/2025,7/30/2025,"[{""item"":""http://dummyimage.com/112x100.png/cc0000/ffffff""},{""item"":""http://dummyimage.com/176x100.png/5fa2dd/ffffff""},{""item"":""http://dummyimage.com/116x100.png/cc0000/ffffff""},{""item"":""http://dummyimage.com/227x100.png/cc0000/ffffff""}]",250
251,Shatterproof Wine Glasses,4.52,Outdoor,"Durable, unbreakable wine glasses for outdoor use.",used,Murchison,cash,name@email.com,false,1/27/2025,12/27/2023,"[{""item"":""http://dummyimage.com/107x100.png/ff4444/ffffff""},{""item"":""http://dummyimage.com/174x100.png/cc0000/ffffff""},{""item"":""http://dummyimage.com/151x100.png/ff4444/ffffff""}]",251
252,Pet Nail Clipper,4736.69,Pets,Safe and easy-to-use nail clippers for pets.,new,City-Vista,credit_card,name@email.com,true,12/19/2022,12/6/2023,[],252
253,Mini Indoor Hydroponic Garden,6360.6,Garden,Grow herbs indoors with this easy-to-use hydroponic garden system.,new,Murchison,credit_card,t.user123,true,4/23/2020,1/13/2020,"[{""item"":""http://dummyimage.com/141x100.png/5fa2dd/ffffff""},{""item"":""http://dummyimage.com/166x100.png/ff4444/ffffff""}]",253
254,Cinnamon Raisin Bread,2663.01,Food - Bakery,"Sweet bread with cinnamon and raisins, great for breakfast or snacks.",new,City-Vista,cash,(555) 123-9876,false,10/26/2022,11/3/2020,"[{""item"":""http://dummyimage.com/117x100.png/dddddd/000000""},{""item"":""http://dummyimage.com/188x100.png/ff4444/ffffff""},{""item"":""http://dummyimage.com/134x100.png/ff4444/ffffff""},{""item"":""http://dummyimage.com/107x100.png/ff4444/ffffff""},{""item"":""http://dummyimage.com/248x100.png/dddddd/000000""},{""item"":""http://dummyimage.com/186x100.png/5fa2dd/ffffff""}]",254
255,Eco-Friendly Yoga Blocks,3836.75,Fitness,Sustainable foam blocks for yoga practice.,new,Murchison,paypal,name@email.com,true,11/15/2024,11/16/2025,"[{""item"":""http://dummyimage.com/131x100.png/ff4444/ffffff""},{""item"":""http://dummyimage.com/145x100.png/dddddd/000000""},{""item"":""http://dummyimage.com/152x100.png/5fa2dd/ffffff""},{""item"":""http://dummyimage.com/246x100.png/ff4444/ffffff""},{""item"":""http://dummyimage.com/214x100.png/dddddd/000000""},{""item"":""http://dummyimage.com/122x100.png/5fa2dd/ffffff""}]",255
256,Peach Preserves,9100.51,Food - Condiments,"Sweet and fruity peach preserves, perfect for spreading on toast.",used,Myrtle,cash,t.user123,true,2/13/2025,5/23/2024,"[{""item"":""http://dummyimage.com/115x100.png/5fa2dd/ffffff""}]",256
257,Sculpting Kit,2813.74,Art Supplies,Complete sculpting tools for artists.,used,Murchison,cash,(555) 123-9876,true,9/26/2022,12/1/2024,"[{""item"":""http://dummyimage.com/173x100.png/dddddd/000000""}]",257
258,Instant Read Meat Thermometer,9757.53,Kitchen,Fast and accurate thermometer for grilling and cooking.,new,City-Vista,paypal,name@email.com,false,12/19/2025,11/4/2025,[],258
259,Ice Cream Maker,716.35,Kitchen,Homemade ice cream maker for delicious desserts.,used,Myrtle,paypal,name@email.com,false,5/18/2023,4/6/2021,"[{""item"":""http://dummyimage.com/222x100.png/5fa2dd/ffffff""},{""item"":""http://dummyimage.com/171x100.png/dddddd/000000""}]",259
260,Mediterranean Flatbread,1924.32,Food - Bakery,"Artisan bread topped with olives, feta, and herbs, perfect for sharing.",used,Isabella,credit_card,name@email.com,false,2/1/2023,9/8/2023,"[{""item"":""http://dummyimage.com/142x100.png/ff4444/ffffff""},{""item"":""http://dummyimage.com/108x100.png/5fa2dd/ffffff""},{""item"":""http://dummyimage.com/239x100.png/5fa2dd/ffffff""},{""item"":""http://dummyimage.com/111x100.png/dddddd/000000""},{""item"":""http://dummyimage.com/209x100.png/5fa2dd/ffffff""}]",260
261,Tofu,909.01,Food - Meat Alternatives,"Firm tofu, a great plant-based protein option.",used,Murchison,credit_card,name@email.com,true,10/26/2024,8/11/2024,[],261
262,Vegetable Potstickers,7559.9,Food - Frozen Food,"Delicious vegetable dumplings, perfect for steaming or frying.",new,Isabella,paypal,t.user123,false,3/15/2020,4/14/2020,"[{""item"":""http://dummyimage.com/182x100.png/ff4444/ffffff""},{""item"":""http://dummyimage.com/210x100.png/5fa2dd/ffffff""}]",262
263,Frozen Burritos,1834.61,Food - Frozen Foods,Easy-to-heat frozen burritos for a quick meal.,new,Myrtle,cash,(555) 123-9876,false,8/22/2024,4/21/2022,"[{""item"":""http://dummyimage.com/233x100.png/dddddd/000000""},{""item"":""http://dummyimage.com/121x100.png/dddddd/000000""}]",263
264,Chicken Broth,2755.55,Food - Canned Goods,"Rich and flavorful chicken broth, great for soups.",new,Murchison,credit_card,name@email.com,true,2/15/2021,12/5/2022,"[{""item"":""http://dummyimage.com/127x100.png/ff4444/ffffff""},{""item"":""http://dummyimage.com/139x100.png/ff4444/ffffff""}]",264
265,Jalapeño Cornbread,1927.77,Food - Bakery,Spicy cornbread infused with jalapeños for a kick of flavor at your next meal.,used,City-Vista,cash,t.user123,true,3/7/2021,4/15/2021,"[{""item"":""http://dummyimage.com/174x100.png/dddddd/000000""},{""item"":""http://dummyimage.com/177x100.png/ff4444/ffffff""},{""item"":""http://dummyimage.com/114x100.png/5fa2dd/ffffff""}]",265
266,Outdoor Mosquito Repellent Lantern,9654.27,Outdoor,Lantern that repels mosquitoes while providing light.,new,Isabella,cash,(555) 123-9876,false,3/17/2024,6/9/2020,"[{""item"":""http://dummyimage.com/212x100.png/ff4444/ffffff""},{""item"":""http://dummyimage.com/115x100.png/ff4444/ffffff""},{""item"":""http://dummyimage.com/219x100.png/5fa2dd/ffffff""},{""item"":""http://dummyimage.com/136x100.png/5fa2dd/ffffff""},{""item"":""http://dummyimage.com/184x100.png/cc0000/ffffff""}]",266
267,Almond Flour Biscuits,1020.7,Food - Bakery,Gluten-free biscuits made with almond flour.,used,Myrtle,credit_card,t.user123,false,3/17/2024,9/19/2022,[],267
268,Coconut Milk Yogurt,6395.56,Food - Dairy Alternatives,Creamy yogurt made with coconut milk,new,Isabella,cash,(555) 123-9876,true,12/15/2021,3/24/2020,"[{""item"":""http://dummyimage.com/148x100.png/cc0000/ffffff""},{""item"":""http://dummyimage.com/189x100.png/ff4444/ffffff""},{""item"":""http://dummyimage.com/103x100.png/ff4444/ffffff""}]",268
269,Self-Inflating Camping Mattress,8557.44,Outdoor,Comfortable camping mattress that inflates automatically.,new,Murchison,credit_card,t.user123,false,10/29/2021,11/9/2025,"[{""item"":""http://dummyimage.com/148x100.png/cc0000/ffffff""},{""item"":""http://dummyimage.com/164x100.png/5fa2dd/ffffff""},{""item"":""http://dummyimage.com/211x100.png/5fa2dd/ffffff""},{""item"":""http://dummyimage.com/108x100.png/cc0000/ffffff""}]",269
270,Plant-Based Meal Prep Containers,5457.26,Kitchen,Eco-friendly meal prep containers for healthy eating.,used,Murchison,paypal,name@email.com,false,7/24/2024,12/3/2023,"[{""item"":""http://dummyimage.com/156x100.png/cc0000/ffffff""},{""item"":""http://dummyimage.com/110x100.png/cc0000/ffffff""},{""item"":""http://dummyimage.com/171x100.png/5fa2dd/ffffff""},{""item"":""http://dummyimage.com/211x100.png/ff4444/ffffff""},{""item"":""http://dummyimage.com/207x100.png/5fa2dd/ffffff""}]",270
271,Salt and Pepper Grinder Set,7000.52,Kitchen,Adjustable grinders for fresh spices at the table.,new,Myrtle,paypal,name@email.com,false,12/13/2021,10/24/2022,[],271
272,Gluten-Free Bread,2185.24,Food - Bakery,Soft and tasty gluten-free sandwich bread.,new,Isabella,cash,t.user123,true,1/14/2022,8/8/2021,"[{""item"":""http://dummyimage.com/225x100.png/cc0000/ffffff""},{""item"":""http://dummyimage.com/177x100.png/5fa2dd/ffffff""},{""item"":""http://dummyimage.com/126x100.png/dddddd/000000""}]",272
273,Stainless Steel Mixing Bowls,8747.13,Kitchen,Set of versatile mixing bowls for cooking.,new,Murchison,paypal,(555) 123-9876,false,12/28/2025,7/2/2021,"[{""item"":""http://dummyimage.com/227x100.png/dddddd/000000""}]",273
274,Two-Tone Windbreaker,6836.44,Clothing - Outerwear,"Stylish two-tone windbreaker, perfect for active days.",used,City-Vista,credit_card,name@email.com,true,8/9/2021,7/4/2020,"[{""item"":""http://dummyimage.com/196x100.png/ff4444/ffffff""},{""item"":""http://dummyimage.com/212x100.png/dddddd/000000""},{""item"":""http://dummyimage.com/129x100.png/dddddd/000000""},{""item"":""http://dummyimage.com/149x100.png/ff4444/ffffff""},{""item"":""http://dummyimage.com/112x100.png/cc0000/ffffff""}]",274
275,Maxi Wrap Dress,5605.45,Clothing - Dresses,A flowy maxi dress perfect for both casual and semi-formal occasions.,used,Murchison,cash,t.user123,false,7/25/2023,9/17/2022,"[{""item"":""http://dummyimage.com/204x100.png/5fa2dd/ffffff""}]",275
276,Golf Putting Green,2243.46,Sports,Indoor putting green for practicing your putting skills.,new,Myrtle,cash,t.user123,true,12/8/2020,4/12/2020,[],276
277,Herb Garden Planter Box,9228.81,Garden,Elevated planter box for growing herbs or small plants easily.,new,Myrtle,cash,t.user123,true,6/19/2022,8/13/2025,"[{""item"":""http://dummyimage.com/175x100.png/ff4444/ffffff""},{""item"":""http://dummyimage.com/248x100.png/ff4444/ffffff""},{""item"":""http://dummyimage.com/197x100.png/dddddd/000000""},{""item"":""http://dummyimage.com/157x100.png/cc0000/ffffff""}]",277
278,Portable Hammock with Stand,7261.54,Outdoor,Lightweight hammock with a sturdy stand for relaxation anywhere.,new,Myrtle,credit_card,name@email.com,false,4/15/2023,1/24/2023,[],278
279,Deep Tissue Massage Gun,151.84,Health,Rechargeable massage gun for relieving muscle soreness.,new,Myrtle,cash,(555) 123-9876,true,10/15/2025,6/5/2024,[],279
280,Jalapeño Cornbread,1398.78,Food - Bakery,Spicy cornbread infused with jalapeños for a kick of flavor at your next meal.,new,Murchison,cash,t.user123,false,11/20/2025,11/8/2020,"[{""item"":""http://dummyimage.com/100x100.png/ff4444/ffffff""}]",280
281,Buffalo Style Cauliflower Bites,948.06,Food - Frozen Vegetables,"Frozen cauliflower bites coated in spicy buffalo sauce, ready to bake and enjoy as an appetizer.",new,Myrtle,paypal,t.user123,true,11/17/2022,1/22/2021,"[{""item"":""http://dummyimage.com/146x100.png/cc0000/ffffff""},{""item"":""http://dummyimage.com/250x100.png/cc0000/ffffff""},{""item"":""http://dummyimage.com/169x100.png/ff4444/ffffff""},{""item"":""http://dummyimage.com/177x100.png/dddddd/000000""},{""item"":""http://dummyimage.com/189x100.png/ff4444/ffffff""},{""item"":""http://dummyimage.com/238x100.png/5fa2dd/ffffff""}]",281
282,Water Bottle,667.58,Fitness,Insulated water bottle for keeping drinks cold.,new,City-Vista,credit_card,name@email.com,false,8/9/2024,3/25/2020,"[{""item"":""http://dummyimage.com/233x100.png/dddddd/000000""},{""item"":""http://dummyimage.com/166x100.png/ff4444/ffffff""},{""item"":""http://dummyimage.com/219x100.png/ff4444/ffffff""},{""item"":""http://dummyimage.com/193x100.png/ff4444/ffffff""}]",282
283,Mango Chili Salsa,677.35,Food - Condiments,"A sweet and spicy salsa made with mangoes and a hint of chili, great with chips or grilled chicken.",new,Isabella,cash,(555) 123-9876,true,3/3/2023,12/16/2025,"[{""item"":""http://dummyimage.com/191x100.png/ff4444/ffffff""},{""item"":""http://dummyimage.com/159x100.png/5fa2dd/ffffff""},{""item"":""http://dummyimage.com/199x100.png/dddddd/000000""},{""item"":""http://dummyimage.com/106x100.png/5fa2dd/ffffff""}]",283
284,Asian Stir-Fry Kit,7906.23,Food - Frozen Meals,Prepped vegetables and sauces for a quick Asian stir-fry meal.,used,Isabella,paypal,name@email.com,true,10/8/2022,6/1/2021,"[{""item"":""http://dummyimage.com/237x100.png/ff4444/ffffff""},{""item"":""http://dummyimage.com/226x100.png/cc0000/ffffff""},{""item"":""http://dummyimage.com/126x100.png/5fa2dd/ffffff""}]",284
285,Crispy Rice Treats,9269.16,Food - Snacks,Classic marshmallow treats made with crispy rice.,new,Myrtle,credit_card,(555) 123-9876,true,12/16/2024,4/2/2025,"[{""item"":""http://dummyimage.com/129x100.png/dddddd/000000""},{""item"":""http://dummyimage.com/147x100.png/cc0000/ffffff""},{""item"":""http://dummyimage.com/144x100.png/ff4444/ffffff""}]",285
286,Savory Pumpkin Soup,5670.43,Food - Soups,Creamy pumpkin soup with spices,used,Myrtle,cash,t.user123,false,5/31/2021,5/8/2020,"[{""item"":""http://dummyimage.com/203x100.png/dddddd/000000""},{""item"":""http://dummyimage.com/103x100.png/ff4444/ffffff""},{""item"":""http://dummyimage.com/112x100.png/ff4444/ffffff""},{""item"":""http://dummyimage.com/207x100.png/5fa2dd/ffffff""},{""item"":""http://dummyimage.com/113x100.png/ff4444/ffffff""}]",286
287,Raisin Cinnamon Granola,2565.83,Food - Cereals,Crunchy granola with raisins and cinnamon for a delightful breakfast.,new,Murchison,credit_card,name@email.com,true,4/9/2020,5/12/2023,"[{""item"":""http://dummyimage.com/179x100.png/dddddd/000000""}]",287
288,Spicy Kimchi,7478.18,Food - Condiments,"Traditional Korean fermented vegetables, packed with flavor.",new,City-Vista,cash,(555) 123-9876,true,9/14/2020,11/16/2021,"[{""item"":""http://dummyimage.com/212x100.png/5fa2dd/ffffff""}]",288
289,Rechargeable Hand Warmer,8403.78,Accessories,Portable rechargeable warmer for cold days.,used,Murchison,credit_card,(555) 123-9876,false,12/28/2020,10/13/2020,"[{""item"":""http://dummyimage.com/116x100.png/cc0000/ffffff""},{""item"":""http://dummyimage.com/174x100.png/dddddd/000000""},{""item"":""http://dummyimage.com/128x100.png/5fa2dd/ffffff""}]",289
290,Baking Soda,2629.34,Food - Baking,Essential ingredient for baking and cooking.,used,Isabella,cash,name@email.com,true,5/7/2020,8/1/2020,"[{""item"":""http://dummyimage.com/125x100.png/5fa2dd/ffffff""}]",290
291,Smart Fitness Scale,8117.67,Fitness,Bluetooth scale that tracks body composition through an app.,used,City-Vista,credit_card,(555) 123-9876,true,6/5/2021,1/5/2021,[],291
292,Multi-Function Smartphone Holder,3782.96,Electronics,"Versatile holder that can be used on desks, cars, and more.",new,Myrtle,credit_card,t.user123,true,3/11/2023,7/17/2022,"[{""item"":""http://dummyimage.com/242x100.png/ff4444/ffffff""},{""item"":""http://dummyimage.com/120x100.png/dddddd/000000""},{""item"":""http://dummyimage.com/146x100.png/ff4444/ffffff""},{""item"":""http://dummyimage.com/216x100.png/ff4444/ffffff""},{""item"":""http://dummyimage.com/206x100.png/dddddd/000000""}]",292
293,Baked Falafel Balls,4494.46,Food - Frozen Vegetables,"Frozen falafel balls made from chickpeas and herbs, perfect for quick meals or salads.",used,Isabella,cash,t.user123,true,3/12/2020,8/6/2022,"[{""item"":""http://dummyimage.com/172x100.png/5fa2dd/ffffff""},{""item"":""http://dummyimage.com/230x100.png/cc0000/ffffff""},{""item"":""http://dummyimage.com/137x100.png/dddddd/000000""},{""item"":""http://dummyimage.com/215x100.png/ff4444/ffffff""},{""item"":""http://dummyimage.com/227x100.png/dddddd/000000""}]",293
294,Collapsible Colander,13.73,Kitchen,Space-saving colander for rinsing fruits and vegetables.,used,Myrtle,paypal,name@email.com,true,10/17/2025,11/23/2021,"[{""item"":""http://dummyimage.com/132x100.png/ff4444/ffffff""},{""item"":""http://dummyimage.com/223x100.png/ff4444/ffffff""}]",294
295,Outdoor Folding Table,9034.88,Outdoor,Lightweight and portable folding table for camping or picnics.,new,Myrtle,cash,name@email.com,false,3/22/2024,5/25/2021,"[{""item"":""http://dummyimage.com/100x100.png/dddddd/000000""}]",295
296,Pet Hair Vacuum Attachment,8837.29,Pets,Special attachment for vacuum cleaners to remove pet hair easily.,used,Myrtle,paypal,(555) 123-9876,false,5/2/2025,3/3/2021,"[{""item"":""http://dummyimage.com/130x100.png/cc0000/ffffff""}]",296
297,Avocado Lime Dressing,7336.97,Food - Condiments,"Refreshing dressing made with avocado and lime, perfect for salads.",used,City-Vista,cash,(555) 123-9876,false,2/2/2021,7/13/2024,"[{""item"":""http://dummyimage.com/108x100.png/dddddd/000000""}]",297
298,Caraway Rye Bread,2447.66,Food - Bakery,Artisan bread with caraway seeds for added flavor.,new,City-Vista,cash,(555) 123-9876,false,8/25/2020,7/27/2023,"[{""item"":""http://dummyimage.com/108x100.png/5fa2dd/ffffff""}]",298
299,Wooden Puzzle Game,3094.24,Toys,Classic wooden puzzle game for kids and adults.,used,Myrtle,credit_card,name@email.com,true,4/26/2021,6/22/2020,"[{""item"":""http://dummyimage.com/243x100.png/ff4444/ffffff""},{""item"":""http://dummyimage.com/151x100.png/5fa2dd/ffffff""}]",299
300,Collapsible Colander,3829.13,Kitchen,Space-saving colander for rinsing fruits and vegetables.,new,Isabella,paypal,name@email.com,true,11/26/2020,6/28/2020,"[{""item"":""http://dummyimage.com/180x100.png/dddddd/000000""},{""item"":""http://dummyimage.com/229x100.png/ff4444/ffffff""}]",300
301,Vegan chocolate chip cookies,3696.55,Food - Bakery,"Delicious soft cookies, dairy-free and egg-free, perfect for treats.",used,Murchison,paypal,(555) 123-9876,false,11/13/2020,10/2/2020,[],301
302,Harvest Grain Salad,1878.46,Food - Salads,"A hearty salad with grains, dried fruits, and nuts.",new,Isabella,credit_card,name@email.com,true,12/12/2023,7/31/2022,[],302
303,Bamboo Cutting Board Set,4667.89,Kitchen,Eco-friendly bamboo cutting boards in various sizes.,used,Murchison,paypal,(555) 123-9876,false,9/4/2022,10/31/2023,"[{""item"":""http://dummyimage.com/153x100.png/5fa2dd/ffffff""},{""item"":""http://dummyimage.com/158x100.png/dddddd/000000""},{""item"":""http://dummyimage.com/101x100.png/cc0000/ffffff""},{""item"":""http://dummyimage.com/209x100.png/cc0000/ffffff""}]",303
304,Vegetarian Pizza,9316.31,Food - Frozen Foods,Frozen pizza loaded with vegetables and cheese.,used,Murchison,cash,t.user123,false,7/6/2022,4/19/2025,"[{""item"":""http://dummyimage.com/128x100.png/dddddd/000000""},{""item"":""http://dummyimage.com/184x100.png/5fa2dd/ffffff""},{""item"":""http://dummyimage.com/209x100.png/dddddd/000000""},{""item"":""http://dummyimage.com/175x100.png/cc0000/ffffff""},{""item"":""http://dummyimage.com/176x100.png/cc0000/ffffff""},{""item"":""http://dummyimage.com/215x100.png/5fa2dd/ffffff""}]",304
305,Deep Tissue Massage Gun,8698.98,Health,Rechargeable massage gun for relieving muscle soreness.,used,Isabella,paypal,t.user123,false,5/17/2023,8/12/2025,"[{""item"":""http://dummyimage.com/107x100.png/5fa2dd/ffffff""},{""item"":""http://dummyimage.com/147x100.png/cc0000/ffffff""},{""item"":""http://dummyimage.com/201x100.png/ff4444/ffffff""}]",305
306,Jump Rope with Counter,1325.67,Fitness,Durable jump rope with built-in counter for workouts.,new,Murchison,cash,(555) 123-9876,false,10/17/2022,2/4/2023,"[{""item"":""http://dummyimage.com/208x100.png/5fa2dd/ffffff""},{""item"":""http://dummyimage.com/250x100.png/dddddd/000000""},{""item"":""http://dummyimage.com/115x100.png/5fa2dd/ffffff""}]",306
307,Lemon Herb Quinoa,3421.04,Food - Grains,"Fluffy quinoa mixed with lemon zest and herbs, a perfect side.",used,Murchison,paypal,t.user123,false,12/16/2020,1/11/2024,"[{""item"":""http://dummyimage.com/236x100.png/ff4444/ffffff""},{""item"":""http://dummyimage.com/224x100.png/5fa2dd/ffffff""},{""item"":""http://dummyimage.com/152x100.png/cc0000/ffffff""},{""item"":""http://dummyimage.com/200x100.png/dddddd/000000""},{""item"":""http://dummyimage.com/105x100.png/5fa2dd/ffffff""}]",307
308,Herbed Goat Cheese,9671.65,Food - Cheese,"Tangy goat cheese infused with herbs, perfect for snacking.",used,Myrtle,credit_card,name@email.com,true,9/24/2024,11/8/2024,"[{""item"":""http://dummyimage.com/163x100.png/cc0000/ffffff""}]",308
309,Home Karaoke System,1000.12,Audio,Complete karaoke system with microphones and speakers.,new,Myrtle,paypal,(555) 123-9876,false,10/9/2022,6/13/2023,"[{""item"":""http://dummyimage.com/142x100.png/ff4444/ffffff""},{""item"":""http://dummyimage.com/136x100.png/ff4444/ffffff""}]",309
310,Compact Pop-Up Tent,1758.51,Outdoor,Easy setup tent perfect for camping and outdoor festivals.,new,Murchison,credit_card,(555) 123-9876,false,10/13/2021,6/9/2021,"[{""item"":""http://dummyimage.com/154x100.png/cc0000/ffffff""},{""item"":""http://dummyimage.com/199x100.png/5fa2dd/ffffff""},{""item"":""http://dummyimage.com/128x100.png/cc0000/ffffff""},{""item"":""http://dummyimage.com/135x100.png/dddddd/000000""},{""item"":""http://dummyimage.com/187x100.png/5fa2dd/ffffff""}]",310
311,Creative Puzzle Game,7896.36,Toys,Challenging and fun puzzle game for all ages.,new,Isabella,paypal,t.user123,false,4/14/2025,7/24/2023,"[{""item"":""http://dummyimage.com/216x100.png/dddddd/000000""},{""item"":""http://dummyimage.com/146x100.png/5fa2dd/ffffff""},{""item"":""http://dummyimage.com/238x100.png/ff4444/ffffff""}]",311
312,Honey Lemon Tea,1770.63,Food - Beverages,"Refreshing tea with honey and lemon flavor, perfect for a warm drink.",new,Murchison,paypal,t.user123,true,1/26/2025,12/3/2021,"[{""item"":""http://dummyimage.com/188x100.png/dddddd/000000""},{""item"":""http://dummyimage.com/142x100.png/cc0000/ffffff""}]",312
313,Travel Shoe Bags Set,1837.64,Travel,Set of breathable bags for organizing shoes while traveling.,used,Myrtle,paypal,t.user123,false,2/28/2020,3/6/2020,"[{""item"":""http://dummyimage.com/127x100.png/dddddd/000000""},{""item"":""http://dummyimage.com/161x100.png/dddddd/000000""},{""item"":""http://dummyimage.com/203x100.png/5fa2dd/ffffff""}]",313
314,Personalized Cutting Board,6540.26,Kitchen,Custom cutting board made from high-quality wood.,new,City-Vista,paypal,t.user123,false,1/8/2023,3/4/2021,"[{""item"":""http://dummyimage.com/229x100.png/5fa2dd/ffffff""},{""item"":""http://dummyimage.com/218x100.png/dddddd/000000""},{""item"":""http://dummyimage.com/238x100.png/ff4444/ffffff""},{""item"":""http://dummyimage.com/139x100.png/ff4444/ffffff""},{""item"":""http://dummyimage.com/166x100.png/dddddd/000000""}]",314
315,Travel Orthopedic Pillow,2711.0,Travel,Supportive pillow that provides comfort while traveling.,new,City-Vista,cash,(555) 123-9876,true,8/23/2020,10/31/2021,"[{""item"":""http://dummyimage.com/208x100.png/5fa2dd/ffffff""},{""item"":""http://dummyimage.com/200x100.png/5fa2dd/ffffff""},{""item"":""http://dummyimage.com/144x100.png/ff4444/ffffff""},{""item"":""http://dummyimage.com/242x100.png/ff4444/ffffff""}]",315
316,Safety Goggles,63.19,Safety,Protective goggles for DIY and construction work.,used,Murchison,cash,(555) 123-9876,true,9/26/2024,9/12/2022,"[{""item"":""http://dummyimage.com/205x100.png/ff4444/ffffff""},{""item"":""http://dummyimage.com/108x100.png/cc0000/ffffff""},{""item"":""http://dummyimage.com/152x100.png/cc0000/ffffff""},{""item"":""http://dummyimage.com/248x100.png/5fa2dd/ffffff""},{""item"":""http://dummyimage.com/154x100.png/ff4444/ffffff""},{""item"":""http://dummyimage.com/163x100.png/ff4444/ffffff""}]",316
317,Pumpkin Puree,7242.39,Food - Canned Goods,"Canned pumpkin puree, perfect for pies and soups.",used,Myrtle,cash,(555) 123-9876,true,11/9/2020,9/1/2021,[],317
318,Smart Scale,6591.32,Health,Wi-Fi smart scale for tracking weight and BMI.,used,Isabella,paypal,name@email.com,false,8/21/2024,2/13/2025,"[{""item"":""http://dummyimage.com/141x100.png/ff4444/ffffff""},{""item"":""http://dummyimage.com/143x100.png/cc0000/ffffff""},{""item"":""http://dummyimage.com/231x100.png/5fa2dd/ffffff""},{""item"":""http://dummyimage.com/128x100.png/dddddd/000000""},{""item"":""http://dummyimage.com/104x100.png/ff4444/ffffff""}]",318
319,Cinnamon Spiced Almonds,1192.98,Food - Snacks,Crispy almonds coated with cinnamon and sugar for a sweet and crunchy snack.,new,Myrtle,cash,(555) 123-9876,true,4/25/2024,1/9/2020,"[{""item"":""http://dummyimage.com/203x100.png/5fa2dd/ffffff""},{""item"":""http://dummyimage.com/194x100.png/ff4444/ffffff""}]",319
320,Wooden Toy Train Set,6244.32,Toys,Classic wooden train set for imaginative play.,used,City-Vista,cash,name@email.com,true,11/14/2020,12/21/2023,[],320
321,Classic Pesto Sauce,541.57,Food - Sauces,"Fresh basil pesto, perfect for pasta or as a sandwich spread.",new,City-Vista,credit_card,t.user123,true,10/12/2024,5/1/2022,"[{""item"":""http://dummyimage.com/181x100.png/dddddd/000000""},{""item"":""http://dummyimage.com/187x100.png/dddddd/000000""},{""item"":""http://dummyimage.com/218x100.png/5fa2dd/ffffff""},{""item"":""http://dummyimage.com/153x100.png/cc0000/ffffff""}]",321
322,Striped Long Sleeve Shirt,1192.96,Clothing - Shirts,A casual striped long sleeve shirt that's perfect for layering.,used,Isabella,paypal,(555) 123-9876,true,11/27/2022,3/28/2022,"[{""item"":""http://dummyimage.com/212x100.png/ff4444/ffffff""}]",322
323,Maple Almond Yogurt,6272.1,Food - Dairy,Creamy yogurt made with maple and almond flavors.,used,Isabella,credit_card,t.user123,true,10/31/2020,11/13/2024,"[{""item"":""http://dummyimage.com/245x100.png/ff4444/ffffff""},{""item"":""http://dummyimage.com/237x100.png/5fa2dd/ffffff""},{""item"":""http://dummyimage.com/219x100.png/5fa2dd/ffffff""},{""item"":""http://dummyimage.com/102x100.png/cc0000/ffffff""}]",323
324,Gingerbread House Kit,5316.06,Food - Baking,Everything you need to build a festive gingerbread house.,used,Murchison,cash,t.user123,false,6/10/2023,10/23/2020,"[{""item"":""http://dummyimage.com/224x100.png/cc0000/ffffff""}]",324
325,Zucchini Noodle Pasta,2251.89,Food - Vegetables,"Low-carb zucchini noodles, perfect for a healthy alternative to pasta.",new,Isabella,credit_card,t.user123,true,6/2/2020,9/17/2020,[],325
326,Pet Grooming Scissors,4307.02,Pets,Quality scissors designed for easy pet grooming.,used,Isabella,paypal,t.user123,false,9/28/2020,11/29/2024,[],326
327,Portable Charger with Solar Panel,4227.3,Electronics,Eco-friendly charger with a built-in solar panel for outdoor use.,new,Murchison,credit_card,t.user123,true,4/6/2025,6/23/2024,"[{""item"":""http://dummyimage.com/185x100.png/ff4444/ffffff""},{""item"":""http://dummyimage.com/136x100.png/dddddd/000000""},{""item"":""http://dummyimage.com/144x100.png/ff4444/ffffff""}]",327
328,Snack Container Set,9028.41,Kitchen,Stackable containers for organizing snacks and treats.,new,City-Vista,paypal,name@email.com,false,5/11/2022,5/24/2025,"[{""item"":""http://dummyimage.com/172x100.png/dddddd/000000""},{""item"":""http://dummyimage.com/175x100.png/5fa2dd/ffffff""}]",328
329,Robot Vacuum Cleaner,5992.65,Home Appliances,Smart robotic vacuum for automatic cleaning.,new,Isabella,cash,name@email.com,true,12/20/2021,7/13/2020,"[{""item"":""http://dummyimage.com/249x100.png/dddddd/000000""}]",329
330,Free-Range Eggs,3558.2,Food - Dairy,Fresh eggs from free-range chickens.,used,Isabella,paypal,(555) 123-9876,false,5/13/2022,1/22/2022,"[{""item"":""http://dummyimage.com/250x100.png/cc0000/ffffff""}]",330
331,Athletic Jogging Jacket,7925.47,Clothing - Outerwear,Designed for comfort and performance during workouts.,new,Myrtle,credit_card,(555) 123-9876,true,4/26/2024,7/16/2025,[],331
332,Weighted Blanket for Adults,9699.53,Health,A calming blanket that provides gentle pressure for relaxation.,used,City-Vista,credit_card,name@email.com,false,4/15/2024,12/23/2023,"[{""item"":""http://dummyimage.com/154x100.png/cc0000/ffffff""},{""item"":""http://dummyimage.com/147x100.png/cc0000/ffffff""},{""item"":""http://dummyimage.com/182x100.png/dddddd/000000""}]",332
333,Rechargeable Electric Toothbrush,9679.32,Health,Advanced electric toothbrush for effective cleaning.,used,Murchison,credit_card,name@email.com,true,11/15/2020,1/15/2024,"[{""item"":""http://dummyimage.com/228x100.png/cc0000/ffffff""},{""item"":""http://dummyimage.com/142x100.png/ff4444/ffffff""}]",333
334,Non-Stick Baking Sheet,7031.01,Kitchen,Durable baking sheet coated for easy food release.,new,Murchison,paypal,(555) 123-9876,true,3/13/2024,10/21/2020,[],334
335,Kids' STEM Robotics Kit,4470.03,Toys,Educational robotics kit for building and programming.,new,Murchison,paypal,name@email.com,false,7/24/2021,4/19/2022,"[{""item"":""http://dummyimage.com/218x100.png/cc0000/ffffff""},{""item"":""http://dummyimage.com/150x100.png/5fa2dd/ffffff""},{""item"":""http://dummyimage.com/202x100.png/dddddd/000000""},{""item"":""http://dummyimage.com/232x100.png/dddddd/000000""},{""item"":""http://dummyimage.com/225x100.png/ff4444/ffffff""},{""item"":""http://dummyimage.com/118x100.png/ff4444/ffffff""}]",335
336,Spaghetti Squash,8340.39,Food - Produce,Low-carb vegetable for pasta alternatives.,new,Isabella,paypal,name@email.com,true,8/10/2023,12/23/2021,"[{""item"":""http://dummyimage.com/180x100.png/dddddd/000000""},{""item"":""http://dummyimage.com/146x100.png/cc0000/ffffff""},{""item"":""http://dummyimage.com/112x100.png/5fa2dd/ffffff""}]",336
337,Frozen Mixed Berries,5056.74,Food - Frozen Foods,"A mix of strawberries, blueberries, and raspberries.",used,Murchison,paypal,(555) 123-9876,true,3/25/2023,10/2/2025,"[{""item"":""http://dummyimage.com/166x100.png/dddddd/000000""}]",337
338,Adjustable Resistance Bands,3366.67,Fitness,Set of resistance bands for versatile strength training workouts.,used,City-Vista,credit_card,name@email.com,false,5/11/2021,3/10/2024,"[{""item"":""http://dummyimage.com/104x100.png/cc0000/ffffff""},{""item"":""http://dummyimage.com/247x100.png/dddddd/000000""},{""item"":""http://dummyimage.com/151x100.png/ff4444/ffffff""},{""item"":""http://dummyimage.com/223x100.png/cc0000/ffffff""},{""item"":""http://dummyimage.com/119x100.png/cc0000/ffffff""},{""item"":""http://dummyimage.com/236x100.png/5fa2dd/ffffff""}]",338
339,Plant-Based Cookbook,9450.2,Books,Delicious recipes focusing on plant-based ingredients.,used,Myrtle,paypal,name@email.com,true,7/6/2023,2/26/2021,"[{""item"":""http://dummyimage.com/119x100.png/dddddd/000000""},{""item"":""http://dummyimage.com/246x100.png/ff4444/ffffff""},{""item"":""http://dummyimage.com/193x100.png/ff4444/ffffff""},{""item"":""http://dummyimage.com/105x100.png/cc0000/ffffff""},{""item"":""http://dummyimage.com/200x100.png/cc0000/ffffff""},{""item"":""http://dummyimage.com/105x100.png/dddddd/000000""}]",339
340,Comfy Slippers,4872.47,Footwear,Soft and cozy slippers for indoor wear.,new,City-Vista,cash,t.user123,false,6/15/2025,7/5/2021,"[{""item"":""http://dummyimage.com/125x100.png/5fa2dd/ffffff""},{""item"":""http://dummyimage.com/222x100.png/ff4444/ffffff""},{""item"":""http://dummyimage.com/247x100.png/ff4444/ffffff""}]",340
341,Travel Luggage Scale,8151.24,Travel,Digital scale to avoid overweight baggage fees.,new,Myrtle,paypal,t.user123,false,12/4/2023,10/19/2020,"[{""item"":""http://dummyimage.com/198x100.png/5fa2dd/ffffff""},{""item"":""http://dummyimage.com/219x100.png/dddddd/000000""},{""item"":""http://dummyimage.com/151x100.png/dddddd/000000""},{""item"":""http://dummyimage.com/126x100.png/cc0000/ffffff""},{""item"":""http://dummyimage.com/173x100.png/dddddd/000000""},{""item"":""http://dummyimage.com/232x100.png/5fa2dd/ffffff""}]",341
342,Canvas High-Top Sneakers,4366.06,Clothing - Footwear,Trendy high-top canvas sneakers for a stylish streetwear look.,new,City-Vista,paypal,(555) 123-9876,false,10/28/2020,8/15/2022,"[{""item"":""http://dummyimage.com/206x100.png/5fa2dd/ffffff""},{""item"":""http://dummyimage.com/178x100.png/5fa2dd/ffffff""},{""item"":""http://dummyimage.com/142x100.png/cc0000/ffffff""},{""item"":""http://dummyimage.com/194x100.png/5fa2dd/ffffff""}]",342
343,Electric Wax Warmer,3906.48,Home,Wax warmer for creating a soothing atmosphere with fragrances.,used,Isabella,cash,name@email.com,true,12/20/2020,4/27/2024,"[{""item"":""http://dummyimage.com/184x100.png/cc0000/ffffff""}]",343
344,Herbal Tea Set,7158.51,Food,Assorted herbal tea bags for relaxation and wellness.,new,Myrtle,paypal,(555) 123-9876,true,5/7/2022,4/27/2022,"[{""item"":""http://dummyimage.com/107x100.png/cc0000/ffffff""},{""item"":""http://dummyimage.com/179x100.png/5fa2dd/ffffff""},{""item"":""http://dummyimage.com/161x100.png/5fa2dd/ffffff""},{""item"":""http://dummyimage.com/159x100.png/5fa2dd/ffffff""}]",344
345,Chipotle Seasoning Blend,348.21,Food - Spices,A smoky blend of spices for grilling and roasting.,new,Isabella,cash,name@email.com,true,1/25/2025,12/29/2020,"[{""item"":""http://dummyimage.com/134x100.png/cc0000/ffffff""}]",345
346,Mango Chilli Sauce,9996.94,Food - Condiments,A sweet and spicy sauce for dipping or glazing.,used,Isabella,paypal,name@email.com,false,2/2/2025,5/12/2022,"[{""item"":""http://dummyimage.com/202x100.png/5fa2dd/ffffff""},{""item"":""http://dummyimage.com/133x100.png/dddddd/000000""},{""item"":""http://dummyimage.com/156x100.png/ff4444/ffffff""},{""item"":""http://dummyimage.com/112x100.png/ff4444/ffffff""},{""item"":""http://dummyimage.com/121x100.png/cc0000/ffffff""},{""item"":""http://dummyimage.com/207x100.png/dddddd/000000""}]",346
347,Stuffed Grape Leaves,2748.58,Food - Prepared Foods,"Grape leaves stuffed with rice and herbs, ready to eat.",new,City-Vista,paypal,t.user123,true,7/31/2025,12/19/2020,"[{""item"":""http://dummyimage.com/166x100.png/cc0000/ffffff""},{""item"":""http://dummyimage.com/171x100.png/ff4444/ffffff""},{""item"":""http://dummyimage.com/187x100.png/dddddd/000000""},{""item"":""http://dummyimage.com/128x100.png/5fa2dd/ffffff""},{""item"":""http://dummyimage.com/218x100.png/5fa2dd/ffffff""}]",347
348,Wireless Induction Charger,9496.54,Electronics,Qi-certified charger for fast wireless charging of smartphones.,new,Isabella,credit_card,name@email.com,false,11/16/2022,7/13/2022,"[{""item"":""http://dummyimage.com/167x100.png/ff4444/ffffff""},{""item"":""http://dummyimage.com/151x100.png/dddddd/000000""},{""item"":""http://dummyimage.com/239x100.png/ff4444/ffffff""}]",348
349,Gaming Mousepad,5501.63,Gaming,Oversized gaming mousepad with smooth surface.,used,City-Vista,credit_card,t.user123,true,9/15/2024,3/17/2023,[],349
350,Portable Speaker Stand,1726.51,Audio,Adjustable stand for portable speakers and devices.,new,Myrtle,credit_card,name@email.com,true,10/2/2025,6/7/2023,"[{""item"":""http://dummyimage.com/141x100.png/ff4444/ffffff""},{""item"":""http://dummyimage.com/162x100.png/dddddd/000000""},{""item"":""http://dummyimage.com/125x100.png/dddddd/000000""},{""item"":""http://dummyimage.com/120x100.png/5fa2dd/ffffff""},{""item"":""http://dummyimage.com/107x100.png/dddddd/000000""},{""item"":""http://dummyimage.com/227x100.png/dddddd/000000""}]",350
351,Creative Puzzle Game,8329.19,Toys,Challenging and fun puzzle game for all ages.,used,Murchison,credit_card,t.user123,false,4/14/2023,4/9/2024,"[{""item"":""http://dummyimage.com/233x100.png/5fa2dd/ffffff""},{""item"":""http://dummyimage.com/114x100.png/ff4444/ffffff""},{""item"":""http://dummyimage.com/239x100.png/5fa2dd/ffffff""}]",351
352,Wireless Induction Charger,3006.44,Electronics,Qi-certified charger for fast wireless charging of smartphones.,used,Isabella,credit_card,name@email.com,true,7/10/2023,8/5/2020,[],352
353,Portable Jump Starter,9098.15,Automotive,Compact jump starter for emergency vehicle starts.,used,Isabella,paypal,(555) 123-9876,false,7/27/2024,2/26/2024,"[{""item"":""http://dummyimage.com/214x100.png/dddddd/000000""},{""item"":""http://dummyimage.com/108x100.png/ff4444/ffffff""},{""item"":""http://dummyimage.com/145x100.png/cc0000/ffffff""},{""item"":""http://dummyimage.com/216x100.png/dddddd/000000""},{""item"":""http://dummyimage.com/196x100.png/dddddd/000000""}]",353
354,Rechargeable Electric Toothbrush,5913.79,Health,Advanced electric toothbrush for effective cleaning.,used,City-Vista,credit_card,t.user123,false,12/8/2020,12/2/2020,"[{""item"":""http://dummyimage.com/127x100.png/cc0000/ffffff""},{""item"":""http://dummyimage.com/187x100.png/ff4444/ffffff""}]",354
355,Maple Bacon Popcorn,6279.52,Food - Snacks,Savory popcorn flavored with maple syrup and bacon bits.,new,Isabella,paypal,name@email.com,false,11/11/2021,8/24/2025,[],355
356,Garden Hoses with Expandable Features,4716.12,Garden,"Lightweight, expandable hoses for easy handling.",new,Murchison,paypal,t.user123,true,7/11/2021,6/26/2024,"[{""item"":""http://dummyimage.com/228x100.png/cc0000/ffffff""}]",356
357,Coconut Bowls Set,5395.44,Kitchen,Handmade eco-friendly bowls made from real coconuts.,new,Myrtle,cash,t.user123,false,5/2/2021,10/27/2022,"[{""item"":""http://dummyimage.com/188x100.png/cc0000/ffffff""},{""item"":""http://dummyimage.com/224x100.png/dddddd/000000""},{""item"":""http://dummyimage.com/126x100.png/ff4444/ffffff""}]",357
358,Fashionable Fanny Pack,1055.17,Clothing - Accessories,"A trendy fanny pack, perfect for hands-free outings.",used,Isabella,credit_card,name@email.com,true,7/9/2025,9/22/2021,"[{""item"":""http://dummyimage.com/122x100.png/ff4444/ffffff""},{""item"":""http://dummyimage.com/234x100.png/dddddd/000000""}]",358
359,Blueberry Oatmeal Cups,9551.28,Food - Breakfast,Instant oatmeal cups with blueberries for an easy breakfast.,new,City-Vista,paypal,t.user123,false,1/22/2021,10/8/2021,"[{""item"":""http://dummyimage.com/151x100.png/cc0000/ffffff""},{""item"":""http://dummyimage.com/197x100.png/cc0000/ffffff""}]",359
360,Avocados,4586.95,Food - Produce,"Fresh, creamy avocados ideal for salads and guacamole.",new,Isabella,credit_card,t.user123,false,7/19/2022,12/21/2022,[],360
361,Lentil Soup,5453.67,Food - Canned Goods,"Flavorful lentil soup, perfect for a quick meal.",new,Myrtle,cash,t.user123,true,8/16/2023,11/12/2021,"[{""item"":""http://dummyimage.com/123x100.png/ff4444/ffffff""},{""item"":""http://dummyimage.com/139x100.png/5fa2dd/ffffff""},{""item"":""http://dummyimage.com/125x100.png/5fa2dd/ffffff""},{""item"":""http://dummyimage.com/196x100.png/ff4444/ffffff""}]",361
362,Roasted Garlic Aioli,3223.8,Food - Condiments,Flavored aioli made with roasted garlic,used,Myrtle,credit_card,name@email.com,true,1/7/2020,4/20/2021,"[{""item"":""http://dummyimage.com/111x100.png/dddddd/000000""},{""item"":""http://dummyimage.com/182x100.png/cc0000/ffffff""},{""item"":""http://dummyimage.com/113x100.png/cc0000/ffffff""},{""item"":""http://dummyimage.com/236x100.png/5fa2dd/ffffff""}]",362
363,Indoor Grill,1730.38,Kitchen,Electric indoor grill for quick meals.,used,City-Vista,cash,t.user123,true,1/13/2024,9/3/2024,"[{""item"":""http://dummyimage.com/174x100.png/5fa2dd/ffffff""},{""item"":""http://dummyimage.com/246x100.png/ff4444/ffffff""}]",363
364,Wall-Mounted Spice Rack,3867.76,Kitchen,Space-saving rack to store and organize spices conveniently.,new,Myrtle,credit_card,name@email.com,true,7/4/2021,8/8/2021,[],364
365,Sustainable Wooden Toys,6620.07,Toys,Eco-friendly toys for learning and imaginative play.,used,Murchison,credit_card,name@email.com,false,4/12/2022,7/12/2024,"[{""item"":""http://dummyimage.com/153x100.png/dddddd/000000""}]",365
366,Pet Waterer with Filtration,1017.27,Pets,Automatic waterer that filters and provides fresh drinking water for pets.,used,Murchison,cash,(555) 123-9876,true,6/28/2021,10/18/2025,"[{""item"":""http://dummyimage.com/108x100.png/5fa2dd/ffffff""},{""item"":""http://dummyimage.com/207x100.png/dddddd/000000""},{""item"":""http://dummyimage.com/184x100.png/dddddd/000000""},{""item"":""http://dummyimage.com/108x100.png/ff4444/ffffff""},{""item"":""http://dummyimage.com/142x100.png/cc0000/ffffff""},{""item"":""http://dummyimage.com/166x100.png/ff4444/ffffff""}]",366
367,High-Pressure Handheld Shower Head,1377.75,Bathroom,Shower head designed for a strong spray and complete coverage.,new,Myrtle,cash,(555) 123-9876,true,2/10/2023,5/5/2022,"[{""item"":""http://dummyimage.com/243x100.png/cc0000/ffffff""},{""item"":""http://dummyimage.com/226x100.png/5fa2dd/ffffff""}]",367
368,Spicy Hummus,364.11,Food - Deli,"Creamy hummus with a kick of spice, great for dipping.",new,Isabella,cash,t.user123,true,5/10/2021,1/5/2023,"[{""item"":""http://dummyimage.com/188x100.png/cc0000/ffffff""},{""item"":""http://dummyimage.com/228x100.png/ff4444/ffffff""},{""item"":""http://dummyimage.com/243x100.png/5fa2dd/ffffff""},{""item"":""http://dummyimage.com/131x100.png/ff4444/ffffff""},{""item"":""http://dummyimage.com/132x100.png/cc0000/ffffff""}]",368
369,Tuscan Bean Soup,9599.58,Food - Canned Goods,A hearty mix of beans in a flavorful tomato broth.,new,Murchison,cash,name@email.com,true,7/28/2022,9/15/2025,[],369
370,Induction Cooktop,2242.33,Kitchen,Portable induction cooktop for quick heating.,used,City-Vista,credit_card,name@email.com,false,12/15/2020,9/11/2022,"[{""item"":""http://dummyimage.com/212x100.png/ff4444/ffffff""},{""item"":""http://dummyimage.com/181x100.png/ff4444/ffffff""},{""item"":""http://dummyimage.com/174x100.png/5fa2dd/ffffff""}]",370
371,Vegetable Lentil Soup,8132.17,Food - Canned Goods,"A hearty soup made with lentils, a variety of vegetables, and spices, ideal for a nutritious meal.",new,Myrtle,paypal,name@email.com,true,3/4/2021,4/9/2022,"[{""item"":""http://dummyimage.com/158x100.png/cc0000/ffffff""},{""item"":""http://dummyimage.com/159x100.png/ff4444/ffffff""},{""item"":""http://dummyimage.com/220x100.png/cc0000/ffffff""},{""item"":""http://dummyimage.com/155x100.png/5fa2dd/ffffff""}]",371
372,Cheesy Broccoli Soup Mix,5226.68,Food - Soups,Just add water for a hearty cheese and broccoli soup in minutes.,used,City-Vista,credit_card,name@email.com,true,10/9/2024,9/17/2020,"[{""item"":""http://dummyimage.com/187x100.png/ff4444/ffffff""}]",372
373,Ground Cinnamon,2982.01,Food - Spices,Freshly ground cinnamon spice for baking or seasoning.,new,Myrtle,credit_card,t.user123,true,9/4/2024,1/21/2024,"[{""item"":""http://dummyimage.com/209x100.png/dddddd/000000""},{""item"":""http://dummyimage.com/165x100.png/cc0000/ffffff""},{""item"":""http://dummyimage.com/229x100.png/ff4444/ffffff""}]",373
374,Mango Chilli Sauce,795.23,Food - Condiments,A sweet and spicy sauce for dipping or glazing.,new,City-Vista,credit_card,name@email.com,true,7/3/2023,5/3/2024,"[{""item"":""http://dummyimage.com/188x100.png/5fa2dd/ffffff""},{""item"":""http://dummyimage.com/119x100.png/5fa2dd/ffffff""}]",374
375,BBQ Sauce,4963.88,Food - Condiments,"A smoky barbecue sauce, ideal for grilling and dipping.",used,Murchison,cash,(555) 123-9876,true,3/7/2025,10/29/2022,"[{""item"":""http://dummyimage.com/152x100.png/dddddd/000000""}]",375
376,Fried Rice,7454.16,Food - Frozen Foods,"Pre-cooked vegetable fried rice, just heat and serve.",new,City-Vista,paypal,name@email.com,true,4/19/2020,2/20/2022,"[{""item"":""http://dummyimage.com/238x100.png/dddddd/000000""}]",376
377,Green Smoothie Mix,2274.97,Food - Beverages,A convenient powder mix combining greens and fruits for smoothies.,new,Murchison,paypal,name@email.com,true,6/29/2024,10/1/2023,"[{""item"":""http://dummyimage.com/171x100.png/dddddd/000000""},{""item"":""http://dummyimage.com/161x100.png/cc0000/ffffff""},{""item"":""http://dummyimage.com/146x100.png/cc0000/ffffff""},{""item"":""http://dummyimage.com/154x100.png/cc0000/ffffff""}]",377
378,Kids' Art Supplies Kit,6098.32,Toys,"Complete kit with crayons, markers, and paper for young artists.",new,Isabella,cash,(555) 123-9876,true,1/8/2022,2/8/2020,"[{""item"":""http://dummyimage.com/156x100.png/ff4444/ffffff""},{""item"":""http://dummyimage.com/205x100.png/5fa2dd/ffffff""},{""item"":""http://dummyimage.com/196x100.png/dddddd/000000""},{""item"":""http://dummyimage.com/139x100.png/dddddd/000000""}]",378
379,Bamboo Utensil Set,4601.75,Kitchen,Sustainable bamboo utensils for cooking and serving.,new,Myrtle,paypal,name@email.com,false,5/11/2021,4/3/2021,"[{""item"":""http://dummyimage.com/218x100.png/dddddd/000000""},{""item"":""http://dummyimage.com/137x100.png/ff4444/ffffff""}]",379
380,Savory Mushroom Risotto,5361.17,Food - Gourmet Rice,Creamy risotto infused with wild mushrooms.,used,Myrtle,paypal,(555) 123-9876,false,9/8/2023,9/17/2020,"[{""item"":""http://dummyimage.com/104x100.png/5fa2dd/ffffff""}]",380
381,Dark Chocolate Covered Raisins,1613.49,Food - Snacks,Satisfy your sweet tooth with these dark chocolate-covered raisins.,used,Myrtle,paypal,(555) 123-9876,false,5/25/2022,7/18/2020,"[{""item"":""http://dummyimage.com/241x100.png/dddddd/000000""},{""item"":""http://dummyimage.com/114x100.png/ff4444/ffffff""},{""item"":""http://dummyimage.com/147x100.png/ff4444/ffffff""},{""item"":""http://dummyimage.com/152x100.png/5fa2dd/ffffff""}]",381
382,Electric Blanket,2142.56,Home,Extra soft electric blanket with adjustable heat settings.,new,Isabella,paypal,t.user123,false,4/24/2022,3/23/2025,[],382
383,Thyme,5891.19,Food - Fresh Produce,"Fresh thyme, perfect for seasoning dishes.",new,Murchison,cash,(555) 123-9876,false,3/6/2022,10/29/2024,"[{""item"":""http://dummyimage.com/106x100.png/dddddd/000000""},{""item"":""http://dummyimage.com/134x100.png/dddddd/000000""},{""item"":""http://dummyimage.com/161x100.png/dddddd/000000""}]",383
384,Beef Stew Meat,4980.21,Food - Meat,Tender beef chunks for slow-cooked stews.,new,City-Vista,cash,name@email.com,false,7/29/2023,10/26/2025,"[{""item"":""http://dummyimage.com/247x100.png/dddddd/000000""},{""item"":""http://dummyimage.com/212x100.png/dddddd/000000""},{""item"":""http://dummyimage.com/187x100.png/5fa2dd/ffffff""}]",384
385,Board Game,2547.08,Toys,Strategic board game for family game nights.,new,Isabella,paypal,(555) 123-9876,true,7/26/2023,11/17/2024,"[{""item"":""http://dummyimage.com/211x100.png/cc0000/ffffff""},{""item"":""http://dummyimage.com/103x100.png/dddddd/000000""},{""item"":""http://dummyimage.com/174x100.png/dddddd/000000""}]",385
386,Digital Meat Thermometer,499.2,Kitchen,Instant-read thermometer for precise cooking temperatures.,new,Myrtle,credit_card,name@email.com,true,12/17/2024,10/20/2020,[],386
387,Spicy Hummus,9845.44,Food - Deli,"Creamy hummus with a kick of spice, great for dipping.",used,City-Vista,credit_card,(555) 123-9876,false,6/22/2022,10/16/2020,"[{""item"":""http://dummyimage.com/156x100.png/dddddd/000000""},{""item"":""http://dummyimage.com/194x100.png/dddddd/000000""},{""item"":""http://dummyimage.com/146x100.png/ff4444/ffffff""},{""item"":""http://dummyimage.com/175x100.png/cc0000/ffffff""}]",387
388,Almond Coconut Granola,4313.7,Food - Breakfast Foods,Crunchy granola with almonds and coconut.,new,Myrtle,paypal,(555) 123-9876,true,3/23/2020,11/5/2022,"[{""item"":""http://dummyimage.com/107x100.png/ff4444/ffffff""},{""item"":""http://dummyimage.com/156x100.png/ff4444/ffffff""},{""item"":""http://dummyimage.com/232x100.png/5fa2dd/ffffff""}]",388
389,Adjustable Dumbbells,3845.9,Fitness,Space-saving adjustable dumbbells for strength training.,new,Murchison,paypal,t.user123,false,9/16/2025,6/10/2021,[],389
390,Orange Ginger Vinaigrette,2874.62,Food - Condiments,Tangy vinaigrette with orange and ginger flavors.,new,Isabella,credit_card,name@email.com,false,8/30/2023,2/19/2021,"[{""item"":""http://dummyimage.com/141x100.png/ff4444/ffffff""},{""item"":""http://dummyimage.com/155x100.png/5fa2dd/ffffff""}]",390
391,Vanilla Bean Greek Yogurt,6654.22,Food - Dairy,Smooth Greek yogurt infused with vanilla bean flavor.,used,Isabella,cash,name@email.com,false,1/18/2020,1/9/2025,"[{""item"":""http://dummyimage.com/225x100.png/cc0000/ffffff""},{""item"":""http://dummyimage.com/199x100.png/ff4444/ffffff""},{""item"":""http://dummyimage.com/100x100.png/5fa2dd/ffffff""},{""item"":""http://dummyimage.com/197x100.png/cc0000/ffffff""},{""item"":""http://dummyimage.com/248x100.png/cc0000/ffffff""}]",391
392,Oven-Baked Sweet Potato Fries,5591.72,Food - Frozen Foods,"Crispy sweet potato fries, perfectly seasoned and baked to perfection.",new,City-Vista,credit_card,(555) 123-9876,false,1/4/2024,9/2/2023,"[{""item"":""http://dummyimage.com/138x100.png/5fa2dd/ffffff""},{""item"":""http://dummyimage.com/200x100.png/cc0000/ffffff""},{""item"":""http://dummyimage.com/213x100.png/ff4444/ffffff""}]",392
393,Peanut Butter Banana Smoothie,4451.58,Food - Beverages,Smooth and creamy smoothie made with peanut butter and banana.,new,City-Vista,cash,(555) 123-9876,false,11/6/2023,11/9/2020,"[{""item"":""http://dummyimage.com/189x100.png/cc0000/ffffff""},{""item"":""http://dummyimage.com/192x100.png/cc0000/ffffff""},{""item"":""http://dummyimage.com/163x100.png/ff4444/ffffff""},{""item"":""http://dummyimage.com/118x100.png/cc0000/ffffff""},{""item"":""http://dummyimage.com/190x100.png/dddddd/000000""},{""item"":""http://dummyimage.com/113x100.png/ff4444/ffffff""}]",393
394,Pumpkin Ice Cream,7673.64,Food - Frozen Foods,"Seasonal pumpkin ice cream, perfect for fall.",used,Isabella,credit_card,(555) 123-9876,true,2/3/2024,8/27/2023,"[{""item"":""http://dummyimage.com/103x100.png/cc0000/ffffff""}]",394
395,Sun-Dried Tomato Pesto,8600.56,Food - Condiments,A rich pesto made with sun-dried tomatoes and pine nuts.,new,City-Vista,credit_card,t.user123,false,4/17/2024,3/16/2023,"[{""item"":""http://dummyimage.com/232x100.png/5fa2dd/ffffff""},{""item"":""http://dummyimage.com/155x100.png/ff4444/ffffff""},{""item"":""http://dummyimage.com/175x100.png/ff4444/ffffff""}]",395
396,Zucchini Noodles,6075.94,Food - Vegetables,"Spiralized zucchini, a healthy alternative to pasta.",new,Myrtle,cash,(555) 123-9876,true,3/10/2021,4/28/2024,"[{""item"":""http://dummyimage.com/167x100.png/ff4444/ffffff""},{""item"":""http://dummyimage.com/109x100.png/cc0000/ffffff""},{""item"":""http://dummyimage.com/182x100.png/5fa2dd/ffffff""},{""item"":""http://dummyimage.com/101x100.png/cc0000/ffffff""}]",396
397,Indestructible Dog Toy,322.43,Pets,Durable toy designed for heavy chewers.,new,City-Vista,credit_card,name@email.com,false,4/5/2023,3/19/2025,"[{""item"":""http://dummyimage.com/217x100.png/cc0000/ffffff""},{""item"":""http://dummyimage.com/168x100.png/cc0000/ffffff""},{""item"":""http://dummyimage.com/130x100.png/cc0000/ffffff""},{""item"":""http://dummyimage.com/149x100.png/ff4444/ffffff""}]",397
398,Chocolate Mint Thins,1681.84,Food - Snacks,Mint-flavored chocolate candies for a refreshing treat.,new,Myrtle,paypal,name@email.com,true,6/20/2025,10/22/2021,"[{""item"":""http://dummyimage.com/146x100.png/dddddd/000000""},{""item"":""http://dummyimage.com/194x100.png/5fa2dd/ffffff""},{""item"":""http://dummyimage.com/124x100.png/5fa2dd/ffffff""},{""item"":""http://dummyimage.com/135x100.png/dddddd/000000""}]",398
399,Balsamic Vinegar,7875.4,Food - Condiments,"Rich and tangy balsamic vinegar, perfect for dressings.",used,Myrtle,paypal,t.user123,false,4/12/2023,10/29/2022,"[{""item"":""http://dummyimage.com/185x100.png/cc0000/ffffff""},{""item"":""http://dummyimage.com/248x100.png/ff4444/ffffff""},{""item"":""http://dummyimage.com/225x100.png/ff4444/ffffff""},{""item"":""http://dummyimage.com/208x100.png/5fa2dd/ffffff""},{""item"":""http://dummyimage.com/148x100.png/5fa2dd/ffffff""}]",399
400,Graphic Tee,979.57,Clothing,Soft cotton graphic tee available in various designs.,new,Murchison,cash,(555) 123-9876,false,8/7/2025,8/1/2024,[],400
401,Travel Pillow with Memory Foam,6948.75,Travel,Ergonomically designed neck pillow for comfortable travel.,new,Isabella,credit_card,(555) 123-9876,false,7/16/2021,10/1/2023,"[{""item"":""http://dummyimage.com/185x100.png/5fa2dd/ffffff""},{""item"":""http://dummyimage.com/151x100.png/5fa2dd/ffffff""},{""item"":""http://dummyimage.com/115x100.png/ff4444/ffffff""},{""item"":""http://dummyimage.com/200x100.png/dddddd/000000""},{""item"":""http://dummyimage.com/248x100.png/dddddd/000000""},{""item"":""http://dummyimage.com/230x100.png/cc0000/ffffff""}]",401
402,Pet Leash,7238.14,Pets,Durable pet leash with comfortable handle.,new,Isabella,paypal,(555) 123-9876,false,8/14/2021,6/27/2023,"[{""item"":""http://dummyimage.com/132x100.png/dddddd/000000""}]",402
403,Bluetooth Headphones,4223.09,Audio,Noise-cancelling Bluetooth headphones for immersive sound.,used,Murchison,cash,(555) 123-9876,true,10/14/2024,1/22/2025,"[{""item"":""http://dummyimage.com/154x100.png/cc0000/ffffff""},{""item"":""http://dummyimage.com/181x100.png/ff4444/ffffff""},{""item"":""http://dummyimage.com/166x100.png/cc0000/ffffff""}]",403
404,Portable Solar Charger,578.15,Electronics,Solar-powered charger for smartphones and tablets.,used,Myrtle,credit_card,name@email.com,true,1/28/2023,12/22/2023,[],404
405,Garden Vegetable Soup,3309.83,Food - Canned Goods,"A hearty soup filled with vegetables and herbs, perfect for a light meal.",used,City-Vista,credit_card,(555) 123-9876,true,7/10/2020,5/23/2021,"[{""item"":""http://dummyimage.com/111x100.png/5fa2dd/ffffff""},{""item"":""http://dummyimage.com/119x100.png/dddddd/000000""}]",405
406,Fresh Strawberries,3928.26,Food - Produce,"Sweet and juicy strawberries, perfect for desserts.",new,City-Vista,cash,t.user123,false,6/21/2022,6/8/2021,[],406
407,Self-Cleaning Water Bottle,3337.72,Fitness,Water bottle with built-in UV-C light for self-cleaning.,new,Isabella,credit_card,(555) 123-9876,false,10/11/2023,6/1/2021,"[{""item"":""http://dummyimage.com/239x100.png/ff4444/ffffff""},{""item"":""http://dummyimage.com/136x100.png/5fa2dd/ffffff""},{""item"":""http://dummyimage.com/181x100.png/cc0000/ffffff""},{""item"":""http://dummyimage.com/248x100.png/cc0000/ffffff""},{""item"":""http://dummyimage.com/108x100.png/5fa2dd/ffffff""},{""item"":""http://dummyimage.com/176x100.png/ff4444/ffffff""}]",407
408,Magnetic Whiteboard,6477.19,Office,Reusable whiteboard for notes and reminders with magnetic backing.,used,Myrtle,credit_card,name@email.com,true,11/12/2024,7/26/2023,[],408
409,Legging Pants,6808.14,Clothing - Activewear,Comfortable and stretchy legging pants perfect for workouts or daily wear.,used,Isabella,paypal,(555) 123-9876,true,2/20/2025,3/23/2024,"[{""item"":""http://dummyimage.com/131x100.png/dddddd/000000""},{""item"":""http://dummyimage.com/134x100.png/cc0000/ffffff""},{""item"":""http://dummyimage.com/246x100.png/5fa2dd/ffffff""},{""item"":""http://dummyimage.com/200x100.png/dddddd/000000""},{""item"":""http://dummyimage.com/192x100.png/ff4444/ffffff""}]",409
410,Spicy Tuna Sushi Kit,1656.64,Food - Prepared Meals,Everything you need to make delicious spicy tuna rolls at home.,used,Myrtle,credit_card,name@email.com,false,7/17/2020,3/28/2025,"[{""item"":""http://dummyimage.com/150x100.png/dddddd/000000""},{""item"":""http://dummyimage.com/226x100.png/cc0000/ffffff""},{""item"":""http://dummyimage.com/190x100.png/ff4444/ffffff""}]",410
411,Sesame Garlic Stir-Fry Sauce,3137.03,Food - Sauces,A flavorful sauce for stir-frying vegetables and meats.,used,Murchison,cash,name@email.com,true,8/4/2020,7/22/2020,"[{""item"":""http://dummyimage.com/209x100.png/cc0000/ffffff""}]",411
412,Pet Hair Vacuum Cleaner Attachment,1002.86,Pets,Specialized attachment for removing pet hair from surfaces.,used,Murchison,credit_card,t.user123,false,7/4/2024,9/16/2022,"[{""item"":""http://dummyimage.com/161x100.png/cc0000/ffffff""},{""item"":""http://dummyimage.com/122x100.png/cc0000/ffffff""},{""item"":""http://dummyimage.com/124x100.png/dddddd/000000""},{""item"":""http://dummyimage.com/231x100.png/5fa2dd/ffffff""},{""item"":""http://dummyimage.com/225x100.png/dddddd/000000""}]",412
413,Herbal Tea Sampler Box,2091.99,Food,Assorted collection of herbal teas for relaxation and wellness.,used,City-Vista,credit_card,name@email.com,false,11/10/2022,11/7/2022,"[{""item"":""http://dummyimage.com/204x100.png/dddddd/000000""},{""item"":""http://dummyimage.com/123x100.png/dddddd/000000""},{""item"":""http://dummyimage.com/206x100.png/dddddd/000000""},{""item"":""http://dummyimage.com/157x100.png/cc0000/ffffff""},{""item"":""http://dummyimage.com/151x100.png/5fa2dd/ffffff""}]",413
414,Adjustable Pet Feeder,9220.83,Pets,Convenient feeder that adjusts to your pet's height.,used,Myrtle,credit_card,name@email.com,true,4/20/2025,11/23/2020,"[{""item"":""http://dummyimage.com/114x100.png/5fa2dd/ffffff""}]",414
415,Laptop Backpack,404.23,Accessories,Water-resistant laptop backpack with multiple compartments.,new,Murchison,paypal,t.user123,true,2/22/2024,11/4/2024,"[{""item"":""http://dummyimage.com/147x100.png/dddddd/000000""},{""item"":""http://dummyimage.com/179x100.png/cc0000/ffffff""},{""item"":""http://dummyimage.com/247x100.png/5fa2dd/ffffff""}]",415
416,Smart Thermos,3360.85,Fitness,Thermos that tracks your water intake and temperature.,used,Murchison,paypal,name@email.com,false,4/22/2023,3/9/2023,"[{""item"":""http://dummyimage.com/227x100.png/cc0000/ffffff""},{""item"":""http://dummyimage.com/149x100.png/cc0000/ffffff""}]",416
417,Silicone Baking Mats,8171.52,Kitchen,Reusable silicone mats for non-stick baking.,new,City-Vista,credit_card,(555) 123-9876,true,5/26/2023,7/27/2021,[],417
418,Samsung Galaxy Smartwatch,9548.46,Wearable Tech,Stylish smartwatch with fitness tracking and notifications.,used,Isabella,paypal,t.user123,true,2/13/2023,8/16/2022,"[{""item"":""http://dummyimage.com/170x100.png/cc0000/ffffff""}]",418
419,Ribbed Knit Dress,5548.17,Clothing - Dresses,A fitted ribbed knit dress that hugs your curves perfectly.,used,City-Vista,paypal,(555) 123-9876,false,11/7/2025,2/6/2021,"[{""item"":""http://dummyimage.com/109x100.png/dddddd/000000""},{""item"":""http://dummyimage.com/223x100.png/5fa2dd/ffffff""},{""item"":""http://dummyimage.com/150x100.png/5fa2dd/ffffff""},{""item"":""http://dummyimage.com/163x100.png/5fa2dd/ffffff""},{""item"":""http://dummyimage.com/216x100.png/ff4444/ffffff""},{""item"":""http://dummyimage.com/105x100.png/5fa2dd/ffffff""}]",419
420,Apple Cinnamon Instant Oatmeal,4006.11,Food - Cereal,"Quick oatmeal packets infused with apple and cinnamon, perfect for breakfast.",new,Murchison,cash,t.user123,true,2/26/2024,9/24/2025,"[{""item"":""http://dummyimage.com/227x100.png/ff4444/ffffff""},{""item"":""http://dummyimage.com/236x100.png/5fa2dd/ffffff""},{""item"":""http://dummyimage.com/109x100.png/5fa2dd/ffffff""},{""item"":""http://dummyimage.com/163x100.png/ff4444/ffffff""},{""item"":""http://dummyimage.com/228x100.png/cc0000/ffffff""},{""item"":""http://dummyimage.com/162x100.png/ff4444/ffffff""}]",420
421,Dog Waste Bag Dispenser,5019.27,Pets,Convenient dispenser for dog waste bags on walks.,new,Murchison,cash,name@email.com,false,3/22/2020,10/6/2022,"[{""item"":""http://dummyimage.com/235x100.png/5fa2dd/ffffff""},{""item"":""http://dummyimage.com/186x100.png/5fa2dd/ffffff""},{""item"":""http://dummyimage.com/148x100.png/dddddd/000000""}]",421
422,Mango Sticky Rice Dessert,448.44,Food - Frozen Desserts,Sweetened sticky rice served with fresh mango and coconut sauce.,used,City-Vista,credit_card,(555) 123-9876,false,8/23/2025,3/26/2021,"[{""item"":""http://dummyimage.com/140x100.png/cc0000/ffffff""},{""item"":""http://dummyimage.com/223x100.png/cc0000/ffffff""},{""item"":""http://dummyimage.com/111x100.png/dddddd/000000""},{""item"":""http://dummyimage.com/239x100.png/5fa2dd/ffffff""},{""item"":""http://dummyimage.com/239x100.png/dddddd/000000""}]",422
423,Smoked Paprika Chicken Thighs,3753.12,Food - Meat,Marinated chicken thighs with smoked paprika for a smoky flavor.,new,Murchison,credit_card,(555) 123-9876,false,1/22/2022,9/22/2023,"[{""item"":""http://dummyimage.com/137x100.png/5fa2dd/ffffff""}]",423
424,Thai Red Curry Paste,1409.65,Food - Condiments,Spicy and flavorful curry paste for authentic Thai dishes.,new,Murchison,credit_card,(555) 123-9876,true,4/28/2025,3/6/2021,[],424
425,Travel Yoga Mat,8082.27,Fitness,Lightweight yoga mat for practicing on the go.,used,Murchison,paypal,(555) 123-9876,false,3/12/2022,1/26/2024,"[{""item"":""http://dummyimage.com/178x100.png/5fa2dd/ffffff""},{""item"":""http://dummyimage.com/213x100.png/ff4444/ffffff""},{""item"":""http://dummyimage.com/145x100.png/5fa2dd/ffffff""},{""item"":""http://dummyimage.com/189x100.png/dddddd/000000""},{""item"":""http://dummyimage.com/127x100.png/5fa2dd/ffffff""},{""item"":""http://dummyimage.com/191x100.png/ff4444/ffffff""}]",425
426,Organic Lentil Soup,5388.26,Food - Soups,A hearty soup made with organic lentils and vegetables.,new,City-Vista,paypal,t.user123,false,2/9/2022,7/10/2023,"[{""item"":""http://dummyimage.com/147x100.png/5fa2dd/ffffff""},{""item"":""http://dummyimage.com/190x100.png/cc0000/ffffff""},{""item"":""http://dummyimage.com/220x100.png/cc0000/ffffff""},{""item"":""http://dummyimage.com/199x100.png/5fa2dd/ffffff""},{""item"":""http://dummyimage.com/154x100.png/dddddd/000000""},{""item"":""http://dummyimage.com/217x100.png/cc0000/ffffff""}]",426
427,Smoked Paprika Chicken Thighs,5650.24,Food - Meat,Marinated chicken thighs with smoked paprika for a smoky flavor.,used,Isabella,cash,name@email.com,false,8/13/2023,6/15/2025,"[{""item"":""http://dummyimage.com/230x100.png/cc0000/ffffff""},{""item"":""http://dummyimage.com/150x100.png/ff4444/ffffff""}]",427
428,Italian Breadsticks,1661.35,Food - Bakery,Crispy breadsticks seasoned with herbs and garlic.,used,City-Vista,paypal,(555) 123-9876,false,6/17/2024,6/9/2024,"[{""item"":""http://dummyimage.com/212x100.png/ff4444/ffffff""}]",428
429,Smart Air Purifier,1614.68,Home,Filters allergens and pollutants from the air for a healthier home.,used,City-Vista,credit_card,(555) 123-9876,true,12/18/2022,10/30/2023,"[{""item"":""http://dummyimage.com/156x100.png/dddddd/000000""},{""item"":""http://dummyimage.com/152x100.png/dddddd/000000""},{""item"":""http://dummyimage.com/136x100.png/ff4444/ffffff""},{""item"":""http://dummyimage.com/242x100.png/5fa2dd/ffffff""}]",429
430,Raisin Cinnamon Granola,6473.44,Food - Cereals,Crunchy granola with raisins and cinnamon for a delightful breakfast.,new,City-Vista,credit_card,(555) 123-9876,true,9/25/2021,7/31/2025,"[{""item"":""http://dummyimage.com/222x100.png/ff4444/ffffff""},{""item"":""http://dummyimage.com/117x100.png/5fa2dd/ffffff""},{""item"":""http://dummyimage.com/134x100.png/ff4444/ffffff""},{""item"":""http://dummyimage.com/133x100.png/5fa2dd/ffffff""},{""item"":""http://dummyimage.com/152x100.png/dddddd/000000""},{""item"":""http://dummyimage.com/125x100.png/cc0000/ffffff""}]",430
431,A-Line Skirt,9324.47,Clothing - Bottoms,"Classic A-line skirt that flatters every figure, perfect for work or play.",new,Murchison,paypal,name@email.com,true,3/27/2025,11/8/2022,[],431
432,Wall Planner,8083.48,Office,Large wall planner for organizing schedules.,new,Myrtle,cash,t.user123,false,9/15/2023,10/17/2025,"[{""item"":""http://dummyimage.com/215x100.png/ff4444/ffffff""},{""item"":""http://dummyimage.com/151x100.png/5fa2dd/ffffff""},{""item"":""http://dummyimage.com/106x100.png/ff4444/ffffff""},{""item"":""http://dummyimage.com/187x100.png/dddddd/000000""}]",432
433,Beef Sirloin Steak,9240.16,Food - Meat,"Juicy and tender beef sirloin steak, grass-fed.",new,Murchison,paypal,(555) 123-9876,true,2/22/2020,1/23/2025,"[{""item"":""http://dummyimage.com/142x100.png/ff4444/ffffff""},{""item"":""http://dummyimage.com/149x100.png/cc0000/ffffff""},{""item"":""http://dummyimage.com/241x100.png/5fa2dd/ffffff""}]",433
434,Kids' Art Supplies Kit,2806.53,Toys,"Complete kit with crayons, markers, and paper for young artists.",used,Isabella,paypal,t.user123,false,12/14/2022,7/21/2021,"[{""item"":""http://dummyimage.com/207x100.png/5fa2dd/ffffff""}]",434
435,Yoga Blocks,1309.47,Fitness,Set of two yoga blocks for increased stability and support.,used,Isabella,credit_card,(555) 123-9876,false,9/25/2025,3/21/2021,"[{""item"":""http://dummyimage.com/246x100.png/cc0000/ffffff""},{""item"":""http://dummyimage.com/191x100.png/cc0000/ffffff""},{""item"":""http://dummyimage.com/167x100.png/cc0000/ffffff""},{""item"":""http://dummyimage.com/222x100.png/dddddd/000000""}]",435
436,Corn Tortillas,7344.75,Food - Bakery,"Soft and warm corn tortillas, perfect for tacos and burritos.",new,City-Vista,cash,name@email.com,false,11/3/2025,3/18/2023,"[{""item"":""http://dummyimage.com/177x100.png/ff4444/ffffff""},{""item"":""http://dummyimage.com/179x100.png/dddddd/000000""},{""item"":""http://dummyimage.com/179x100.png/ff4444/ffffff""},{""item"":""http://dummyimage.com/142x100.png/dddddd/000000""},{""item"":""http://dummyimage.com/171x100.png/cc0000/ffffff""}]",436
437,Handmade Wooden Utensil Set,9418.65,Kitchen,Unique handcrafted utensils for cooking and serving.,new,Myrtle,paypal,t.user123,false,5/7/2021,12/10/2023,"[{""item"":""http://dummyimage.com/227x100.png/ff4444/ffffff""},{""item"":""http://dummyimage.com/224x100.png/cc0000/ffffff""}]",437
438,Whole Chicken,3851.43,Food - Meat,"A whole free-range chicken, ready for roasting.",new,Isabella,paypal,name@email.com,true,10/28/2025,6/13/2025,"[{""item"":""http://dummyimage.com/173x100.png/cc0000/ffffff""},{""item"":""http://dummyimage.com/191x100.png/ff4444/ffffff""},{""item"":""http://dummyimage.com/119x100.png/dddddd/000000""},{""item"":""http://dummyimage.com/219x100.png/ff4444/ffffff""},{""item"":""http://dummyimage.com/109x100.png/dddddd/000000""},{""item"":""http://dummyimage.com/161x100.png/cc0000/ffffff""}]",438
439,Maple Cinnamon Granola Bars,6526.42,Food - Snacks,Chewy granola bars with maple and cinnamon flavor.,new,Isabella,paypal,(555) 123-9876,false,6/17/2020,2/24/2022,"[{""item"":""http://dummyimage.com/184x100.png/cc0000/ffffff""},{""item"":""http://dummyimage.com/163x100.png/dddddd/000000""},{""item"":""http://dummyimage.com/225x100.png/ff4444/ffffff""},{""item"":""http://dummyimage.com/228x100.png/dddddd/000000""}]",439
440,Baked Falafel,905.98,Food - Vegetarian,"Crispy baked falafel balls, perfect for salads",new,City-Vista,cash,name@email.com,true,9/1/2020,5/11/2023,"[{""item"":""http://dummyimage.com/138x100.png/cc0000/ffffff""},{""item"":""http://dummyimage.com/178x100.png/ff4444/ffffff""},{""item"":""http://dummyimage.com/156x100.png/cc0000/ffffff""},{""item"":""http://dummyimage.com/101x100.png/dddddd/000000""},{""item"":""http://dummyimage.com/169x100.png/dddddd/000000""},{""item"":""http://dummyimage.com/192x100.png/dddddd/000000""}]",440
441,Magnetic Whiteboard,4209.3,Office,Reusable whiteboard for notes and reminders with magnetic backing.,used,Isabella,cash,t.user123,false,2/11/2024,3/12/2021,"[{""item"":""http://dummyimage.com/199x100.png/cc0000/ffffff""},{""item"":""http://dummyimage.com/175x100.png/cc0000/ffffff""},{""item"":""http://dummyimage.com/115x100.png/5fa2dd/ffffff""},{""item"":""http://dummyimage.com/133x100.png/ff4444/ffffff""}]",441
442,Repair Tool Set for Home Improvement,6040.31,Tools,Small toolkit with essentials for home repairs.,new,City-Vista,cash,(555) 123-9876,false,12/5/2022,10/13/2023,"[{""item"":""http://dummyimage.com/153x100.png/cc0000/ffffff""},{""item"":""http://dummyimage.com/184x100.png/5fa2dd/ffffff""}]",442
443,Stylish Wireless Earbuds,4240.76,Audio,True wireless earbuds with excellent sound quality.,new,Isabella,paypal,t.user123,true,1/8/2022,6/17/2025,[],443
444,Vegetable Curry,1632.49,Food - Frozen Foods,A hearty vegetable curry for a quick and satisfying meal.,new,City-Vista,paypal,t.user123,false,12/17/2023,1/2/2021,"[{""item"":""http://dummyimage.com/131x100.png/cc0000/ffffff""},{""item"":""http://dummyimage.com/150x100.png/cc0000/ffffff""}]",444
445,Outdoor Adventure Backpack,3177.01,Outdoor,Durable backpack for hiking or travel.,new,City-Vista,paypal,(555) 123-9876,false,2/2/2024,9/18/2020,"[{""item"":""http://dummyimage.com/124x100.png/dddddd/000000""}]",445
446,Tomato Basil Pasta Sauce,8827.04,Food - Sauces,Rich and flavorful pasta sauce made with ripe tomatoes and basil.,new,City-Vista,cash,name@email.com,false,5/20/2025,5/24/2025,"[{""item"":""http://dummyimage.com/170x100.png/cc0000/ffffff""}]",446
447,Spaghetti Squash,8102.31,Food - Produce,Low-carb vegetable for pasta alternatives.,new,City-Vista,cash,t.user123,true,1/21/2021,3/28/2025,"[{""item"":""http://dummyimage.com/193x100.png/cc0000/ffffff""},{""item"":""http://dummyimage.com/247x100.png/dddddd/000000""},{""item"":""http://dummyimage.com/112x100.png/dddddd/000000""}]",447
448,Avocado Oil Mayo,5201.0,Food - Condiments,Creamy mayonnaise made with avocado oil for a healthier twist.,new,City-Vista,cash,(555) 123-9876,false,1/2/2020,2/27/2025,"[{""item"":""http://dummyimage.com/158x100.png/ff4444/ffffff""},{""item"":""http://dummyimage.com/182x100.png/dddddd/000000""},{""item"":""http://dummyimage.com/198x100.png/5fa2dd/ffffff""},{""item"":""http://dummyimage.com/168x100.png/ff4444/ffffff""},{""item"":""http://dummyimage.com/208x100.png/dddddd/000000""}]",448
449,Solar Garden Lights,1801.63,Outdoor,Energy-efficient lights that charge during the day and illuminate at night.,new,Murchison,paypal,(555) 123-9876,false,6/4/2021,6/3/2023,"[{""item"":""http://dummyimage.com/207x100.png/5fa2dd/ffffff""},{""item"":""http://dummyimage.com/194x100.png/cc0000/ffffff""},{""item"":""http://dummyimage.com/134x100.png/dddddd/000000""},{""item"":""http://dummyimage.com/230x100.png/ff4444/ffffff""},{""item"":""http://dummyimage.com/235x100.png/cc0000/ffffff""}]",449
450,Spicy Thai Chili Sauce,6257.54,Food - Sauces,A sweet and spicy sauce for dipping or cooking.,used,City-Vista,cash,name@email.com,false,10/20/2021,7/26/2022,"[{""item"":""http://dummyimage.com/183x100.png/ff4444/ffffff""}]",450
451,Organic Granola,6716.92,Food - Breakfast,Healthy granola made with oats and honey.,used,Myrtle,credit_card,name@email.com,true,11/2/2025,3/10/2020,"[{""item"":""http://dummyimage.com/188x100.png/5fa2dd/ffffff""},{""item"":""http://dummyimage.com/228x100.png/dddddd/000000""}]",451
452,Over-Ear Headphones,9731.76,Audio,Comfortable over-ear headphones with deep bass.,new,Myrtle,cash,(555) 123-9876,true,2/8/2021,2/17/2024,"[{""item"":""http://dummyimage.com/116x100.png/ff4444/ffffff""}]",452
453,Electric Hot Water Dispenser,5667.86,Kitchen,Instant hot water dispenser for tea and cooking.,new,Murchison,credit_card,(555) 123-9876,true,5/23/2023,1/22/2022,"[{""item"":""http://dummyimage.com/203x100.png/cc0000/ffffff""},{""item"":""http://dummyimage.com/110x100.png/dddddd/000000""}]",453
454,Dog Car Seat Cover,6713.21,Pets,Waterproof cover to protect car seats from pet hair and dirt.,used,City-Vista,paypal,name@email.com,true,7/28/2020,11/4/2021,"[{""item"":""http://dummyimage.com/178x100.png/ff4444/ffffff""}]",454
455,Pasta Portion Control Measure,2627.85,Kitchen,Tool for measuring perfect pasta portions every time.,new,City-Vista,paypal,t.user123,false,3/28/2025,8/22/2024,[],455
456,Spiralizer,1065.57,Kitchen,Vegetable spiralizer for healthy meals.,used,City-Vista,cash,t.user123,false,6/19/2021,8/3/2022,"[{""item"":""http://dummyimage.com/104x100.png/dddddd/000000""},{""item"":""http://dummyimage.com/245x100.png/ff4444/ffffff""},{""item"":""http://dummyimage.com/127x100.png/5fa2dd/ffffff""},{""item"":""http://dummyimage.com/158x100.png/cc0000/ffffff""},{""item"":""http://dummyimage.com/217x100.png/dddddd/000000""}]",456
457,Basketball,8512.98,Sports,Official size basketball for indoor and outdoor play.,used,City-Vista,credit_card,(555) 123-9876,false,7/1/2023,9/22/2023,"[{""item"":""http://dummyimage.com/249x100.png/dddddd/000000""},{""item"":""http://dummyimage.com/130x100.png/ff4444/ffffff""},{""item"":""http://dummyimage.com/237x100.png/dddddd/000000""},{""item"":""http://dummyimage.com/222x100.png/5fa2dd/ffffff""},{""item"":""http://dummyimage.com/126x100.png/cc0000/ffffff""},{""item"":""http://dummyimage.com/140x100.png/cc0000/ffffff""}]",457
458,Truffle Parmesan Fries,4188.06,Food - Snacks,"Crispy fries tossed in truffle oil and parmesan, a gourmet snack.",used,Myrtle,paypal,(555) 123-9876,true,8/28/2024,12/16/2020,[],458
459,Gardening Kneeler and Seat,686.35,Garden,Foldable kneeler that doubles as a seat for gardening convenience.,used,Murchison,paypal,name@email.com,true,10/14/2024,3/10/2025,"[{""item"":""http://dummyimage.com/101x100.png/dddddd/000000""},{""item"":""http://dummyimage.com/207x100.png/5fa2dd/ffffff""},{""item"":""http://dummyimage.com/185x100.png/ff4444/ffffff""}]",459
460,Creamy Ranch Dressing,2380.45,Food - Dressings,Classic ranch dressing for salads and dipping.,used,Myrtle,cash,name@email.com,false,10/5/2024,11/29/2022,"[{""item"":""http://dummyimage.com/149x100.png/ff4444/ffffff""},{""item"":""http://dummyimage.com/140x100.png/ff4444/ffffff""},{""item"":""http://dummyimage.com/101x100.png/ff4444/ffffff""},{""item"":""http://dummyimage.com/102x100.png/5fa2dd/ffffff""},{""item"":""http://dummyimage.com/147x100.png/dddddd/000000""},{""item"":""http://dummyimage.com/136x100.png/5fa2dd/ffffff""}]",460
461,Habanero Hot Sauce,9154.5,Food - Condiments,Fiery hot sauce made with fresh habaneros and spices.,used,Murchison,cash,(555) 123-9876,true,4/23/2020,5/1/2021,"[{""item"":""http://dummyimage.com/223x100.png/dddddd/000000""},{""item"":""http://dummyimage.com/133x100.png/ff4444/ffffff""},{""item"":""http://dummyimage.com/119x100.png/ff4444/ffffff""},{""item"":""http://dummyimage.com/173x100.png/cc0000/ffffff""},{""item"":""http://dummyimage.com/139x100.png/5fa2dd/ffffff""}]",461
462,Chocolate Fudge Brownie Mix,7461.27,Food - Baking,Just add water for delicious brownies.,new,Myrtle,credit_card,t.user123,false,2/2/2020,4/30/2022,"[{""item"":""http://dummyimage.com/142x100.png/5fa2dd/ffffff""},{""item"":""http://dummyimage.com/162x100.png/dddddd/000000""},{""item"":""http://dummyimage.com/161x100.png/dddddd/000000""},{""item"":""http://dummyimage.com/204x100.png/5fa2dd/ffffff""},{""item"":""http://dummyimage.com/240x100.png/dddddd/000000""}]",462
463,Zucchini,2314.26,Food - Produce,"Fresh zucchini, versatile for grilling or sautéing.",used,Isabella,cash,name@email.com,true,10/30/2022,10/19/2021,"[{""item"":""http://dummyimage.com/248x100.png/ff4444/ffffff""},{""item"":""http://dummyimage.com/222x100.png/dddddd/000000""},{""item"":""http://dummyimage.com/230x100.png/cc0000/ffffff""},{""item"":""http://dummyimage.com/109x100.png/cc0000/ffffff""}]",463
464,Classic Pesto Sauce,2745.02,Food - Sauces,"Fresh basil pesto, perfect for pasta or as a sandwich spread.",new,Isabella,credit_card,(555) 123-9876,false,6/8/2021,9/29/2021,"[{""item"":""http://dummyimage.com/114x100.png/cc0000/ffffff""}]",464
465,LED Strip Lights Kit,540.79,Home,DIY LED strip lights with remote control.,used,City-Vista,credit_card,t.user123,true,11/8/2024,4/16/2023,"[{""item"":""http://dummyimage.com/177x100.png/cc0000/ffffff""},{""item"":""http://dummyimage.com/177x100.png/5fa2dd/ffffff""},{""item"":""http://dummyimage.com/232x100.png/dddddd/000000""}]",465
466,Rechargeable Electric Toothbrush,3326.31,Health,Advanced electric toothbrush for effective cleaning.,new,City-Vista,cash,(555) 123-9876,false,12/10/2022,12/30/2020,[],466
467,Fall-Themed Table Runner,5845.89,Home,Decorative table runner perfect for autumn gatherings.,new,Murchison,credit_card,t.user123,true,8/19/2020,10/5/2021,"[{""item"":""http://dummyimage.com/227x100.png/ff4444/ffffff""},{""item"":""http://dummyimage.com/212x100.png/ff4444/ffffff""},{""item"":""http://dummyimage.com/168x100.png/ff4444/ffffff""},{""item"":""http://dummyimage.com/234x100.png/dddddd/000000""}]",467
468,Chopping Board,3260.57,Kitchen,Reversible bamboo chopping board for food prep.,new,Murchison,paypal,(555) 123-9876,true,4/13/2023,5/12/2020,"[{""item"":""http://dummyimage.com/119x100.png/dddddd/000000""},{""item"":""http://dummyimage.com/146x100.png/cc0000/ffffff""}]",468
469,Beef Stroganoff Mix,168.53,Food - Meal Kits,Everything you need to create a hearty beef stroganoff.,new,Isabella,paypal,t.user123,false,12/7/2022,10/14/2023,[],469
470,LED Makeup Mirror,7416.44,Beauty,Illuminated vanity mirror with adjustable brightness settings.,used,Murchison,cash,name@email.com,true,3/1/2025,10/2/2024,[],470
471,Automatic Pet Feeder,7182.74,Pets,Programmable pet feeder for scheduled meals.,used,City-Vista,credit_card,(555) 123-9876,false,3/22/2025,8/30/2022,"[{""item"":""http://dummyimage.com/250x100.png/cc0000/ffffff""},{""item"":""http://dummyimage.com/203x100.png/dddddd/000000""},{""item"":""http://dummyimage.com/246x100.png/5fa2dd/ffffff""},{""item"":""http://dummyimage.com/239x100.png/dddddd/000000""},{""item"":""http://dummyimage.com/154x100.png/5fa2dd/ffffff""},{""item"":""http://dummyimage.com/197x100.png/5fa2dd/ffffff""}]",471
472,Travel Pillow,5092.67,Travel,Memory foam travel pillow for neck support.,used,Isabella,paypal,t.user123,false,9/2/2024,10/19/2024,"[{""item"":""http://dummyimage.com/229x100.png/ff4444/ffffff""},{""item"":""http://dummyimage.com/183x100.png/cc0000/ffffff""},{""item"":""http://dummyimage.com/152x100.png/5fa2dd/ffffff""}]",472
473,Berry Smoothie Mix,9002.23,Food - Frozen Foods,Frozen mix for quick berry smoothies.,used,Isabella,cash,name@email.com,true,10/18/2025,9/18/2023,"[{""item"":""http://dummyimage.com/215x100.png/5fa2dd/ffffff""},{""item"":""http://dummyimage.com/182x100.png/ff4444/ffffff""},{""item"":""http://dummyimage.com/137x100.png/dddddd/000000""},{""item"":""http://dummyimage.com/113x100.png/5fa2dd/ffffff""},{""item"":""http://dummyimage.com/120x100.png/ff4444/ffffff""},{""item"":""http://dummyimage.com/186x100.png/5fa2dd/ffffff""}]",473
474,Quality Chef Apron,8075.65,Kitchen,Durable apron to keep clothes clean while cooking.,used,Myrtle,paypal,(555) 123-9876,false,4/8/2024,6/15/2024,"[{""item"":""http://dummyimage.com/177x100.png/cc0000/ffffff""},{""item"":""http://dummyimage.com/204x100.png/ff4444/ffffff""},{""item"":""http://dummyimage.com/237x100.png/dddddd/000000""},{""item"":""http://dummyimage.com/234x100.png/cc0000/ffffff""}]",474
475,Glass Water Bottle,7698.29,Fitness,Borosilicate glass water bottle with silicone sleeve.,used,Myrtle,credit_card,(555) 123-9876,false,8/6/2021,10/10/2021,"[{""item"":""http://dummyimage.com/214x100.png/cc0000/ffffff""},{""item"":""http://dummyimage.com/205x100.png/cc0000/ffffff""},{""item"":""http://dummyimage.com/107x100.png/dddddd/000000""}]",475
476,Glass Water Bottle,6883.13,Fitness,Borosilicate glass water bottle with silicone sleeve.,new,Murchison,cash,(555) 123-9876,false,12/16/2022,7/12/2023,"[{""item"":""http://dummyimage.com/196x100.png/5fa2dd/ffffff""},{""item"":""http://dummyimage.com/134x100.png/cc0000/ffffff""},{""item"":""http://dummyimage.com/145x100.png/dddddd/000000""},{""item"":""http://dummyimage.com/179x100.png/ff4444/ffffff""},{""item"":""http://dummyimage.com/203x100.png/dddddd/000000""}]",476
477,Multi-Function Smartphone Holder,5043.3,Electronics,"Versatile holder that can be used on desks, cars, and more.",new,Murchison,paypal,(555) 123-9876,false,5/29/2022,3/30/2022,"[{""item"":""http://dummyimage.com/185x100.png/ff4444/ffffff""},{""item"":""http://dummyimage.com/196x100.png/cc0000/ffffff""},{""item"":""http://dummyimage.com/227x100.png/dddddd/000000""},{""item"":""http://dummyimage.com/188x100.png/dddddd/000000""},{""item"":""http://dummyimage.com/196x100.png/dddddd/000000""},{""item"":""http://dummyimage.com/229x100.png/cc0000/ffffff""}]",477
478,Vegetable Pizza Rolls,5864.65,Food - Frozen Foods,"Frozen pizza rolls filled with vegetables and cheese, perfect for snacks.",new,Myrtle,paypal,(555) 123-9876,true,2/13/2022,9/21/2020,"[{""item"":""http://dummyimage.com/109x100.png/ff4444/ffffff""},{""item"":""http://dummyimage.com/110x100.png/dddddd/000000""},{""item"":""http://dummyimage.com/166x100.png/5fa2dd/ffffff""},{""item"":""http://dummyimage.com/111x100.png/5fa2dd/ffffff""},{""item"":""http://dummyimage.com/185x100.png/cc0000/ffffff""},{""item"":""http://dummyimage.com/223x100.png/cc0000/ffffff""}]",478
479,Laptop Backpack,2010.85,Accessories,Water-resistant laptop backpack with multiple compartments.,new,Murchison,paypal,name@email.com,false,12/13/2020,6/30/2025,"[{""item"":""http://dummyimage.com/206x100.png/cc0000/ffffff""},{""item"":""http://dummyimage.com/224x100.png/dddddd/000000""},{""item"":""http://dummyimage.com/224x100.png/ff4444/ffffff""},{""item"":""http://dummyimage.com/130x100.png/ff4444/ffffff""},{""item"":""http://dummyimage.com/234x100.png/5fa2dd/ffffff""}]",479
480,Magnetic Puzzle Board,3265.97,Toys,Magnetic puzzle assembly board for kids.,new,Myrtle,credit_card,(555) 123-9876,true,2/17/2023,6/26/2021,"[{""item"":""http://dummyimage.com/185x100.png/5fa2dd/ffffff""}]",480
481,Cheesy Cauliflower Bake,9438.14,Food - Frozen Vegetables,"A frozen cheesy bake made with cauliflower, great as a side dish or a vegetarian meal.",used,Murchison,credit_card,t.user123,true,10/2/2023,5/6/2025,"[{""item"":""http://dummyimage.com/228x100.png/cc0000/ffffff""},{""item"":""http://dummyimage.com/145x100.png/5fa2dd/ffffff""},{""item"":""http://dummyimage.com/124x100.png/ff4444/ffffff""},{""item"":""http://dummyimage.com/129x100.png/ff4444/ffffff""},{""item"":""http://dummyimage.com/143x100.png/5fa2dd/ffffff""},{""item"":""http://dummyimage.com/215x100.png/cc0000/ffffff""}]",481
482,Cinnamon Spiced Almonds,4276.47,Food - Snacks,Crispy almonds coated with cinnamon and sugar for a sweet and crunchy snack.,used,Isabella,credit_card,(555) 123-9876,true,5/6/2025,1/23/2023,[],482
483,Fruit and Nut Bars,5025.72,Food - Snacks,Individually packaged bars made with dried fruits and nuts.,new,Murchison,cash,(555) 123-9876,false,11/18/2020,6/6/2022,"[{""item"":""http://dummyimage.com/183x100.png/5fa2dd/ffffff""},{""item"":""http://dummyimage.com/131x100.png/dddddd/000000""},{""item"":""http://dummyimage.com/154x100.png/dddddd/000000""},{""item"":""http://dummyimage.com/231x100.png/cc0000/ffffff""},{""item"":""http://dummyimage.com/173x100.png/5fa2dd/ffffff""},{""item"":""http://dummyimage.com/163x100.png/5fa2dd/ffffff""}]",483
484,Personalized Keychain,2117.78,Accessories,Custom keychain with engraved text.,used,City-Vista,paypal,name@email.com,false,9/29/2023,8/8/2021,"[{""item"":""http://dummyimage.com/124x100.png/5fa2dd/ffffff""},{""item"":""http://dummyimage.com/215x100.png/5fa2dd/ffffff""},{""item"":""http://dummyimage.com/200x100.png/dddddd/000000""}]",484
485,Handcrafted Wooden Coasters,9584.25,Home,Set of unique wooden coasters for drinks and decor.,new,City-Vista,cash,(555) 123-9876,false,12/2/2022,12/7/2022,"[{""item"":""http://dummyimage.com/126x100.png/dddddd/000000""},{""item"":""http://dummyimage.com/141x100.png/ff4444/ffffff""},{""item"":""http://dummyimage.com/223x100.png/dddddd/000000""}]",485
486,Electric Food Steamer,7795.14,Kitchen,Electric food steamer for healthy cooking.,used,City-Vista,credit_card,(555) 123-9876,true,12/14/2021,3/7/2025,"[{""item"":""http://dummyimage.com/183x100.png/5fa2dd/ffffff""},{""item"":""http://dummyimage.com/176x100.png/ff4444/ffffff""},{""item"":""http://dummyimage.com/119x100.png/dddddd/000000""},{""item"":""http://dummyimage.com/136x100.png/5fa2dd/ffffff""},{""item"":""http://dummyimage.com/217x100.png/dddddd/000000""}]",486
487,Graphic Tee,5937.89,Clothing,Soft cotton graphic tee available in various designs.,new,Isabella,paypal,name@email.com,true,7/4/2020,2/28/2023,[],487
488,Smoked Paprika,5547.46,Food - Spices,Add a smoky flavor to your dishes.,used,City-Vista,paypal,(555) 123-9876,false,8/14/2023,11/8/2021,"[{""item"":""http://dummyimage.com/184x100.png/cc0000/ffffff""},{""item"":""http://dummyimage.com/175x100.png/dddddd/000000""},{""item"":""http://dummyimage.com/215x100.png/ff4444/ffffff""},{""item"":""http://dummyimage.com/218x100.png/5fa2dd/ffffff""}]",488
489,Leather Wallet,5800.85,Accessories,Genuine leather wallet with multiple compartments.,new,City-Vista,paypal,(555) 123-9876,true,5/1/2020,6/15/2025,"[{""item"":""http://dummyimage.com/209x100.png/5fa2dd/ffffff""}]",489
490,Cotton Tote Bag Set,8314.58,Accessories,Reusable tote bags for shopping and eco-friendly living.,used,Murchison,paypal,(555) 123-9876,true,12/16/2022,7/5/2024,"[{""item"":""http://dummyimage.com/229x100.png/5fa2dd/ffffff""},{""item"":""http://dummyimage.com/197x100.png/dddddd/000000""},{""item"":""http://dummyimage.com/160x100.png/ff4444/ffffff""},{""item"":""http://dummyimage.com/140x100.png/dddddd/000000""},{""item"":""http://dummyimage.com/144x100.png/cc0000/ffffff""}]",490
491,Pet Bed with Removable Cover,7635.52,Pets,Comfy pet bed with washable cover for easy cleaning.,new,City-Vista,paypal,t.user123,false,6/15/2021,1/23/2023,"[{""item"":""http://dummyimage.com/250x100.png/5fa2dd/ffffff""},{""item"":""http://dummyimage.com/158x100.png/5fa2dd/ffffff""},{""item"":""http://dummyimage.com/121x100.png/dddddd/000000""}]",491
492,Sweet Chili Dipping Sauce,6530.19,Food - Condiments,A sweet and spicy sauce ideal for spring rolls or chicken nuggets.,used,Myrtle,paypal,name@email.com,true,8/14/2020,5/2/2024,"[{""item"":""http://dummyimage.com/106x100.png/dddddd/000000""},{""item"":""http://dummyimage.com/148x100.png/cc0000/ffffff""},{""item"":""http://dummyimage.com/162x100.png/5fa2dd/ffffff""},{""item"":""http://dummyimage.com/164x100.png/cc0000/ffffff""},{""item"":""http://dummyimage.com/104x100.png/cc0000/ffffff""}]",492
493,Organic Sweet Potatoes,3350.05,Food - Produce,"Fresh and organic sweet potatoes, ideal for roasting.",used,Isabella,cash,t.user123,true,4/11/2023,7/12/2025,"[{""item"":""http://dummyimage.com/147x100.png/ff4444/ffffff""},{""item"":""http://dummyimage.com/118x100.png/cc0000/ffffff""},{""item"":""http://dummyimage.com/151x100.png/dddddd/000000""},{""item"":""http://dummyimage.com/155x100.png/dddddd/000000""},{""item"":""http://dummyimage.com/194x100.png/5fa2dd/ffffff""}]",493
494,Adjustable Height Standing Desk Converter,508.08,Office,Convert your desk to a standing desk easily.,used,Myrtle,cash,t.user123,false,3/30/2025,8/18/2023,"[{""item"":""http://dummyimage.com/108x100.png/5fa2dd/ffffff""}]",494
495,Sous Vide Cooker,3150.58,Kitchen,Precision cooker for perfect sous vide cooking.,new,Isabella,cash,t.user123,true,3/25/2021,10/26/2023,"[{""item"":""http://dummyimage.com/115x100.png/ff4444/ffffff""},{""item"":""http://dummyimage.com/174x100.png/dddddd/000000""},{""item"":""http://dummyimage.com/139x100.png/5fa2dd/ffffff""}]",495
496,Organic Coconut Water,4884.83,Food - Beverages,Refreshing coconut water packed with electrolytes for hydration.,used,Isabella,cash,(555) 123-9876,true,4/5/2022,6/10/2022,"[{""item"":""http://dummyimage.com/241x100.png/5fa2dd/ffffff""},{""item"":""http://dummyimage.com/133x100.png/5fa2dd/ffffff""},{""item"":""http://dummyimage.com/214x100.png/cc0000/ffffff""},{""item"":""http://dummyimage.com/125x100.png/ff4444/ffffff""},{""item"":""http://dummyimage.com/237x100.png/5fa2dd/ffffff""},{""item"":""http://dummyimage.com/109x100.png/5fa2dd/ffffff""}]",496
497,Portable Pet Stroller,3709.5,Pets,Convenient stroller for pets to enjoy outdoor walks.,used,Murchison,cash,t.user123,true,6/7/2021,11/12/2022,"[{""item"":""http://dummyimage.com/175x100.png/dddddd/000000""},{""item"":""http://dummyimage.com/250x100.png/5fa2dd/ffffff""},{""item"":""http://dummyimage.com/225x100.png/ff4444/ffffff""},{""item"":""http://dummyimage.com/182x100.png/5fa2dd/ffffff""},{""item"":""http://dummyimage.com/250x100.png/cc0000/ffffff""},{""item"":""http://dummyimage.com/173x100.png/ff4444/ffffff""}]",497
498,Air Fryer Oven,2583.8,Kitchen,"Versatile air fryer that also roasts, bakes, and broils.",used,Isabella,cash,t.user123,false,1/6/2024,12/17/2022,"[{""item"":""http://dummyimage.com/224x100.png/dddddd/000000""},{""item"":""http://dummyimage.com/131x100.png/cc0000/ffffff""},{""item"":""http://dummyimage.com/215x100.png/ff4444/ffffff""},{""item"":""http://dummyimage.com/227x100.png/ff4444/ffffff""}]",498
499,Vegetable Stir Fry Mix,1380.94,Food - Fresh Produce,A mix of fresh vegetables for quick stir-fries.,used,Murchison,paypal,(555) 123-9876,false,9/10/2022,5/29/2020,"[{""item"":""http://dummyimage.com/246x100.png/ff4444/ffffff""},{""item"":""http://dummyimage.com/192x100.png/dddddd/000000""},{""item"":""http://dummyimage.com/197x100.png/5fa2dd/ffffff""},{""item"":""http://dummyimage.com/240x100.png/ff4444/ffffff""},{""item"":""http://dummyimage.com/197x100.png/cc0000/ffffff""},{""item"":""http://dummyimage.com/111x100.png/ff4444/ffffff""}]",499
500,Vegetable Potstickers,2800.93,Food - Frozen Food,"Delicious vegetable dumplings, perfect for steaming or frying.",used,Murchison,paypal,name@email.com,true,11/15/2020,3/13/2024,"[{""item"":""http://dummyimage.com/101x100.png/dddddd/000000""},{""item"":""http://dummyimage.com/136x100.png/dddddd/000000""}]",500
501,Roasted Red Pepper Dip,4728.82,Food - Snacks,"A blend of roasted red peppers and spices, perfect for dipping.",used,Murchison,cash,name@email.com,true,12/12/2024,4/29/2023,"[{""item"":""http://dummyimage.com/188x100.png/cc0000/ffffff""},{""item"":""http://dummyimage.com/195x100.png/cc0000/ffffff""}]",501
502,Sour Cream,3119.12,Food - Dairy,"Tangy sour cream, perfect for dips and toppings.",new,Murchison,cash,name@email.com,true,10/16/2023,10/8/2024,"[{""item"":""http://dummyimage.com/174x100.png/5fa2dd/ffffff""},{""item"":""http://dummyimage.com/209x100.png/5fa2dd/ffffff""},{""item"":""http://dummyimage.com/217x100.png/ff4444/ffffff""}]",502
503,Blue Corn Tortilla Chips,5703.99,Food - Snacks,"Crunchy chips made from blue corn, perfect for dipping.",new,Myrtle,credit_card,(555) 123-9876,true,7/10/2023,6/15/2022,[],503
504,Organic Honeycrisp Apples,573.41,Food - Fruits,"Sweet and crisp apples, perfect for snacking.",new,Myrtle,paypal,(555) 123-9876,true,6/28/2023,7/18/2020,"[{""item"":""http://dummyimage.com/200x100.png/dddddd/000000""},{""item"":""http://dummyimage.com/129x100.png/cc0000/ffffff""}]",504
505,Almond Joy Munch Bars,7618.37,Food - Snacks,"A delightful mix of chocolate, coconut, and almonds in a snack bar.",new,Murchison,credit_card,name@email.com,false,12/17/2020,6/10/2022,"[{""item"":""http://dummyimage.com/247x100.png/dddddd/000000""},{""item"":""http://dummyimage.com/223x100.png/5fa2dd/ffffff""},{""item"":""http://dummyimage.com/250x100.png/cc0000/ffffff""},{""item"":""http://dummyimage.com/124x100.png/5fa2dd/ffffff""},{""item"":""http://dummyimage.com/119x100.png/5fa2dd/ffffff""},{""item"":""http://dummyimage.com/187x100.png/cc0000/ffffff""}]",505
506,Almond Butter,8885.73,Food - Condiments,Creamy almond butter made from roasted almonds.,new,Myrtle,cash,name@email.com,false,12/10/2024,7/28/2023,"[{""item"":""http://dummyimage.com/215x100.png/cc0000/ffffff""},{""item"":""http://dummyimage.com/158x100.png/cc0000/ffffff""},{""item"":""http://dummyimage.com/104x100.png/dddddd/000000""},{""item"":""http://dummyimage.com/192x100.png/ff4444/ffffff""}]",506
507,Window Blinds,2199.42,Home,Adjustable window blinds for privacy and light control.,used,Myrtle,credit_card,name@email.com,false,7/27/2022,2/19/2022,"[{""item"":""http://dummyimage.com/184x100.png/ff4444/ffffff""},{""item"":""http://dummyimage.com/108x100.png/5fa2dd/ffffff""},{""item"":""http://dummyimage.com/242x100.png/cc0000/ffffff""}]",507
508,Tomato Sauce,4974.9,Food - Canned Goods,Rich and flavorful tomato sauce for pasta or pizza.,used,Isabella,cash,t.user123,true,12/26/2025,11/14/2021,"[{""item"":""http://dummyimage.com/146x100.png/dddddd/000000""},{""item"":""http://dummyimage.com/146x100.png/cc0000/ffffff""},{""item"":""http://dummyimage.com/152x100.png/dddddd/000000""},{""item"":""http://dummyimage.com/112x100.png/ff4444/ffffff""},{""item"":""http://dummyimage.com/207x100.png/dddddd/000000""}]",508
509,Multi-Port USB Hub,7176.24,Electronics,USB hub for expanding ports on computers and laptops.,used,Murchison,credit_card,name@email.com,false,3/22/2020,1/17/2024,"[{""item"":""http://dummyimage.com/182x100.png/ff4444/ffffff""},{""item"":""http://dummyimage.com/248x100.png/cc0000/ffffff""}]",509
510,Coconut Curry Sauce,2937.21,Food - Sauces,A flavorful sauce made with coconut milk and spices.,new,City-Vista,paypal,(555) 123-9876,true,1/30/2024,10/12/2020,"[{""item"":""http://dummyimage.com/240x100.png/ff4444/ffffff""},{""item"":""http://dummyimage.com/155x100.png/ff4444/ffffff""},{""item"":""http://dummyimage.com/127x100.png/5fa2dd/ffffff""},{""item"":""http://dummyimage.com/187x100.png/5fa2dd/ffffff""},{""item"":""http://dummyimage.com/242x100.png/dddddd/000000""}]",510
511,Essential Oil Roller Bottles,3074.38,Health,Set of roller bottles for blending and applying essential oils.,new,Isabella,credit_card,(555) 123-9876,false,10/28/2025,2/18/2020,"[{""item"":""http://dummyimage.com/123x100.png/5fa2dd/ffffff""}]",511
512,Smart WiFi Plug,293.61,Smart Home,Control appliances remotely using your smartphone.,new,City-Vista,cash,name@email.com,true,11/11/2025,3/23/2021,"[{""item"":""http://dummyimage.com/184x100.png/dddddd/000000""},{""item"":""http://dummyimage.com/173x100.png/dddddd/000000""}]",512
513,Set of Measuring Spoons,2497.36,Kitchen,Stainless steel measuring spoons set for cooking.,new,Myrtle,paypal,(555) 123-9876,true,6/9/2020,3/29/2020,"[{""item"":""http://dummyimage.com/163x100.png/5fa2dd/ffffff""},{""item"":""http://dummyimage.com/242x100.png/dddddd/000000""},{""item"":""http://dummyimage.com/224x100.png/5fa2dd/ffffff""}]",513
514,Natural Peanut Butter,4814.43,Food - Spreads,Creamy peanut butter with no added sugar or oils.,new,Murchison,paypal,(555) 123-9876,true,5/8/2021,2/1/2024,"[{""item"":""http://dummyimage.com/186x100.png/cc0000/ffffff""},{""item"":""http://dummyimage.com/235x100.png/ff4444/ffffff""},{""item"":""http://dummyimage.com/239x100.png/cc0000/ffffff""}]",514
515,Motorcycle Phone Mount,9100.61,Automotive,Universal mount for smartphones on motorcycles.,used,Murchison,paypal,t.user123,false,10/27/2020,5/13/2021,[],515
516,Smartphone Tripod with Bluetooth Remote,9316.2,Photography,Tripod with wireless remote for effortless photo-taking.,new,City-Vista,paypal,name@email.com,true,8/26/2024,9/1/2022,"[{""item"":""http://dummyimage.com/216x100.png/ff4444/ffffff""},{""item"":""http://dummyimage.com/119x100.png/5fa2dd/ffffff""},{""item"":""http://dummyimage.com/225x100.png/5fa2dd/ffffff""},{""item"":""http://dummyimage.com/151x100.png/dddddd/000000""}]",516
517,Raspberry Limeade,2201.22,Food - Beverages,Sweet and tangy raspberry lime beverage,new,Murchison,paypal,(555) 123-9876,false,2/28/2021,1/29/2024,"[{""item"":""http://dummyimage.com/161x100.png/5fa2dd/ffffff""},{""item"":""http://dummyimage.com/135x100.png/cc0000/ffffff""},{""item"":""http://dummyimage.com/223x100.png/5fa2dd/ffffff""}]",517
518,Fleece Lined Leggings,7729.44,Clothing,Comfortable and warm leggings perfect for colder weather.,used,City-Vista,credit_card,name@email.com,false,10/17/2021,9/23/2020,"[{""item"":""http://dummyimage.com/146x100.png/5fa2dd/ffffff""},{""item"":""http://dummyimage.com/202x100.png/dddddd/000000""},{""item"":""http://dummyimage.com/187x100.png/cc0000/ffffff""}]",518
519,Tortilla Chips,3242.18,Food - Snacks,"Crispy tortilla chips, perfect for dipping.",new,Murchison,credit_card,t.user123,false,11/18/2021,8/21/2025,"[{""item"":""http://dummyimage.com/190x100.png/ff4444/ffffff""},{""item"":""http://dummyimage.com/185x100.png/dddddd/000000""},{""item"":""http://dummyimage.com/132x100.png/dddddd/000000""}]",519
520,Elegant Maxi Skirt,2481.41,Clothing - Bottoms,Float through the day in this beautiful floor-length skirt.,used,Murchison,cash,(555) 123-9876,false,11/4/2022,2/10/2024,"[{""item"":""http://dummyimage.com/101x100.png/ff4444/ffffff""},{""item"":""http://dummyimage.com/123x100.png/dddddd/000000""},{""item"":""http://dummyimage.com/219x100.png/cc0000/ffffff""},{""item"":""http://dummyimage.com/174x100.png/dddddd/000000""},{""item"":""http://dummyimage.com/155x100.png/cc0000/ffffff""}]",520
521,Pasta Salad Kit,5141.35,Food - Prepared Foods,All-in-one kit for making pasta salad easily.,new,Myrtle,paypal,t.user123,false,8/22/2024,4/7/2023,"[{""item"":""http://dummyimage.com/191x100.png/cc0000/ffffff""},{""item"":""http://dummyimage.com/226x100.png/ff4444/ffffff""},{""item"":""http://dummyimage.com/207x100.png/dddddd/000000""},{""item"":""http://dummyimage.com/140x100.png/cc0000/ffffff""},{""item"":""http://dummyimage.com/144x100.png/ff4444/ffffff""},{""item"":""http://dummyimage.com/149x100.png/ff4444/ffffff""}]",521
522,Chipotle Seasoning Blend,3732.83,Food - Spices,A smoky blend of spices for grilling and roasting.,used,Myrtle,credit_card,name@email.com,false,4/29/2022,1/25/2021,"[{""item"":""http://dummyimage.com/121x100.png/dddddd/000000""},{""item"":""http://dummyimage.com/209x100.png/dddddd/000000""},{""item"":""http://dummyimage.com/171x100.png/ff4444/ffffff""},{""item"":""http://dummyimage.com/130x100.png/dddddd/000000""},{""item"":""http://dummyimage.com/153x100.png/ff4444/ffffff""},{""item"":""http://dummyimage.com/129x100.png/ff4444/ffffff""}]",522
523,Beef Sirloin Steak,4781.99,Food - Meat,"Juicy and tender beef sirloin steak, grass-fed.",used,Murchison,cash,name@email.com,false,3/20/2024,10/10/2020,"[{""item"":""http://dummyimage.com/150x100.png/cc0000/ffffff""},{""item"":""http://dummyimage.com/161x100.png/ff4444/ffffff""},{""item"":""http://dummyimage.com/220x100.png/5fa2dd/ffffff""}]",523
524,Pepper Jack Cheese Slices,4654.41,Food - Dairy,"Creamy cheese with a spicy kick, perfect for sandwiches.",new,City-Vista,cash,(555) 123-9876,true,10/31/2023,12/20/2021,[],524
525,Gardening Kneeler and Seat,7107.19,Garden,Foldable kneeler that doubles as a seat for gardening convenience.,used,Murchison,cash,name@email.com,false,8/16/2022,7/20/2024,"[{""item"":""http://dummyimage.com/123x100.png/5fa2dd/ffffff""},{""item"":""http://dummyimage.com/179x100.png/5fa2dd/ffffff""},{""item"":""http://dummyimage.com/191x100.png/5fa2dd/ffffff""},{""item"":""http://dummyimage.com/192x100.png/cc0000/ffffff""},{""item"":""http://dummyimage.com/151x100.png/cc0000/ffffff""},{""item"":""http://dummyimage.com/130x100.png/cc0000/ffffff""}]",525
526,Californian Raisins,3858.78,Food - Dried Fruits,"Sweet dried raisins, perfect for snacks or baking.",new,Murchison,credit_card,name@email.com,true,7/8/2024,1/31/2020,[],526
527,Saffron Rice Mix,9840.92,Food - Grains,Flavorful rice mix with saffron and spices.,used,Murchison,cash,t.user123,false,7/23/2025,10/11/2024,"[{""item"":""http://dummyimage.com/130x100.png/ff4444/ffffff""},{""item"":""http://dummyimage.com/212x100.png/cc0000/ffffff""}]",527
528,Oats,9566.65,Food - Grains,"Organic rolled oats, great for breakfast or baking.",used,Myrtle,credit_card,(555) 123-9876,false,4/6/2022,1/10/2021,[],528
529,Himalayan Pink Salt,7990.36,Food - Condiments,"Natural mineral salt with a subtle flavor, ideal for cooking and seasoning.",new,Myrtle,credit_card,(555) 123-9876,false,10/26/2020,7/25/2025,"[{""item"":""http://dummyimage.com/244x100.png/dddddd/000000""},{""item"":""http://dummyimage.com/134x100.png/ff4444/ffffff""},{""item"":""http://dummyimage.com/217x100.png/ff4444/ffffff""},{""item"":""http://dummyimage.com/166x100.png/5fa2dd/ffffff""},{""item"":""http://dummyimage.com/173x100.png/ff4444/ffffff""}]",529
530,Quinoa & Black Bean Salad,8198.05,Food - Salads,A nutritious salad with quinoa and black beans,new,Murchison,cash,(555) 123-9876,false,10/4/2025,5/20/2025,[],530
531,Lentil Soup (canned),7389.73,Food - Canned Goods,Hearty lentil soup for a quick meal.,new,Murchison,paypal,t.user123,true,7/1/2023,10/16/2022,"[{""item"":""http://dummyimage.com/199x100.png/dddddd/000000""}]",531
532,Banana Nut Oatmeal Cups,3384.22,Food - Breakfast,"Quick oatmeal cups with banana and nut flavor, great for breakfast.",used,Murchison,paypal,t.user123,false,4/4/2022,1/12/2021,"[{""item"":""http://dummyimage.com/118x100.png/ff4444/ffffff""},{""item"":""http://dummyimage.com/163x100.png/cc0000/ffffff""},{""item"":""http://dummyimage.com/150x100.png/ff4444/ffffff""},{""item"":""http://dummyimage.com/143x100.png/ff4444/ffffff""}]",532
533,Camping Chair with Cooler,3065.84,Outdoor,Foldable chair equipped with a cooler pouch.,new,Murchison,credit_card,name@email.com,true,5/6/2020,8/2/2021,"[{""item"":""http://dummyimage.com/188x100.png/cc0000/ffffff""},{""item"":""http://dummyimage.com/152x100.png/dddddd/000000""},{""item"":""http://dummyimage.com/229x100.png/ff4444/ffffff""}]",533
534,Fitness Resistance Bands Kit,7890.16,Fitness,Set with various resistance bands for workouts.,used,Murchison,cash,t.user123,false,5/8/2025,12/4/2020,"[{""item"":""http://dummyimage.com/136x100.png/ff4444/ffffff""},{""item"":""http://dummyimage.com/179x100.png/ff4444/ffffff""},{""item"":""http://dummyimage.com/200x100.png/5fa2dd/ffffff""},{""item"":""http://dummyimage.com/145x100.png/5fa2dd/ffffff""},{""item"":""http://dummyimage.com/181x100.png/ff4444/ffffff""},{""item"":""http://dummyimage.com/195x100.png/5fa2dd/ffffff""}]",534
535,Canned Sardines,1891.72,Food - Seafood,Savory sardines packed in olive oil.,new,City-Vista,cash,t.user123,true,7/16/2024,3/15/2023,"[{""item"":""http://dummyimage.com/243x100.png/dddddd/000000""},{""item"":""http://dummyimage.com/105x100.png/cc0000/ffffff""},{""item"":""http://dummyimage.com/200x100.png/cc0000/ffffff""},{""item"":""http://dummyimage.com/162x100.png/5fa2dd/ffffff""},{""item"":""http://dummyimage.com/225x100.png/dddddd/000000""},{""item"":""http://dummyimage.com/144x100.png/dddddd/000000""}]",535
536,Travel Yoga Mat,5375.69,Fitness,Lightweight yoga mat for practicing on the go.,used,City-Vista,cash,t.user123,false,7/7/2024,2/28/2023,[],536
537,Smartphone Photography Tripod,9045.38,Electronics,Lightweight tripod designed for smartphone photography.,new,Isabella,credit_card,t.user123,false,9/30/2025,9/3/2022,"[{""item"":""http://dummyimage.com/225x100.png/cc0000/ffffff""},{""item"":""http://dummyimage.com/224x100.png/dddddd/000000""},{""item"":""http://dummyimage.com/152x100.png/dddddd/000000""},{""item"":""http://dummyimage.com/103x100.png/cc0000/ffffff""},{""item"":""http://dummyimage.com/222x100.png/cc0000/ffffff""}]",537
538,Portable Ice Maker,6802.17,Kitchen,Compact ice maker for creating ice at home or in offices.,new,City-Vista,cash,name@email.com,true,4/4/2023,12/7/2023,"[{""item"":""http://dummyimage.com/155x100.png/dddddd/000000""},{""item"":""http://dummyimage.com/142x100.png/cc0000/ffffff""}]",538
539,Magic Color-Changing Mug,4429.63,Kitchen,Heat-sensitive mug that changes color when filled with hot liquid.,used,Isabella,paypal,name@email.com,true,8/23/2023,9/8/2022,"[{""item"":""http://dummyimage.com/143x100.png/5fa2dd/ffffff""},{""item"":""http://dummyimage.com/189x100.png/5fa2dd/ffffff""}]",539
540,Interactive Plush Toy,4216.73,Toys,"Soft, cuddly toy that interacts with children.",new,City-Vista,paypal,t.user123,true,9/19/2022,7/28/2024,"[{""item"":""http://dummyimage.com/219x100.png/ff4444/ffffff""},{""item"":""http://dummyimage.com/158x100.png/ff4444/ffffff""},{""item"":""http://dummyimage.com/199x100.png/ff4444/ffffff""}]",540
541,Compact Digital Camera,4513.16,Photography,High-resolution camera for stunning photos.,used,Isabella,paypal,name@email.com,true,9/14/2021,7/26/2020,"[{""item"":""http://dummyimage.com/216x100.png/dddddd/000000""},{""item"":""http://dummyimage.com/246x100.png/ff4444/ffffff""},{""item"":""http://dummyimage.com/228x100.png/cc0000/ffffff""},{""item"":""http://dummyimage.com/150x100.png/cc0000/ffffff""},{""item"":""http://dummyimage.com/198x100.png/5fa2dd/ffffff""}]",541
542,Frozen Mixed Berries,1308.86,Food - Frozen Foods,"A mix of strawberries, blueberries, and raspberries.",new,City-Vista,credit_card,(555) 123-9876,false,1/27/2020,3/15/2020,"[{""item"":""http://dummyimage.com/143x100.png/cc0000/ffffff""},{""item"":""http://dummyimage.com/139x100.png/5fa2dd/ffffff""},{""item"":""http://dummyimage.com/240x100.png/dddddd/000000""}]",542
543,Lemon Dill Chicken Skewers,3393.52,Food - Meat,"Marinated chicken skewers with lemon and dill flavor, grilled to perfection.",new,Isabella,paypal,t.user123,false,11/5/2025,9/15/2025,"[{""item"":""http://dummyimage.com/119x100.png/cc0000/ffffff""},{""item"":""http://dummyimage.com/163x100.png/ff4444/ffffff""},{""item"":""http://dummyimage.com/216x100.png/cc0000/ffffff""},{""item"":""http://dummyimage.com/134x100.png/dddddd/000000""}]",543
544,Smart Plant Monitor,988.97,Garden,Device that tracks soil moisture and provides care tips.,new,Murchison,credit_card,(555) 123-9876,false,3/28/2025,6/5/2023,"[{""item"":""http://dummyimage.com/161x100.png/cc0000/ffffff""}]",544
545,Almond Flour Bread Mix,4424.93,Food - Baking,Gluten-free bread mix made with almond flour.,new,City-Vista,credit_card,name@email.com,false,9/6/2021,7/15/2025,"[{""item"":""http://dummyimage.com/190x100.png/dddddd/000000""},{""item"":""http://dummyimage.com/155x100.png/dddddd/000000""}]",545
546,Microfiber Cleaning Cloth Set,5925.5,Home,Assorted cloths for cleaning electronics and delicate surfaces.,new,Isabella,paypal,t.user123,false,9/6/2025,9/25/2021,"[{""item"":""http://dummyimage.com/128x100.png/cc0000/ffffff""},{""item"":""http://dummyimage.com/206x100.png/cc0000/ffffff""}]",546
547,Kitchen Knife Sharpening System,5330.65,Kitchen,Professional sharpening system for kitchen knives.,used,Isabella,paypal,t.user123,true,4/24/2023,11/2/2021,"[{""item"":""http://dummyimage.com/137x100.png/5fa2dd/ffffff""}]",547
548,Coconut Flakes,6457.3,Food - Baking,Unsweetened coconut flakes for baking and topping.,new,Isabella,paypal,t.user123,false,4/13/2023,12/21/2024,"[{""item"":""http://dummyimage.com/116x100.png/5fa2dd/ffffff""},{""item"":""http://dummyimage.com/138x100.png/5fa2dd/ffffff""},{""item"":""http://dummyimage.com/180x100.png/ff4444/ffffff""}]",548
549,Gardening Tool Belt,5505.74,Garden,Convenient belt with pockets for easy access to tools while gardening.,used,City-Vista,paypal,t.user123,true,8/25/2021,11/6/2022,"[{""item"":""http://dummyimage.com/199x100.png/ff4444/ffffff""},{""item"":""http://dummyimage.com/185x100.png/ff4444/ffffff""},{""item"":""http://dummyimage.com/221x100.png/cc0000/ffffff""},{""item"":""http://dummyimage.com/249x100.png/cc0000/ffffff""}]",549
550,Puffed Rice Cake,1726.44,Food - Snacks,Low-calorie rice cake for snacks.,used,City-Vista,credit_card,name@email.com,false,3/6/2021,11/28/2020,"[{""item"":""http://dummyimage.com/168x100.png/5fa2dd/ffffff""}]",550
551,Vegetable Broth,7739.72,Food - Canned Goods,Rich vegetable broth for soups and stews.,used,City-Vista,cash,(555) 123-9876,true,10/31/2023,12/8/2023,"[{""item"":""http://dummyimage.com/230x100.png/dddddd/000000""}]",551
552,Stainless Steel BBQ Grill Set,5385.19,Outdoor,Essential tools for outdoor barbecues including tongs and spatula.,new,Murchison,credit_card,(555) 123-9876,true,12/13/2023,3/12/2025,[],552
553,Spaghetti Squash,3860.95,Food - Produce,Low-carb vegetable for pasta alternatives.,used,Murchison,credit_card,name@email.com,true,3/5/2024,1/10/2022,"[{""item"":""http://dummyimage.com/143x100.png/5fa2dd/ffffff""},{""item"":""http://dummyimage.com/152x100.png/ff4444/ffffff""},{""item"":""http://dummyimage.com/248x100.png/dddddd/000000""},{""item"":""http://dummyimage.com/241x100.png/5fa2dd/ffffff""},{""item"":""http://dummyimage.com/163x100.png/ff4444/ffffff""}]",553
554,Pineapple Coconut Yogurt,1223.43,Food - Dairy,Creamy yogurt blended with fresh pineapple and coconut pieces.,used,Myrtle,cash,t.user123,false,10/17/2021,10/1/2024,"[{""item"":""http://dummyimage.com/129x100.png/5fa2dd/ffffff""},{""item"":""http://dummyimage.com/159x100.png/5fa2dd/ffffff""},{""item"":""http://dummyimage.com/167x100.png/5fa2dd/ffffff""},{""item"":""http://dummyimage.com/136x100.png/5fa2dd/ffffff""},{""item"":""http://dummyimage.com/143x100.png/5fa2dd/ffffff""}]",554
555,Spinach and Cheese Stuffed Shells,6655.71,Food - Frozen Meals,Delicious pasta shells filled with spinach and cheese,used,City-Vista,paypal,name@email.com,true,6/18/2025,9/28/2024,[],555
556,Pet Training Pads,1695.0,Pets,Absorbent training pads for puppies and kittens.,new,Murchison,cash,(555) 123-9876,false,7/3/2023,11/19/2021,"[{""item"":""http://dummyimage.com/153x100.png/5fa2dd/ffffff""},{""item"":""http://dummyimage.com/206x100.png/dddddd/000000""},{""item"":""http://dummyimage.com/224x100.png/ff4444/ffffff""},{""item"":""http://dummyimage.com/182x100.png/dddddd/000000""}]",556
557,Mini Waffle Maker,3996.19,Kitchen,Compact waffle maker for perfect small waffles.,new,Myrtle,credit_card,(555) 123-9876,false,12/21/2024,10/17/2021,"[{""item"":""http://dummyimage.com/121x100.png/5fa2dd/ffffff""},{""item"":""http://dummyimage.com/198x100.png/cc0000/ffffff""},{""item"":""http://dummyimage.com/196x100.png/ff4444/ffffff""},{""item"":""http://dummyimage.com/242x100.png/dddddd/000000""},{""item"":""http://dummyimage.com/248x100.png/ff4444/ffffff""}]",557
558,Zucchini Noodle Pasta,3277.98,Food - Vegetables,"Low-carb zucchini noodles, perfect for a healthy alternative to pasta.",used,Murchison,cash,(555) 123-9876,true,3/31/2024,4/19/2023,"[{""item"":""http://dummyimage.com/144x100.png/cc0000/ffffff""},{""item"":""http://dummyimage.com/198x100.png/cc0000/ffffff""},{""item"":""http://dummyimage.com/214x100.png/dddddd/000000""},{""item"":""http://dummyimage.com/106x100.png/5fa2dd/ffffff""},{""item"":""http://dummyimage.com/156x100.png/dddddd/000000""}]",558
559,Electric Stir Fry Pan,2940.18,Kitchen,Large stir fry pan with non-stick surface.,used,Murchison,credit_card,t.user123,false,7/24/2020,8/14/2024,[],559
560,Chili Lime Shrimp,2255.29,Food - Seafood,"Frozen shrimp seasoned with chili and lime, perfect for quick dinners.",used,Isabella,cash,t.user123,false,4/5/2021,6/24/2024,"[{""item"":""http://dummyimage.com/243x100.png/ff4444/ffffff""},{""item"":""http://dummyimage.com/139x100.png/5fa2dd/ffffff""},{""item"":""http://dummyimage.com/110x100.png/cc0000/ffffff""},{""item"":""http://dummyimage.com/152x100.png/ff4444/ffffff""},{""item"":""http://dummyimage.com/127x100.png/cc0000/ffffff""}]",560
561,Dark Chocolate Bars,3166.73,Food - Snacks,"Rich dark chocolate bars, perfect for a sweet treat.",used,City-Vista,credit_card,t.user123,true,4/7/2025,10/19/2023,"[{""item"":""http://dummyimage.com/205x100.png/dddddd/000000""},{""item"":""http://dummyimage.com/178x100.png/cc0000/ffffff""},{""item"":""http://dummyimage.com/195x100.png/5fa2dd/ffffff""},{""item"":""http://dummyimage.com/157x100.png/5fa2dd/ffffff""},{""item"":""http://dummyimage.com/209x100.png/dddddd/000000""}]",561
562,Peanut Butter Chocolate Chip Bars,6814.66,Food - Snacks,Chewy bars made with peanut butter and chocolate chips.,used,Myrtle,cash,name@email.com,true,5/22/2023,7/9/2023,"[{""item"":""http://dummyimage.com/145x100.png/ff4444/ffffff""},{""item"":""http://dummyimage.com/111x100.png/ff4444/ffffff""},{""item"":""http://dummyimage.com/232x100.png/cc0000/ffffff""},{""item"":""http://dummyimage.com/148x100.png/cc0000/ffffff""}]",562
563,Customizable Wall Calendar,8870.0,Office,Personalize your calendar with photos and special dates.,used,Murchison,cash,name@email.com,false,9/28/2021,4/15/2020,[],563
564,Oven Thermometer,468.36,Kitchen,High-precision oven thermometer for accurate cooking.,used,City-Vista,cash,t.user123,false,3/27/2025,10/12/2024,"[{""item"":""http://dummyimage.com/230x100.png/cc0000/ffffff""}]",564
565,Wrap Front Midi Skirt,6245.55,Clothing - Bottoms,"Elegant midi skirt with a wrap design, great for both formal and casual events.",new,Isabella,paypal,t.user123,true,9/10/2020,1/14/2021,"[{""item"":""http://dummyimage.com/171x100.png/dddddd/000000""},{""item"":""http://dummyimage.com/170x100.png/5fa2dd/ffffff""},{""item"":""http://dummyimage.com/149x100.png/ff4444/ffffff""},{""item"":""http://dummyimage.com/113x100.png/ff4444/ffffff""},{""item"":""http://dummyimage.com/250x100.png/5fa2dd/ffffff""}]",565
566,Roasted Garlic,2245.23,Food - Condiments,Savory roasted garlic in a jar for easy use.,new,City-Vista,cash,(555) 123-9876,false,9/8/2022,1/6/2022,"[{""item"":""http://dummyimage.com/165x100.png/cc0000/ffffff""},{""item"":""http://dummyimage.com/163x100.png/ff4444/ffffff""},{""item"":""http://dummyimage.com/228x100.png/cc0000/ffffff""},{""item"":""http://dummyimage.com/181x100.png/5fa2dd/ffffff""},{""item"":""http://dummyimage.com/209x100.png/cc0000/ffffff""}]",566
567,Cinnamon Raisin Bagels,2262.67,Food - Bakery,Soft bagels flavored with cinnamon and raisins.,used,Myrtle,credit_card,t.user123,false,4/3/2022,1/11/2020,"[{""item"":""http://dummyimage.com/100x100.png/cc0000/ffffff""}]",567
568,Travel Hair Straightener,6669.31,Beauty,Compact hair straightener for travel.,new,Myrtle,paypal,t.user123,false,6/18/2024,1/1/2021,"[{""item"":""http://dummyimage.com/202x100.png/5fa2dd/ffffff""},{""item"":""http://dummyimage.com/113x100.png/ff4444/ffffff""},{""item"":""http://dummyimage.com/117x100.png/dddddd/000000""},{""item"":""http://dummyimage.com/225x100.png/5fa2dd/ffffff""}]",568
569,Italian Breadsticks,4296.4,Food - Bakery,Crispy breadsticks seasoned with herbs and garlic.,new,Myrtle,credit_card,(555) 123-9876,false,3/6/2024,5/28/2023,"[{""item"":""http://dummyimage.com/163x100.png/ff4444/ffffff""},{""item"":""http://dummyimage.com/160x100.png/5fa2dd/ffffff""},{""item"":""http://dummyimage.com/158x100.png/5fa2dd/ffffff""},{""item"":""http://dummyimage.com/216x100.png/cc0000/ffffff""},{""item"":""http://dummyimage.com/143x100.png/5fa2dd/ffffff""}]",569
570,Electric Wax Warmer,3115.98,Home,Wax warmer for creating a soothing atmosphere with fragrances.,new,City-Vista,credit_card,(555) 123-9876,false,8/25/2022,1/1/2020,"[{""item"":""http://dummyimage.com/199x100.png/5fa2dd/ffffff""},{""item"":""http://dummyimage.com/195x100.png/dddddd/000000""},{""item"":""http://dummyimage.com/109x100.png/dddddd/000000""},{""item"":""http://dummyimage.com/205x100.png/cc0000/ffffff""},{""item"":""http://dummyimage.com/142x100.png/ff4444/ffffff""},{""item"":""http://dummyimage.com/115x100.png/ff4444/ffffff""}]",570
571,Dill Pickle Chips,226.03,Food - Condiments,Crispy dill pickles that are perfect for snacking or sandwiches.,new,Murchison,credit_card,t.user123,false,12/26/2024,4/3/2023,"[{""item"":""http://dummyimage.com/179x100.png/cc0000/ffffff""},{""item"":""http://dummyimage.com/166x100.png/cc0000/ffffff""},{""item"":""http://dummyimage.com/140x100.png/dddddd/000000""},{""item"":""http://dummyimage.com/150x100.png/ff4444/ffffff""},{""item"":""http://dummyimage.com/145x100.png/dddddd/000000""}]",571
572,Lentil Soup (canned),414.13,Food - Canned Goods,Hearty lentil soup for a quick meal.,new,Myrtle,paypal,name@email.com,false,6/2/2024,4/27/2025,"[{""item"":""http://dummyimage.com/149x100.png/dddddd/000000""}]",572
573,Organic Coconut Flour,623.98,Food - Baking,Finely ground flour from dried coconut meat.,new,Murchison,credit_card,name@email.com,false,12/20/2020,5/23/2021,"[{""item"":""http://dummyimage.com/245x100.png/dddddd/000000""},{""item"":""http://dummyimage.com/170x100.png/cc0000/ffffff""},{""item"":""http://dummyimage.com/142x100.png/cc0000/ffffff""},{""item"":""http://dummyimage.com/245x100.png/5fa2dd/ffffff""}]",573
574,Ice Cream Maker,5507.68,Kitchen,Homemade ice cream maker for delicious desserts.,new,Myrtle,credit_card,t.user123,false,5/19/2022,10/28/2025,"[{""item"":""http://dummyimage.com/150x100.png/ff4444/ffffff""},{""item"":""http://dummyimage.com/162x100.png/cc0000/ffffff""},{""item"":""http://dummyimage.com/187x100.png/5fa2dd/ffffff""},{""item"":""http://dummyimage.com/149x100.png/5fa2dd/ffffff""},{""item"":""http://dummyimage.com/226x100.png/ff4444/ffffff""}]",574
575,Pesto Genovese,6004.37,Food - Condiments,Traditional basil pesto made with extra virgin olive oil.,new,Murchison,credit_card,(555) 123-9876,false,2/10/2020,2/25/2022,[],575
576,Solar Charger,3644.68,Electronics,Portable solar charger for outdoor adventures.,new,City-Vista,credit_card,t.user123,false,6/17/2020,1/8/2024,"[{""item"":""http://dummyimage.com/244x100.png/5fa2dd/ffffff""}]",576
577,Basil Pesto Pasta,3719.52,Food - Prepared Meals,"Pasta tossed with fresh basil pesto, simple and delicious.",new,Isabella,cash,t.user123,true,6/21/2023,8/27/2021,"[{""item"":""http://dummyimage.com/138x100.png/dddddd/000000""},{""item"":""http://dummyimage.com/209x100.png/ff4444/ffffff""}]",577
578,Wireless Range Extender,1445.33,Electronics,Boost your Wi-Fi signal for better coverage.,new,City-Vista,paypal,name@email.com,true,4/6/2020,8/6/2022,"[{""item"":""http://dummyimage.com/152x100.png/dddddd/000000""},{""item"":""http://dummyimage.com/141x100.png/cc0000/ffffff""},{""item"":""http://dummyimage.com/121x100.png/5fa2dd/ffffff""},{""item"":""http://dummyimage.com/141x100.png/5fa2dd/ffffff""},{""item"":""http://dummyimage.com/226x100.png/5fa2dd/ffffff""}]",578
579,Sweet Potato Noodles,49.65,Food - Pasta,"Pasta alternative made from sweet potatoes, gluten-free and rich in flavor.",new,Myrtle,cash,name@email.com,false,5/1/2022,7/23/2025,"[{""item"":""http://dummyimage.com/140x100.png/cc0000/ffffff""},{""item"":""http://dummyimage.com/158x100.png/cc0000/ffffff""},{""item"":""http://dummyimage.com/209x100.png/cc0000/ffffff""},{""item"":""http://dummyimage.com/138x100.png/cc0000/ffffff""}]",579
580,Pecan Pie Filling,3552.48,Food - Baking Goods,Sweet and nutty filling for delicious homemade pecan pie.,new,Myrtle,paypal,t.user123,true,2/15/2024,1/7/2024,[],580
581,Pet Reflective Vest,4463.37,Pets,Safety vest for pets during nighttime walks.,used,City-Vista,cash,(555) 123-9876,false,6/4/2021,8/24/2023,"[{""item"":""http://dummyimage.com/206x100.png/5fa2dd/ffffff""},{""item"":""http://dummyimage.com/148x100.png/5fa2dd/ffffff""},{""item"":""http://dummyimage.com/188x100.png/ff4444/ffffff""},{""item"":""http://dummyimage.com/107x100.png/cc0000/ffffff""},{""item"":""http://dummyimage.com/206x100.png/5fa2dd/ffffff""}]",581
582,Athletic Sports Bra,6390.73,Clothing - Activewear,"Supportive sports bra designed for high-impact workouts, made with moisture-wicking fabric.",used,Murchison,cash,name@email.com,false,11/2/2024,8/4/2025,"[{""item"":""http://dummyimage.com/192x100.png/5fa2dd/ffffff""},{""item"":""http://dummyimage.com/149x100.png/dddddd/000000""},{""item"":""http://dummyimage.com/186x100.png/ff4444/ffffff""},{""item"":""http://dummyimage.com/203x100.png/ff4444/ffffff""},{""item"":""http://dummyimage.com/243x100.png/cc0000/ffffff""},{""item"":""http://dummyimage.com/102x100.png/cc0000/ffffff""}]",582
583,Spicy Thai Noodles,5443.67,Food - Frozen Meals,Instant noodles with a spicy Thai sauce for quick meals.,new,Murchison,cash,(555) 123-9876,true,1/14/2025,2/18/2023,"[{""item"":""http://dummyimage.com/145x100.png/5fa2dd/ffffff""},{""item"":""http://dummyimage.com/114x100.png/cc0000/ffffff""},{""item"":""http://dummyimage.com/115x100.png/dddddd/000000""},{""item"":""http://dummyimage.com/111x100.png/cc0000/ffffff""}]",583
584,Solar Garden Lights,8586.88,Outdoor,Energy-efficient lights that charge during the day and illuminate at night.,new,Isabella,credit_card,(555) 123-9876,true,2/6/2020,4/21/2024,"[{""item"":""http://dummyimage.com/104x100.png/dddddd/000000""},{""item"":""http://dummyimage.com/103x100.png/5fa2dd/ffffff""},{""item"":""http://dummyimage.com/161x100.png/dddddd/000000""},{""item"":""http://dummyimage.com/125x100.png/dddddd/000000""},{""item"":""http://dummyimage.com/238x100.png/ff4444/ffffff""}]",584
585,Smart Light Switch,1253.5,Smart Home,Control lights remotely with this smart switch.,used,City-Vista,paypal,name@email.com,true,7/11/2024,3/19/2024,"[{""item"":""http://dummyimage.com/219x100.png/5fa2dd/ffffff""},{""item"":""http://dummyimage.com/108x100.png/dddddd/000000""},{""item"":""http://dummyimage.com/202x100.png/5fa2dd/ffffff""},{""item"":""http://dummyimage.com/185x100.png/5fa2dd/ffffff""},{""item"":""http://dummyimage.com/123x100.png/5fa2dd/ffffff""},{""item"":""http://dummyimage.com/176x100.png/ff4444/ffffff""}]",585
586,Low-Fat Cottage Cheese,1281.61,Food - Dairy,"Creamy cottage cheese, perfect for healthy snacking.",new,City-Vista,credit_card,(555) 123-9876,true,5/28/2020,3/24/2022,"[{""item"":""http://dummyimage.com/158x100.png/cc0000/ffffff""}]",586
587,Digital Stopwatch Timer,5344.9,Fitness,Accurate stopwatch for timing events and workouts.,new,Isabella,paypal,(555) 123-9876,false,8/10/2020,8/15/2023,[],587
588,Almond Milk,3922.22,Food - Dairy,"Deliciously creamy almond milk, perfect for smoothies.",used,Myrtle,cash,t.user123,true,4/21/2024,12/13/2025,"[{""item"":""http://dummyimage.com/217x100.png/ff4444/ffffff""},{""item"":""http://dummyimage.com/132x100.png/cc0000/ffffff""}]",588
589,Herb Garden Planter Box,1257.92,Garden,Elevated planter box for growing herbs or small plants easily.,used,City-Vista,cash,(555) 123-9876,true,10/3/2022,10/29/2024,"[{""item"":""http://dummyimage.com/133x100.png/5fa2dd/ffffff""},{""item"":""http://dummyimage.com/201x100.png/ff4444/ffffff""}]",589
590,Chipotle Black Bean Salad,2081.83,Food - Salads,"A zesty salad with black beans, corn, and chipotle dressing.",used,City-Vista,paypal,t.user123,false,5/28/2022,9/14/2023,"[{""item"":""http://dummyimage.com/172x100.png/cc0000/ffffff""}]",590
591,Pita Bread,1604.09,Food - Bakery,"Soft pita bread, perfect for sandwiches or dips.",new,Myrtle,credit_card,(555) 123-9876,true,2/9/2023,2/5/2022,"[{""item"":""http://dummyimage.com/158x100.png/ff4444/ffffff""},{""item"":""http://dummyimage.com/184x100.png/dddddd/000000""},{""item"":""http://dummyimage.com/155x100.png/5fa2dd/ffffff""},{""item"":""http://dummyimage.com/247x100.png/5fa2dd/ffffff""}]",591
592,Graphic Hoodie,4167.83,Clothing - Outerwear,Bold graphic hoodie featuring a comfortable fit and soft fabric.,new,Murchison,credit_card,name@email.com,true,1/31/2023,8/1/2021,"[{""item"":""http://dummyimage.com/128x100.png/5fa2dd/ffffff""}]",592
593,Camping Lantern,8748.41,Outdoor,Rechargeable LED camping lantern for outdoor use.,new,Myrtle,credit_card,(555) 123-9876,true,4/7/2024,7/22/2023,"[{""item"":""http://dummyimage.com/238x100.png/ff4444/ffffff""},{""item"":""http://dummyimage.com/179x100.png/dddddd/000000""}]",593
594,Plant Growing Kit,2290.7,Garden,Complete kit for growing herbs indoors.,used,Isabella,cash,t.user123,true,4/1/2020,6/13/2021,"[{""item"":""http://dummyimage.com/175x100.png/5fa2dd/ffffff""},{""item"":""http://dummyimage.com/175x100.png/cc0000/ffffff""},{""item"":""http://dummyimage.com/201x100.png/5fa2dd/ffffff""},{""item"":""http://dummyimage.com/106x100.png/5fa2dd/ffffff""}]",594
595,Gardening Kneeler and Seat,5540.67,Garden,Foldable kneeler that doubles as a seat for gardening convenience.,used,Isabella,paypal,t.user123,false,9/5/2023,9/19/2025,"[{""item"":""http://dummyimage.com/135x100.png/dddddd/000000""},{""item"":""http://dummyimage.com/157x100.png/cc0000/ffffff""}]",595
596,Leather Biker Jacket,3950.24,Clothing - Outerwear,Stylish black leather jacket featuring a zip-up front and multiple pockets.,new,Isabella,cash,t.user123,false,1/11/2020,8/8/2021,"[{""item"":""http://dummyimage.com/171x100.png/dddddd/000000""},{""item"":""http://dummyimage.com/232x100.png/5fa2dd/ffffff""},{""item"":""http://dummyimage.com/132x100.png/ff4444/ffffff""},{""item"":""http://dummyimage.com/249x100.png/5fa2dd/ffffff""},{""item"":""http://dummyimage.com/209x100.png/5fa2dd/ffffff""},{""item"":""http://dummyimage.com/208x100.png/dddddd/000000""}]",596
597,Sweet Potato and Chickpea Bowl,1356.07,Food - Frozen Food,A nourishing bowl of sweet potatoes and chickpeas with spices.,used,Murchison,paypal,t.user123,true,6/4/2023,11/27/2025,"[{""item"":""http://dummyimage.com/213x100.png/cc0000/ffffff""},{""item"":""http://dummyimage.com/160x100.png/cc0000/ffffff""},{""item"":""http://dummyimage.com/194x100.png/ff4444/ffffff""},{""item"":""http://dummyimage.com/117x100.png/ff4444/ffffff""},{""item"":""http://dummyimage.com/249x100.png/dddddd/000000""},{""item"":""http://dummyimage.com/205x100.png/dddddd/000000""}]",597
598,Mini Cordless Vacuum Cleaner,6515.53,Home Appliances,Handheld vacuum cleaner for quick and easy cleaning.,used,City-Vista,credit_card,name@email.com,false,10/10/2025,1/16/2020,"[{""item"":""http://dummyimage.com/229x100.png/cc0000/ffffff""},{""item"":""http://dummyimage.com/236x100.png/cc0000/ffffff""},{""item"":""http://dummyimage.com/174x100.png/5fa2dd/ffffff""}]",598
599,Mini Projector for Smartphones,1147.09,Electronics,Compact and portable projector for watching videos anywhere.,new,Murchison,cash,(555) 123-9876,false,3/18/2020,3/1/2022,"[{""item"":""http://dummyimage.com/248x100.png/ff4444/ffffff""},{""item"":""http://dummyimage.com/168x100.png/5fa2dd/ffffff""}]",599
600,Wireless Smart Plug,4598.94,Smart Home,Control home appliances remotely using your smartphone app.,used,Isabella,credit_card,name@email.com,false,11/3/2023,4/24/2025,"[{""item"":""http://dummyimage.com/181x100.png/ff4444/ffffff""},{""item"":""http://dummyimage.com/197x100.png/cc0000/ffffff""},{""item"":""http://dummyimage.com/191x100.png/ff4444/ffffff""},{""item"":""http://dummyimage.com/236x100.png/5fa2dd/ffffff""},{""item"":""http://dummyimage.com/242x100.png/5fa2dd/ffffff""}]",600
601,Tattoo Kit,1719.71,Art Supplies,Complete tattoo kit for beginners and professionals.,used,Murchison,paypal,(555) 123-9876,true,6/6/2021,6/1/2024,"[{""item"":""http://dummyimage.com/238x100.png/ff4444/ffffff""},{""item"":""http://dummyimage.com/195x100.png/cc0000/ffffff""}]",601
602,Air Mattress,5438.12,Outdoor,Inflatable air mattress for convenient sleeping.,used,Myrtle,credit_card,t.user123,true,7/19/2021,5/13/2024,"[{""item"":""http://dummyimage.com/182x100.png/dddddd/000000""},{""item"":""http://dummyimage.com/118x100.png/dddddd/000000""},{""item"":""http://dummyimage.com/139x100.png/ff4444/ffffff""}]",602
603,Sweet Potato & Kale Hash,2542.67,Food - Prepared Foods,"Savory hash made with sweet potatoes and kale, a perfect side dish.",used,Murchison,credit_card,name@email.com,false,10/27/2021,6/15/2025,"[{""item"":""http://dummyimage.com/246x100.png/ff4444/ffffff""}]",603
604,Organic Green Lentils,7040.42,Food - Grocery,"Nutty flavored lentils, perfect for soups and salads.",new,Murchison,credit_card,name@email.com,false,11/18/2021,10/9/2021,"[{""item"":""http://dummyimage.com/200x100.png/5fa2dd/ffffff""},{""item"":""http://dummyimage.com/124x100.png/dddddd/000000""},{""item"":""http://dummyimage.com/122x100.png/5fa2dd/ffffff""},{""item"":""http://dummyimage.com/231x100.png/dddddd/000000""},{""item"":""http://dummyimage.com/200x100.png/5fa2dd/ffffff""},{""item"":""http://dummyimage.com/133x100.png/ff4444/ffffff""}]",604
605,Cauliflower Gnocchi,634.84,Food - Frozen Foods,"Soft and pillowy gnocchi made from cauliflower, perfect with sauce.",used,Myrtle,cash,(555) 123-9876,true,11/30/2023,11/28/2023,"[{""item"":""http://dummyimage.com/182x100.png/ff4444/ffffff""},{""item"":""http://dummyimage.com/157x100.png/cc0000/ffffff""},{""item"":""http://dummyimage.com/104x100.png/ff4444/ffffff""},{""item"":""http://dummyimage.com/242x100.png/cc0000/ffffff""},{""item"":""http://dummyimage.com/113x100.png/dddddd/000000""}]",605
606,Wild Rice Pilaf,9812.08,Food - Grains,"A mix of wild rice with herbs and spices, ready to serve.",used,Myrtle,credit_card,name@email.com,true,7/5/2022,8/18/2023,"[{""item"":""http://dummyimage.com/126x100.png/5fa2dd/ffffff""},{""item"":""http://dummyimage.com/179x100.png/cc0000/ffffff""},{""item"":""http://dummyimage.com/207x100.png/dddddd/000000""},{""item"":""http://dummyimage.com/249x100.png/dddddd/000000""},{""item"":""http://dummyimage.com/170x100.png/dddddd/000000""}]",606
607,Set of Measuring Spoons,9064.28,Kitchen,Stainless steel measuring spoons set for cooking.,new,Murchison,paypal,name@email.com,true,2/23/2023,11/22/2025,"[{""item"":""http://dummyimage.com/159x100.png/ff4444/ffffff""},{""item"":""http://dummyimage.com/119x100.png/dddddd/000000""}]",607
608,Oven-Baked Parmesan Zucchini,9112.67,Food - Frozen Vegetables,"Frozen zucchini slices coated in parmesan cheese, perfect for baking or frying.",used,Myrtle,cash,t.user123,true,12/27/2025,8/26/2022,"[{""item"":""http://dummyimage.com/160x100.png/cc0000/ffffff""},{""item"":""http://dummyimage.com/175x100.png/cc0000/ffffff""},{""item"":""http://dummyimage.com/210x100.png/cc0000/ffffff""},{""item"":""http://dummyimage.com/178x100.png/cc0000/ffffff""},{""item"":""http://dummyimage.com/116x100.png/ff4444/ffffff""}]",608
609,Marinara Sauce,3259.21,Food - Condiments,Classic marinara sauce for all pasta dishes.,new,City-Vista,paypal,t.user123,false,6/28/2023,9/6/2023,"[{""item"":""http://dummyimage.com/177x100.png/ff4444/ffffff""},{""item"":""http://dummyimage.com/107x100.png/dddddd/000000""},{""item"":""http://dummyimage.com/217x100.png/cc0000/ffffff""},{""item"":""http://dummyimage.com/102x100.png/5fa2dd/ffffff""},{""item"":""http://dummyimage.com/211x100.png/cc0000/ffffff""},{""item"":""http://dummyimage.com/154x100.png/5fa2dd/ffffff""}]",609
610,Rice Cakes,6353.26,Food - Snacks,"Light and crispy rice cakes, a perfect low-calorie snack.",used,Myrtle,cash,name@email.com,true,2/23/2020,5/25/2020,"[{""item"":""http://dummyimage.com/125x100.png/ff4444/ffffff""},{""item"":""http://dummyimage.com/183x100.png/5fa2dd/ffffff""},{""item"":""http://dummyimage.com/134x100.png/dddddd/000000""},{""item"":""http://dummyimage.com/199x100.png/cc0000/ffffff""},{""item"":""http://dummyimage.com/125x100.png/ff4444/ffffff""}]",610
611,V-Neck Sweater,7387.42,Clothing - Tops,Classic V-neck sweater crafted from soft wool for warmth and style.,used,Murchison,paypal,t.user123,true,9/4/2023,5/3/2022,"[{""item"":""http://dummyimage.com/146x100.png/cc0000/ffffff""},{""item"":""http://dummyimage.com/117x100.png/cc0000/ffffff""},{""item"":""http://dummyimage.com/246x100.png/ff4444/ffffff""},{""item"":""http://dummyimage.com/178x100.png/ff4444/ffffff""},{""item"":""http://dummyimage.com/223x100.png/5fa2dd/ffffff""}]",611
612,Lemon Herb Quinoa,2402.8,Food - Grains,"Fluffy quinoa mixed with lemon zest and herbs, a perfect side.",used,Myrtle,credit_card,t.user123,true,11/1/2021,11/12/2020,"[{""item"":""http://dummyimage.com/216x100.png/5fa2dd/ffffff""},{""item"":""http://dummyimage.com/145x100.png/dddddd/000000""},{""item"":""http://dummyimage.com/168x100.png/dddddd/000000""}]",612
613,Handheld Garment Steamer,1586.26,Home,Quick and easy way to remove wrinkles from clothes.,new,Murchison,paypal,t.user123,true,3/9/2025,8/15/2021,"[{""item"":""http://dummyimage.com/157x100.png/ff4444/ffffff""},{""item"":""http://dummyimage.com/158x100.png/cc0000/ffffff""}]",613
614,Non-Slip Yoga Socks,8806.05,Fitness,Yoga socks designed to provide better grip and stability.,used,Murchison,credit_card,name@email.com,false,8/8/2021,6/13/2022,"[{""item"":""http://dummyimage.com/148x100.png/cc0000/ffffff""},{""item"":""http://dummyimage.com/136x100.png/5fa2dd/ffffff""},{""item"":""http://dummyimage.com/160x100.png/5fa2dd/ffffff""},{""item"":""http://dummyimage.com/124x100.png/cc0000/ffffff""},{""item"":""http://dummyimage.com/144x100.png/ff4444/ffffff""}]",614
615,Tuna Fish (canned),7833.49,Food - Canned Goods,"Wild-caught tuna in olive oil, perfect for salads.",new,Murchison,cash,(555) 123-9876,false,4/2/2024,5/14/2025,"[{""item"":""http://dummyimage.com/198x100.png/5fa2dd/ffffff""},{""item"":""http://dummyimage.com/133x100.png/5fa2dd/ffffff""},{""item"":""http://dummyimage.com/172x100.png/cc0000/ffffff""},{""item"":""http://dummyimage.com/129x100.png/ff4444/ffffff""},{""item"":""http://dummyimage.com/217x100.png/5fa2dd/ffffff""}]",615
616,Cinnamon Roll Protein Bar,961.23,Food - Snacks,Soft and chewy bar packed with protein and cinnamon flavors.,used,Isabella,cash,t.user123,false,12/9/2020,2/3/2023,"[{""item"":""http://dummyimage.com/232x100.png/ff4444/ffffff""},{""item"":""http://dummyimage.com/182x100.png/5fa2dd/ffffff""},{""item"":""http://dummyimage.com/100x100.png/dddddd/000000""},{""item"":""http://dummyimage.com/192x100.png/ff4444/ffffff""},{""item"":""http://dummyimage.com/193x100.png/dddddd/000000""}]",616
617,Plant-Based Cookbook,9281.29,Books,Delicious recipes focusing on plant-based ingredients.,new,Isabella,paypal,name@email.com,false,2/28/2023,2/17/2021,"[{""item"":""http://dummyimage.com/156x100.png/cc0000/ffffff""},{""item"":""http://dummyimage.com/111x100.png/5fa2dd/ffffff""},{""item"":""http://dummyimage.com/186x100.png/dddddd/000000""},{""item"":""http://dummyimage.com/188x100.png/5fa2dd/ffffff""}]",617
618,Pesto Pasta Salad,5323.49,Food - Prepared Foods,Cold pasta salad tossed with pesto and fresh vegetables.,new,City-Vista,cash,t.user123,true,1/5/2021,9/17/2025,[],618
619,Non-Stick Crepe Pan,8712.25,Kitchen,Perfectly designed pan for making crepes and pancakes.,used,Isabella,cash,t.user123,false,3/15/2020,7/21/2024,"[{""item"":""http://dummyimage.com/122x100.png/cc0000/ffffff""}]",619
620,Animal Paw Print Soap Dispenser,2816.94,Home,Cute dispenser for bathrooms or kitchens featuring paw prints.,new,Myrtle,paypal,name@email.com,true,4/15/2024,11/2/2021,"[{""item"":""http://dummyimage.com/250x100.png/cc0000/ffffff""},{""item"":""http://dummyimage.com/105x100.png/dddddd/000000""},{""item"":""http://dummyimage.com/115x100.png/dddddd/000000""},{""item"":""http://dummyimage.com/101x100.png/dddddd/000000""},{""item"":""http://dummyimage.com/199x100.png/cc0000/ffffff""}]",620
621,Buffalo Cauliflower Wings,8630.78,Food - Frozen Foods,Crispy cauliflower bites tossed in spicy buffalo sauce.,used,City-Vista,credit_card,t.user123,true,4/5/2023,12/7/2025,"[{""item"":""http://dummyimage.com/167x100.png/cc0000/ffffff""},{""item"":""http://dummyimage.com/250x100.png/dddddd/000000""},{""item"":""http://dummyimage.com/202x100.png/dddddd/000000""}]",621
622,Frozen Fruit Medley,820.83,Food - Frozen Foods,"A mix of strawberries, blueberries, and raspberries, perfect for smoothies.",used,City-Vista,paypal,(555) 123-9876,false,11/19/2024,3/18/2022,"[{""item"":""http://dummyimage.com/121x100.png/ff4444/ffffff""},{""item"":""http://dummyimage.com/231x100.png/cc0000/ffffff""}]",622
623,Smart Wi-Fi Light Bulbs,2202.26,Smart Home,Energy-efficient LED bulbs that can be controlled via smartphone.,used,Myrtle,paypal,t.user123,true,4/3/2021,2/24/2025,"[{""item"":""http://dummyimage.com/248x100.png/dddddd/000000""},{""item"":""http://dummyimage.com/182x100.png/ff4444/ffffff""},{""item"":""http://dummyimage.com/200x100.png/dddddd/000000""}]",623
624,Pecan Pie Filling,256.34,Food - Baking Goods,Sweet and nutty filling for delicious homemade pecan pie.,new,Myrtle,credit_card,t.user123,false,12/15/2024,7/23/2021,"[{""item"":""http://dummyimage.com/180x100.png/ff4444/ffffff""}]",624
625,Sliced Olives,2778.92,Food - Condiments,"Pitted black olives, perfect for salads and pizzas.",used,Isabella,credit_card,t.user123,false,1/22/2022,7/11/2020,[],625
626,Children's Gardening Set,1884.94,Toys,Fun gardening tools designed specifically for kids.,new,City-Vista,paypal,(555) 123-9876,false,5/31/2020,4/6/2020,"[{""item"":""http://dummyimage.com/192x100.png/cc0000/ffffff""},{""item"":""http://dummyimage.com/104x100.png/ff4444/ffffff""},{""item"":""http://dummyimage.com/157x100.png/cc0000/ffffff""},{""item"":""http://dummyimage.com/191x100.png/dddddd/000000""}]",626
627,Maple Syrup,2601.78,Food - Condiments,Pure maple syrup for pancakes and more.,new,City-Vista,cash,t.user123,false,12/4/2021,9/29/2024,"[{""item"":""http://dummyimage.com/152x100.png/dddddd/000000""},{""item"":""http://dummyimage.com/153x100.png/5fa2dd/ffffff""}]",627
628,Fresh Basil Pesto,6396.76,Food - Sauces,"A fresh, flavorful basil pesto for pasta and more",used,Isabella,credit_card,t.user123,false,6/22/2025,2/12/2024,"[{""item"":""http://dummyimage.com/184x100.png/dddddd/000000""},{""item"":""http://dummyimage.com/208x100.png/dddddd/000000""},{""item"":""http://dummyimage.com/130x100.png/dddddd/000000""},{""item"":""http://dummyimage.com/131x100.png/ff4444/ffffff""},{""item"":""http://dummyimage.com/100x100.png/cc0000/ffffff""}]",628
629,Casual Long Cardigan,9703.96,Clothing - Outerwear,A cozy long cardigan designed for layering in any season.,used,Myrtle,paypal,name@email.com,true,10/27/2021,1/11/2020,"[{""item"":""http://dummyimage.com/107x100.png/dddddd/000000""},{""item"":""http://dummyimage.com/237x100.png/5fa2dd/ffffff""},{""item"":""http://dummyimage.com/236x100.png/cc0000/ffffff""},{""item"":""http://dummyimage.com/195x100.png/5fa2dd/ffffff""},{""item"":""http://dummyimage.com/135x100.png/5fa2dd/ffffff""},{""item"":""http://dummyimage.com/219x100.png/dddddd/000000""}]",629
630,Cranberry Juice,3371.64,Food - Beverages,Refreshing cranberry juice with no added sugar.,used,Myrtle,credit_card,name@email.com,true,2/26/2024,11/19/2020,"[{""item"":""http://dummyimage.com/173x100.png/cc0000/ffffff""},{""item"":""http://dummyimage.com/116x100.png/dddddd/000000""},{""item"":""http://dummyimage.com/161x100.png/dddddd/000000""},{""item"":""http://dummyimage.com/146x100.png/ff4444/ffffff""},{""item"":""http://dummyimage.com/172x100.png/ff4444/ffffff""},{""item"":""http://dummyimage.com/234x100.png/5fa2dd/ffffff""}]",630
631,Electric Nail File Kit,7340.8,Beauty,Professional-grade nail care set for manicures and pedicures.,used,Isabella,credit_card,name@email.com,false,2/10/2023,1/1/2020,"[{""item"":""http://dummyimage.com/211x100.png/cc0000/ffffff""},{""item"":""http://dummyimage.com/160x100.png/ff4444/ffffff""}]",631
632,Organic Chia Seeds,434.62,Food - Health Foods,Nutritious chia seeds great for smoothies,used,Murchison,credit_card,(555) 123-9876,false,5/21/2020,12/15/2025,[],632
633,Wireless Car Charger,9219.69,Automotive,Convenient charging pad for wireless charging in vehicles.,used,City-Vista,paypal,(555) 123-9876,true,8/11/2023,11/28/2020,"[{""item"":""http://dummyimage.com/181x100.png/5fa2dd/ffffff""},{""item"":""http://dummyimage.com/187x100.png/cc0000/ffffff""},{""item"":""http://dummyimage.com/162x100.png/cc0000/ffffff""},{""item"":""http://dummyimage.com/113x100.png/5fa2dd/ffffff""},{""item"":""http://dummyimage.com/141x100.png/ff4444/ffffff""},{""item"":""http://dummyimage.com/145x100.png/5fa2dd/ffffff""}]",633
634,Lemon Herb Chicken,3804.26,Food - Meat,Marinated chicken grilled with lemon and herbs.,new,Isabella,credit_card,(555) 123-9876,true,1/14/2021,11/29/2024,"[{""item"":""http://dummyimage.com/195x100.png/cc0000/ffffff""},{""item"":""http://dummyimage.com/106x100.png/cc0000/ffffff""},{""item"":""http://dummyimage.com/114x100.png/cc0000/ffffff""},{""item"":""http://dummyimage.com/104x100.png/dddddd/000000""},{""item"":""http://dummyimage.com/101x100.png/ff4444/ffffff""}]",634
635,Fall-Themed Table Runner,5317.89,Home,Decorative table runner perfect for autumn gatherings.,used,Murchison,paypal,t.user123,false,8/2/2020,8/22/2025,"[{""item"":""http://dummyimage.com/228x100.png/dddddd/000000""},{""item"":""http://dummyimage.com/197x100.png/dddddd/000000""},{""item"":""http://dummyimage.com/208x100.png/dddddd/000000""},{""item"":""http://dummyimage.com/107x100.png/ff4444/ffffff""},{""item"":""http://dummyimage.com/103x100.png/dddddd/000000""},{""item"":""http://dummyimage.com/244x100.png/dddddd/000000""}]",635
636,Desk Organizer Set,1598.86,Office,Stylish desk set to keep your workspace tidy and organized.,used,Murchison,paypal,(555) 123-9876,false,5/28/2020,6/19/2025,"[{""item"":""http://dummyimage.com/141x100.png/cc0000/ffffff""},{""item"":""http://dummyimage.com/213x100.png/5fa2dd/ffffff""}]",636
637,Stainless Steel Cutlery Set,4045.91,Kitchen,High-quality cutlery set for daily use or special occasions.,new,City-Vista,paypal,name@email.com,true,12/24/2021,1/29/2024,"[{""item"":""http://dummyimage.com/115x100.png/5fa2dd/ffffff""},{""item"":""http://dummyimage.com/167x100.png/cc0000/ffffff""},{""item"":""http://dummyimage.com/108x100.png/ff4444/ffffff""},{""item"":""http://dummyimage.com/110x100.png/5fa2dd/ffffff""},{""item"":""http://dummyimage.com/190x100.png/ff4444/ffffff""}]",637
638,Classic Bagels,4447.54,Food - Bakery,"Freshly baked bagels, perfect for breakfast or snacks.",used,City-Vista,cash,(555) 123-9876,false,6/3/2022,12/30/2025,"[{""item"":""http://dummyimage.com/247x100.png/5fa2dd/ffffff""},{""item"":""http://dummyimage.com/129x100.png/5fa2dd/ffffff""}]",638
639,Savory Quinoa Pudding,8986.58,Food - Sides,"A delicious savory quinoa pudding, great as a side dish.",used,Myrtle,cash,name@email.com,false,8/22/2024,10/23/2020,"[{""item"":""http://dummyimage.com/130x100.png/5fa2dd/ffffff""},{""item"":""http://dummyimage.com/200x100.png/5fa2dd/ffffff""},{""item"":""http://dummyimage.com/201x100.png/5fa2dd/ffffff""},{""item"":""http://dummyimage.com/229x100.png/5fa2dd/ffffff""},{""item"":""http://dummyimage.com/109x100.png/cc0000/ffffff""}]",639
640,Portable Campfire,3058.31,Outdoor,Compact campfire for grilling and warmth during camping trips.,new,City-Vista,credit_card,t.user123,false,1/12/2022,2/23/2020,"[{""item"":""http://dummyimage.com/248x100.png/ff4444/ffffff""},{""item"":""http://dummyimage.com/134x100.png/cc0000/ffffff""},{""item"":""http://dummyimage.com/118x100.png/dddddd/000000""},{""item"":""http://dummyimage.com/173x100.png/5fa2dd/ffffff""},{""item"":""http://dummyimage.com/153x100.png/dddddd/000000""}]",640
641,Almond Milk,2309.46,Food - Dairy,"Deliciously creamy almond milk, perfect for smoothies.",new,City-Vista,cash,(555) 123-9876,false,5/13/2025,9/7/2020,"[{""item"":""http://dummyimage.com/125x100.png/cc0000/ffffff""},{""item"":""http://dummyimage.com/115x100.png/dddddd/000000""},{""item"":""http://dummyimage.com/215x100.png/dddddd/000000""},{""item"":""http://dummyimage.com/108x100.png/ff4444/ffffff""},{""item"":""http://dummyimage.com/244x100.png/dddddd/000000""}]",641
642,Bamboo Charcoal Air Purifier Bags,3413.92,Home,Natural air purifiers to absorb odors and moisture.,used,City-Vista,paypal,t.user123,false,4/21/2022,6/12/2023,[],642
643,Apple Juice,622.85,Food - Beverages,"Refreshing apple juice, 100% juice with no added sugar.",new,Isabella,credit_card,(555) 123-9876,false,6/21/2024,9/22/2022,"[{""item"":""http://dummyimage.com/146x100.png/ff4444/ffffff""},{""item"":""http://dummyimage.com/236x100.png/5fa2dd/ffffff""},{""item"":""http://dummyimage.com/130x100.png/5fa2dd/ffffff""},{""item"":""http://dummyimage.com/248x100.png/5fa2dd/ffffff""}]",643
644,Lentil Vegetable Curry,2625.74,Food - Prepared Meals,A flavorful lentil curry cooked with vegetables and spices.,used,Isabella,credit_card,(555) 123-9876,false,8/8/2022,12/9/2023,"[{""item"":""http://dummyimage.com/140x100.png/ff4444/ffffff""}]",644
645,Lemon Dill Salmon,4816.94,Food - Seafood,"Salmon fillets seasoned with lemon and dill, perfect for grilling.",used,City-Vista,paypal,name@email.com,false,5/21/2022,6/15/2025,"[{""item"":""http://dummyimage.com/166x100.png/ff4444/ffffff""},{""item"":""http://dummyimage.com/190x100.png/dddddd/000000""},{""item"":""http://dummyimage.com/237x100.png/5fa2dd/ffffff""}]",645
646,Electric Can Opener,2119.84,Kitchen,Automatic can opener for easy meal prep.,new,Isabella,credit_card,name@email.com,true,3/13/2021,9/21/2023,"[{""item"":""http://dummyimage.com/161x100.png/ff4444/ffffff""},{""item"":""http://dummyimage.com/240x100.png/dddddd/000000""},{""item"":""http://dummyimage.com/200x100.png/ff4444/ffffff""},{""item"":""http://dummyimage.com/104x100.png/5fa2dd/ffffff""},{""item"":""http://dummyimage.com/177x100.png/dddddd/000000""}]",646
647,Marinara Parmesan Baked Ziti,3169.04,Food - Frozen Meals,Ziti pasta baked with marinara and parmesan cheese,used,Myrtle,cash,name@email.com,false,2/12/2025,12/2/2025,"[{""item"":""http://dummyimage.com/193x100.png/ff4444/ffffff""},{""item"":""http://dummyimage.com/188x100.png/5fa2dd/ffffff""}]",647
648,Spicy Tuna Sushi Kit,6138.42,Food - Prepared Meals,Everything you need to make delicious spicy tuna rolls at home.,new,Isabella,cash,(555) 123-9876,true,4/17/2020,12/15/2024,"[{""item"":""http://dummyimage.com/103x100.png/ff4444/ffffff""},{""item"":""http://dummyimage.com/126x100.png/dddddd/000000""}]",648
649,Portable Charger with Solar Panel,9772.15,Electronics,Eco-friendly charger with a built-in solar panel for outdoor use.,used,City-Vista,paypal,t.user123,false,5/20/2024,10/9/2020,"[{""item"":""http://dummyimage.com/229x100.png/cc0000/ffffff""},{""item"":""http://dummyimage.com/241x100.png/ff4444/ffffff""},{""item"":""http://dummyimage.com/169x100.png/dddddd/000000""},{""item"":""http://dummyimage.com/151x100.png/cc0000/ffffff""}]",649
650,Rustic Italian Bread,3913.01,Food - Bakery,"Freshly baked rustic bread, perfect for sandwiches or dipping in olive oil.",new,Myrtle,credit_card,t.user123,false,12/28/2021,7/12/2022,"[{""item"":""http://dummyimage.com/174x100.png/ff4444/ffffff""},{""item"":""http://dummyimage.com/250x100.png/dddddd/000000""},{""item"":""http://dummyimage.com/166x100.png/dddddd/000000""},{""item"":""http://dummyimage.com/208x100.png/cc0000/ffffff""},{""item"":""http://dummyimage.com/120x100.png/dddddd/000000""},{""item"":""http://dummyimage.com/158x100.png/dddddd/000000""}]",650
651,Silicone Baking Mat,5295.89,Kitchen,Non-stick baking mat for easy cooking and cleanup.,new,Murchison,credit_card,t.user123,true,12/19/2023,7/15/2022,"[{""item"":""http://dummyimage.com/163x100.png/cc0000/ffffff""},{""item"":""http://dummyimage.com/221x100.png/ff4444/ffffff""},{""item"":""http://dummyimage.com/178x100.png/dddddd/000000""}]",651
652,DIY Lip Balm Making Kit,8885.56,Crafts,Complete kit to make your own flavored lip balms at home.,used,Myrtle,credit_card,name@email.com,true,7/20/2025,9/12/2024,"[{""item"":""http://dummyimage.com/141x100.png/cc0000/ffffff""},{""item"":""http://dummyimage.com/197x100.png/5fa2dd/ffffff""},{""item"":""http://dummyimage.com/145x100.png/cc0000/ffffff""},{""item"":""http://dummyimage.com/229x100.png/dddddd/000000""}]",652
653,Induction Cooktop,8418.68,Kitchen,Portable induction cooktop for quick heating.,new,City-Vista,credit_card,t.user123,false,3/7/2025,4/6/2025,"[{""item"":""http://dummyimage.com/195x100.png/dddddd/000000""},{""item"":""http://dummyimage.com/111x100.png/ff4444/ffffff""}]",653
654,Frozen Hash Browns,8996.23,Food - Frozen Foods,"Shredded potatoes, perfect for breakfasts.",used,Isabella,cash,t.user123,true,1/18/2020,4/11/2022,"[{""item"":""http://dummyimage.com/118x100.png/5fa2dd/ffffff""},{""item"":""http://dummyimage.com/116x100.png/5fa2dd/ffffff""},{""item"":""http://dummyimage.com/102x100.png/ff4444/ffffff""},{""item"":""http://dummyimage.com/197x100.png/dddddd/000000""}]",654
655,Spinach Pizza Rolls,2876.09,Food - Frozen Foods,"Frozen pizza rolls stuffed with spinach and cheese, perfect for snacking.",used,Myrtle,credit_card,t.user123,true,4/11/2023,10/7/2025,"[{""item"":""http://dummyimage.com/247x100.png/cc0000/ffffff""},{""item"":""http://dummyimage.com/232x100.png/cc0000/ffffff""},{""item"":""http://dummyimage.com/160x100.png/5fa2dd/ffffff""},{""item"":""http://dummyimage.com/115x100.png/cc0000/ffffff""},{""item"":""http://dummyimage.com/180x100.png/5fa2dd/ffffff""},{""item"":""http://dummyimage.com/119x100.png/cc0000/ffffff""}]",655
656,Egg Noodles,676.03,Food - Grains,"Wide egg noodles, perfect for casseroles and soups.",new,City-Vista,cash,name@email.com,true,7/18/2023,6/1/2024,[],656
657,Chipotle Sauce,4840.44,Food - Condiments,Spicy sauce made with chipotle peppers,used,Myrtle,paypal,name@email.com,true,7/27/2024,11/14/2024,"[{""item"":""http://dummyimage.com/187x100.png/ff4444/ffffff""},{""item"":""http://dummyimage.com/219x100.png/cc0000/ffffff""},{""item"":""http://dummyimage.com/101x100.png/dddddd/000000""},{""item"":""http://dummyimage.com/199x100.png/5fa2dd/ffffff""},{""item"":""http://dummyimage.com/232x100.png/cc0000/ffffff""},{""item"":""http://dummyimage.com/207x100.png/ff4444/ffffff""}]",657
658,Kids' Art Supplies Kit,5382.86,Toys,"Complete kit with crayons, markers, and paper for young artists.",used,Murchison,cash,name@email.com,true,9/22/2024,6/1/2021,"[{""item"":""http://dummyimage.com/138x100.png/ff4444/ffffff""},{""item"":""http://dummyimage.com/135x100.png/cc0000/ffffff""},{""item"":""http://dummyimage.com/141x100.png/cc0000/ffffff""},{""item"":""http://dummyimage.com/228x100.png/dddddd/000000""},{""item"":""http://dummyimage.com/194x100.png/ff4444/ffffff""},{""item"":""http://dummyimage.com/229x100.png/ff4444/ffffff""}]",658
659,Crispy Tofu Bites,9139.56,Food - Protein,"Crispy on the outside, tender on the inside, perfect for stir-fries or salads.",used,Isabella,paypal,name@email.com,true,3/9/2022,11/11/2022,[],659
660,Savory Oatmeal Cups,9148.44,Food - Breakfast,"Savory oatmeal ready to eat, great for breakfast or a snack.",new,Murchison,paypal,name@email.com,false,3/9/2024,7/23/2024,"[{""item"":""http://dummyimage.com/108x100.png/cc0000/ffffff""},{""item"":""http://dummyimage.com/216x100.png/dddddd/000000""},{""item"":""http://dummyimage.com/106x100.png/cc0000/ffffff""},{""item"":""http://dummyimage.com/203x100.png/dddddd/000000""},{""item"":""http://dummyimage.com/184x100.png/cc0000/ffffff""}]",660
661,Quality Chef Apron,9499.43,Kitchen,Durable apron to keep clothes clean while cooking.,new,Murchison,paypal,name@email.com,false,3/21/2021,4/28/2022,"[{""item"":""http://dummyimage.com/152x100.png/cc0000/ffffff""},{""item"":""http://dummyimage.com/122x100.png/cc0000/ffffff""},{""item"":""http://dummyimage.com/178x100.png/cc0000/ffffff""}]",661
662,Mango Chia Pudding,6650.07,Food - Snacks,Healthy chia pudding made with mango and coconut milk.,used,Myrtle,paypal,t.user123,false,10/4/2023,3/14/2020,"[{""item"":""http://dummyimage.com/244x100.png/cc0000/ffffff""},{""item"":""http://dummyimage.com/232x100.png/ff4444/ffffff""},{""item"":""http://dummyimage.com/105x100.png/ff4444/ffffff""}]",662
663,Homestyle Beef Stew,4860.15,Food - Canned Soups,"Hearty beef stew with vegetables, ready to heat and serve.",new,Murchison,credit_card,name@email.com,false,3/16/2022,1/19/2020,"[{""item"":""http://dummyimage.com/165x100.png/dddddd/000000""}]",663
664,Wrist Support Brace,6785.32,Health,Comfortable support brace to relieve wrist pain.,new,Murchison,credit_card,(555) 123-9876,false,11/27/2020,10/1/2024,[],664
665,Mini Food Processor,7804.83,Kitchen,Compact food processor for quick meal prep.,new,Isabella,cash,name@email.com,true,11/24/2024,3/26/2024,"[{""item"":""http://dummyimage.com/112x100.png/cc0000/ffffff""},{""item"":""http://dummyimage.com/207x100.png/dddddd/000000""},{""item"":""http://dummyimage.com/112x100.png/dddddd/000000""}]",665
666,Chocolate Hazelnut Spread,2110.43,Food - Spreads,"A creamy spread made with chocolate and hazelnuts, perfect for toast.",used,Isabella,paypal,name@email.com,false,12/3/2020,10/30/2020,"[{""item"":""http://dummyimage.com/134x100.png/ff4444/ffffff""},{""item"":""http://dummyimage.com/172x100.png/dddddd/000000""},{""item"":""http://dummyimage.com/175x100.png/ff4444/ffffff""},{""item"":""http://dummyimage.com/220x100.png/5fa2dd/ffffff""},{""item"":""http://dummyimage.com/202x100.png/cc0000/ffffff""}]",666
667,Stainless Steel Grater,7811.87,Kitchen,Multi-functional grater for cheese and vegetables.,used,Isabella,cash,t.user123,false,12/5/2023,4/6/2020,"[{""item"":""http://dummyimage.com/250x100.png/5fa2dd/ffffff""},{""item"":""http://dummyimage.com/220x100.png/ff4444/ffffff""},{""item"":""http://dummyimage.com/108x100.png/cc0000/ffffff""},{""item"":""http://dummyimage.com/245x100.png/cc0000/ffffff""},{""item"":""http://dummyimage.com/201x100.png/dddddd/000000""}]",667
668,Children's Musical Instrument Set,1357.32,Toys,Fun instruments to introduce kids to music.,new,Myrtle,credit_card,(555) 123-9876,true,4/30/2021,9/20/2023,"[{""item"":""http://dummyimage.com/137x100.png/dddddd/000000""}]",668
669,Savory Quinoa Pudding,1142.34,Food - Sides,"A delicious savory quinoa pudding, great as a side dish.",new,City-Vista,credit_card,(555) 123-9876,false,5/2/2024,4/26/2022,[],669
670,Peach & Mango Salsa,7426.95,Food - Snacks,"A zesty salsa made with peaches and mangos, great for chips.",used,Myrtle,paypal,name@email.com,true,10/22/2021,5/19/2020,"[{""item"":""http://dummyimage.com/213x100.png/ff4444/ffffff""}]",670
671,Avocado Oil,4363.17,Food - Oils,"A healthy oil extracted from avocados, ideal for frying and salads.",new,City-Vista,credit_card,name@email.com,false,1/3/2025,3/6/2024,"[{""item"":""http://dummyimage.com/103x100.png/dddddd/000000""},{""item"":""http://dummyimage.com/183x100.png/dddddd/000000""}]",671
672,Coconut Curry Sauce,3131.0,Food - Sauces,A flavorful sauce made with coconut milk and spices.,used,Isabella,paypal,(555) 123-9876,true,7/2/2021,9/12/2022,"[{""item"":""http://dummyimage.com/158x100.png/dddddd/000000""},{""item"":""http://dummyimage.com/226x100.png/dddddd/000000""},{""item"":""http://dummyimage.com/208x100.png/dddddd/000000""},{""item"":""http://dummyimage.com/171x100.png/5fa2dd/ffffff""}]",672
673,Sliced Avocado,907.23,Food - Produce,"Ready-to-eat avocado slices, perfect for tacos.",used,Murchison,credit_card,(555) 123-9876,false,1/3/2022,2/27/2022,"[{""item"":""http://dummyimage.com/100x100.png/dddddd/000000""},{""item"":""http://dummyimage.com/109x100.png/5fa2dd/ffffff""},{""item"":""http://dummyimage.com/129x100.png/cc0000/ffffff""},{""item"":""http://dummyimage.com/110x100.png/dddddd/000000""},{""item"":""http://dummyimage.com/221x100.png/cc0000/ffffff""},{""item"":""http://dummyimage.com/200x100.png/cc0000/ffffff""}]",673
674,Maxi Wrap Dress,4120.34,Clothing - Dresses,A flowy maxi dress perfect for both casual and semi-formal occasions.,used,Myrtle,cash,t.user123,false,9/10/2020,2/2/2025,"[{""item"":""http://dummyimage.com/163x100.png/cc0000/ffffff""},{""item"":""http://dummyimage.com/163x100.png/cc0000/ffffff""}]",674
675,Handheld Shower Head,1074.59,Bathroom,Adjustable shower head for a luxurious shower experience.,new,Isabella,credit_card,(555) 123-9876,true,9/12/2020,8/19/2020,"[{""item"":""http://dummyimage.com/184x100.png/ff4444/ffffff""},{""item"":""http://dummyimage.com/112x100.png/ff4444/ffffff""},{""item"":""http://dummyimage.com/104x100.png/5fa2dd/ffffff""}]",675
676,Ultraviolet Phone Sanitizer,6742.09,Health,UV sanitizer that kills germs on your smartphone.,new,Murchison,cash,(555) 123-9876,true,9/28/2020,5/19/2024,[],676
677,Habanero Hot Sauce,6066.14,Food - Condiments,Fiery hot sauce made with fresh habaneros and spices.,new,Myrtle,cash,name@email.com,true,3/4/2020,10/15/2024,"[{""item"":""http://dummyimage.com/192x100.png/5fa2dd/ffffff""}]",677
678,Wrist Support Brace,183.27,Health,Comfortable support brace to relieve wrist pain.,new,Murchison,paypal,name@email.com,true,3/17/2020,7/2/2022,[],678
679,Belted Trench Coat,7356.6,Clothing - Outerwear,Timeless belted trench coat for a polished look during fall.,new,Isabella,cash,name@email.com,false,8/20/2023,2/26/2020,"[{""item"":""http://dummyimage.com/132x100.png/dddddd/000000""},{""item"":""http://dummyimage.com/223x100.png/ff4444/ffffff""},{""item"":""http://dummyimage.com/184x100.png/ff4444/ffffff""},{""item"":""http://dummyimage.com/246x100.png/ff4444/ffffff""},{""item"":""http://dummyimage.com/201x100.png/dddddd/000000""}]",679
680,Plant Pot Drip Trays,8492.39,Garden,Prevent water damage with drip trays for potted plants.,used,Isabella,credit_card,name@email.com,true,3/11/2025,10/6/2023,"[{""item"":""http://dummyimage.com/133x100.png/ff4444/ffffff""},{""item"":""http://dummyimage.com/166x100.png/cc0000/ffffff""},{""item"":""http://dummyimage.com/225x100.png/ff4444/ffffff""},{""item"":""http://dummyimage.com/101x100.png/ff4444/ffffff""},{""item"":""http://dummyimage.com/153x100.png/ff4444/ffffff""},{""item"":""http://dummyimage.com/221x100.png/ff4444/ffffff""}]",680
681,Plant Pot Drip Trays,9816.57,Garden,Prevent water damage with drip trays for potted plants.,used,City-Vista,cash,(555) 123-9876,true,11/4/2021,5/21/2020,"[{""item"":""http://dummyimage.com/217x100.png/cc0000/ffffff""},{""item"":""http://dummyimage.com/217x100.png/cc0000/ffffff""},{""item"":""http://dummyimage.com/206x100.png/5fa2dd/ffffff""}]",681
682,Electric Milk Frother,1570.63,Kitchen,Handheld frother for creating frothed milk for coffee.,used,Murchison,credit_card,name@email.com,false,5/13/2021,4/10/2024,"[{""item"":""http://dummyimage.com/144x100.png/cc0000/ffffff""},{""item"":""http://dummyimage.com/109x100.png/5fa2dd/ffffff""},{""item"":""http://dummyimage.com/234x100.png/5fa2dd/ffffff""}]",682
683,Silicone Cooking Utensils Set,3972.84,Kitchen,Non-stick and heat-resistant utensils for cooking.,used,Murchison,credit_card,(555) 123-9876,false,11/17/2020,8/5/2023,"[{""item"":""http://dummyimage.com/155x100.png/ff4444/ffffff""}]",683
684,Camping Chair with Cooler,5924.8,Outdoor,Foldable chair equipped with a cooler pouch.,used,Myrtle,credit_card,name@email.com,true,8/21/2020,9/18/2023,"[{""item"":""http://dummyimage.com/176x100.png/cc0000/ffffff""}]",684
685,Rustic Italian Breads,7781.78,Food - Bakery,Freshly baked artisan bread with a crisp crust and soft center.,used,City-Vista,credit_card,t.user123,false,10/10/2023,11/15/2022,"[{""item"":""http://dummyimage.com/243x100.png/5fa2dd/ffffff""},{""item"":""http://dummyimage.com/192x100.png/ff4444/ffffff""}]",685
686,Indoor Plants,8116.58,Garden,Assorted indoor plants for home decor.,used,Murchison,cash,name@email.com,true,7/1/2022,4/24/2020,"[{""item"":""http://dummyimage.com/169x100.png/5fa2dd/ffffff""},{""item"":""http://dummyimage.com/175x100.png/cc0000/ffffff""},{""item"":""http://dummyimage.com/153x100.png/5fa2dd/ffffff""},{""item"":""http://dummyimage.com/111x100.png/dddddd/000000""}]",686
687,Organic Spinach,6282.94,Food - Produce,"Fresh organic spinach, great for salads or cooking.",used,City-Vista,cash,name@email.com,true,6/24/2020,11/20/2025,"[{""item"":""http://dummyimage.com/188x100.png/cc0000/ffffff""},{""item"":""http://dummyimage.com/214x100.png/5fa2dd/ffffff""}]",687
688,Garam Masala Spice Blend,605.04,Food - Spices,A fragrant Indian spice blend for curries and stews.,new,Myrtle,credit_card,t.user123,true,5/31/2023,6/15/2022,[],688
689,Adjustable Pet Feeder,9110.05,Pets,Convenient feeder that adjusts to your pet's height.,new,Murchison,paypal,t.user123,true,8/7/2025,7/7/2025,"[{""item"":""http://dummyimage.com/181x100.png/cc0000/ffffff""},{""item"":""http://dummyimage.com/247x100.png/5fa2dd/ffffff""},{""item"":""http://dummyimage.com/230x100.png/5fa2dd/ffffff""}]",689
690,Ginger Turmeric Shots,4517.06,Food - Beverages,Ready-to-drink shots made with fresh ginger and turmeric.,new,Murchison,credit_card,name@email.com,false,2/8/2020,2/12/2024,"[{""item"":""http://dummyimage.com/207x100.png/cc0000/ffffff""},{""item"":""http://dummyimage.com/227x100.png/dddddd/000000""},{""item"":""http://dummyimage.com/232x100.png/dddddd/000000""},{""item"":""http://dummyimage.com/218x100.png/dddddd/000000""},{""item"":""http://dummyimage.com/153x100.png/ff4444/ffffff""},{""item"":""http://dummyimage.com/115x100.png/dddddd/000000""}]",690
691,Compact Shoe Rack,5064.67,Home,Space-efficient shoe rack to keep entryways organized.,used,City-Vista,credit_card,name@email.com,false,7/28/2024,8/11/2025,"[{""item"":""http://dummyimage.com/152x100.png/ff4444/ffffff""},{""item"":""http://dummyimage.com/132x100.png/cc0000/ffffff""},{""item"":""http://dummyimage.com/126x100.png/dddddd/000000""},{""item"":""http://dummyimage.com/176x100.png/ff4444/ffffff""},{""item"":""http://dummyimage.com/117x100.png/ff4444/ffffff""},{""item"":""http://dummyimage.com/234x100.png/cc0000/ffffff""}]",691
692,Vegetable and Cheese Quesadillas,5878.24,Food - Frozen,Flour tortilla filled with cheese and a medley of vegetables.,used,City-Vista,cash,(555) 123-9876,false,11/25/2020,6/1/2021,"[{""item"":""http://dummyimage.com/233x100.png/5fa2dd/ffffff""},{""item"":""http://dummyimage.com/224x100.png/dddddd/000000""},{""item"":""http://dummyimage.com/222x100.png/ff4444/ffffff""}]",692
693,Pet Travel Bed,4444.19,Pets,Portable bed for pets while traveling.,used,City-Vista,paypal,name@email.com,true,3/5/2022,8/7/2022,[],693
694,Outdoor String Lights,1909.31,Outdoor,Fairy lights perfect for decorating patios and backyards.,used,Isabella,cash,name@email.com,true,8/8/2024,12/18/2025,"[{""item"":""http://dummyimage.com/208x100.png/cc0000/ffffff""},{""item"":""http://dummyimage.com/129x100.png/dddddd/000000""},{""item"":""http://dummyimage.com/232x100.png/cc0000/ffffff""},{""item"":""http://dummyimage.com/168x100.png/cc0000/ffffff""}]",694
695,Fitness Activity Journal,5359.28,Fitness,Journal to record workouts and nutrition.,used,City-Vista,credit_card,name@email.com,false,9/8/2021,6/13/2024,"[{""item"":""http://dummyimage.com/130x100.png/cc0000/ffffff""},{""item"":""http://dummyimage.com/214x100.png/ff4444/ffffff""},{""item"":""http://dummyimage.com/104x100.png/dddddd/000000""},{""item"":""http://dummyimage.com/217x100.png/cc0000/ffffff""}]",695
696,Pasta Maker Machine,4377.06,Kitchen,Manual pasta maker for creating fresh pasta at home.,new,City-Vista,paypal,name@email.com,false,11/4/2022,8/17/2021,"[{""item"":""http://dummyimage.com/146x100.png/5fa2dd/ffffff""}]",696
697,LED Flashing Pet Collar,2733.91,Pets,Safety collar with flashing lights for pets during night walks.,new,Isabella,cash,name@email.com,false,12/18/2022,3/3/2021,"[{""item"":""http://dummyimage.com/163x100.png/dddddd/000000""},{""item"":""http://dummyimage.com/129x100.png/5fa2dd/ffffff""},{""item"":""http://dummyimage.com/223x100.png/cc0000/ffffff""},{""item"":""http://dummyimage.com/227x100.png/ff4444/ffffff""}]",697
698,Harvest Grain Salad,2850.87,Food - Salads,"A hearty salad with grains, dried fruits, and nuts.",new,Isabella,paypal,(555) 123-9876,false,5/31/2021,3/24/2024,"[{""item"":""http://dummyimage.com/186x100.png/ff4444/ffffff""},{""item"":""http://dummyimage.com/183x100.png/5fa2dd/ffffff""},{""item"":""http://dummyimage.com/244x100.png/ff4444/ffffff""}]",698
699,Yoga Wheel,2491.64,Fitness,Supportive yoga wheel for deep stretching and balance.,new,City-Vista,cash,name@email.com,false,12/7/2022,10/16/2023,"[{""item"":""http://dummyimage.com/206x100.png/5fa2dd/ffffff""},{""item"":""http://dummyimage.com/209x100.png/ff4444/ffffff""},{""item"":""http://dummyimage.com/243x100.png/cc0000/ffffff""}]",699
700,Asian Noodle Salad Kit,2636.99,Food - Salads,A pre-packaged salad kit with noodles and Asian-style dressing.,new,Myrtle,credit_card,(555) 123-9876,true,9/25/2023,4/4/2024,"[{""item"":""http://dummyimage.com/228x100.png/ff4444/ffffff""}]",700
701,Lemon Garlic Shrimp,2912.83,Food - Seafood,"Marinated shrimp in a garlic and lemon sauce, perfect for grilling.",used,Myrtle,paypal,name@email.com,true,11/28/2023,11/11/2021,"[{""item"":""http://dummyimage.com/117x100.png/ff4444/ffffff""},{""item"":""http://dummyimage.com/219x100.png/cc0000/ffffff""},{""item"":""http://dummyimage.com/235x100.png/cc0000/ffffff""}]",701
702,Fall-Themed Table Runner,4387.08,Home,Decorative table runner perfect for autumn gatherings.,new,Murchison,paypal,name@email.com,false,6/28/2022,8/7/2022,"[{""item"":""http://dummyimage.com/164x100.png/ff4444/ffffff""},{""item"":""http://dummyimage.com/243x100.png/cc0000/ffffff""},{""item"":""http://dummyimage.com/196x100.png/cc0000/ffffff""},{""item"":""http://dummyimage.com/133x100.png/cc0000/ffffff""},{""item"":""http://dummyimage.com/245x100.png/dddddd/000000""}]",702
703,Stainless Steel Water Pitcher,7662.32,Kitchen,Insulated pitcher to keep beverages cold or hot.,new,Myrtle,credit_card,(555) 123-9876,true,1/25/2021,4/7/2023,[],703
704,Kids' Gardening Kit,1466.28,Toys,Complete set designed for children to learn gardening.,new,Murchison,cash,name@email.com,false,11/27/2021,3/28/2024,"[{""item"":""http://dummyimage.com/102x100.png/5fa2dd/ffffff""},{""item"":""http://dummyimage.com/190x100.png/ff4444/ffffff""},{""item"":""http://dummyimage.com/234x100.png/ff4444/ffffff""}]",704
705,Pet Nail Clipper,466.8,Pets,Safe and easy-to-use nail clippers for pets.,new,Murchison,credit_card,name@email.com,false,5/12/2025,1/29/2020,"[{""item"":""http://dummyimage.com/234x100.png/cc0000/ffffff""},{""item"":""http://dummyimage.com/153x100.png/dddddd/000000""}]",705
706,Fashionable Scarves Set,2701.29,Clothing,Stylish scarves to accessorize any outfit.,used,Myrtle,credit_card,(555) 123-9876,false,1/2/2022,4/23/2023,"[{""item"":""http://dummyimage.com/206x100.png/ff4444/ffffff""},{""item"":""http://dummyimage.com/160x100.png/cc0000/ffffff""}]",706
707,Pistachios,7729.56,Food - Nuts,"Roasted pistachios, a healthy and tasty snack.",new,Murchison,credit_card,(555) 123-9876,true,10/10/2022,2/3/2021,"[{""item"":""http://dummyimage.com/180x100.png/cc0000/ffffff""},{""item"":""http://dummyimage.com/169x100.png/5fa2dd/ffffff""},{""item"":""http://dummyimage.com/217x100.png/dddddd/000000""},{""item"":""http://dummyimage.com/194x100.png/dddddd/000000""},{""item"":""http://dummyimage.com/237x100.png/5fa2dd/ffffff""},{""item"":""http://dummyimage.com/112x100.png/5fa2dd/ffffff""}]",707
708,Faux Leather Leggings,6035.08,Clothing - Pants,Stylish faux leather leggings for a trendy outfit.,new,Myrtle,cash,t.user123,false,1/27/2023,1/17/2022,"[{""item"":""http://dummyimage.com/119x100.png/ff4444/ffffff""},{""item"":""http://dummyimage.com/193x100.png/ff4444/ffffff""}]",708
709,Pepperoni Pizza Roll-Ups,7209.9,Food - Frozen Foods,"Savory pizza filled with pepperoni and cheese, ready to microwave.",used,Isabella,paypal,name@email.com,false,10/8/2021,3/3/2020,"[{""item"":""http://dummyimage.com/207x100.png/cc0000/ffffff""},{""item"":""http://dummyimage.com/216x100.png/5fa2dd/ffffff""},{""item"":""http://dummyimage.com/230x100.png/5fa2dd/ffffff""},{""item"":""http://dummyimage.com/144x100.png/cc0000/ffffff""}]",709
710,Multi-Functional Rice Cooker,6733.53,Kitchen,Electric rice cooker with multiple cooking settings for perfect rice.,new,City-Vista,credit_card,name@email.com,false,3/15/2020,2/21/2024,"[{""item"":""http://dummyimage.com/130x100.png/5fa2dd/ffffff""},{""item"":""http://dummyimage.com/191x100.png/ff4444/ffffff""}]",710
711,Creative Puzzle Game,9635.06,Toys,Challenging and fun puzzle game for all ages.,used,Myrtle,credit_card,name@email.com,false,12/17/2024,10/4/2021,[],711
712,Fruit and Nut Bars,5981.1,Food - Snacks,Individually packaged bars made with dried fruits and nuts.,used,Isabella,credit_card,(555) 123-9876,false,11/27/2024,9/20/2025,"[{""item"":""http://dummyimage.com/108x100.png/cc0000/ffffff""},{""item"":""http://dummyimage.com/185x100.png/cc0000/ffffff""},{""item"":""http://dummyimage.com/112x100.png/cc0000/ffffff""},{""item"":""http://dummyimage.com/217x100.png/cc0000/ffffff""}]",712
713,Sweet Potato & Kale Hash,4534.96,Food - Prepared Foods,"Savory hash made with sweet potatoes and kale, a perfect side dish.",new,Myrtle,credit_card,name@email.com,false,11/18/2024,9/20/2022,"[{""item"":""http://dummyimage.com/179x100.png/cc0000/ffffff""},{""item"":""http://dummyimage.com/117x100.png/cc0000/ffffff""}]",713
714,Pineapple Coconut Bars,9438.7,Food - Snacks,Refreshing dessert bars made with pineapple and coconut.,new,Murchison,credit_card,name@email.com,true,2/18/2025,5/5/2023,"[{""item"":""http://dummyimage.com/234x100.png/ff4444/ffffff""},{""item"":""http://dummyimage.com/162x100.png/dddddd/000000""},{""item"":""http://dummyimage.com/185x100.png/dddddd/000000""}]",714
715,Avocado Oil,8190.88,Food - Oils,"A healthy oil extracted from avocados, ideal for frying and salads.",used,Isabella,cash,name@email.com,true,5/22/2025,10/22/2023,"[{""item"":""http://dummyimage.com/179x100.png/ff4444/ffffff""},{""item"":""http://dummyimage.com/209x100.png/dddddd/000000""},{""item"":""http://dummyimage.com/168x100.png/cc0000/ffffff""},{""item"":""http://dummyimage.com/116x100.png/ff4444/ffffff""}]",715
716,Coffee Capsule Dispenser,1020.06,Kitchen,Organize coffee capsules with this stylish dispenser.,used,Isabella,cash,t.user123,true,9/7/2025,11/23/2023,"[{""item"":""http://dummyimage.com/120x100.png/5fa2dd/ffffff""}]",716
717,Beef Stew Meat,6141.85,Food - Meat,Tender beef chunks for slow-cooked stews.,used,Murchison,paypal,t.user123,true,5/29/2025,2/3/2020,[],717
718,Lemon Lime Sparkling Water,8239.97,Food - Beverages,Refreshing sparkling water with lemon and lime flavor,used,City-Vista,credit_card,name@email.com,false,11/17/2020,10/8/2024,"[{""item"":""http://dummyimage.com/183x100.png/dddddd/000000""},{""item"":""http://dummyimage.com/172x100.png/ff4444/ffffff""}]",718
719,Athletic Compression Tights,6945.08,Clothing - Activewear,High-performance compression tights designed for optimal support and comfort.,new,Myrtle,cash,(555) 123-9876,false,11/14/2022,10/13/2024,"[{""item"":""http://dummyimage.com/132x100.png/dddddd/000000""},{""item"":""http://dummyimage.com/188x100.png/ff4444/ffffff""}]",719
720,Maple Almond Butter,8212.57,Food - Nut Butters,Creamy almond butter sweetened with maple syrup for a delicious spread.,used,Isabella,cash,t.user123,true,10/6/2024,2/18/2024,[],720
721,Herbal Tea Set,5469.54,Food,Assorted herbal tea bags for relaxation and wellness.,used,Isabella,cash,name@email.com,true,6/26/2023,10/27/2025,"[{""item"":""http://dummyimage.com/238x100.png/cc0000/ffffff""},{""item"":""http://dummyimage.com/184x100.png/ff4444/ffffff""},{""item"":""http://dummyimage.com/220x100.png/5fa2dd/ffffff""},{""item"":""http://dummyimage.com/195x100.png/dddddd/000000""},{""item"":""http://dummyimage.com/181x100.png/dddddd/000000""}]",721
722,Portable Leaf Blower,4222.31,Outdoor,Lightweight leaf blower for maintaining outdoor spaces.,used,City-Vista,credit_card,t.user123,true,2/27/2025,10/4/2021,"[{""item"":""http://dummyimage.com/168x100.png/cc0000/ffffff""},{""item"":""http://dummyimage.com/130x100.png/dddddd/000000""},{""item"":""http://dummyimage.com/131x100.png/dddddd/000000""},{""item"":""http://dummyimage.com/158x100.png/dddddd/000000""},{""item"":""http://dummyimage.com/224x100.png/5fa2dd/ffffff""}]",722
723,Peanut Butter Filled Pretzels,4027.77,Food - Snacks,Salty pretzels filled with creamy peanut butter.,used,Myrtle,credit_card,name@email.com,false,3/19/2020,1/30/2021,[],723
724,Handcrafted Wooden Jewelry Box,3265.69,Accessories,Beautifully crafted jewelry box with compartments for storage.,new,Isabella,credit_card,name@email.com,false,3/11/2020,11/3/2024,"[{""item"":""http://dummyimage.com/163x100.png/dddddd/000000""},{""item"":""http://dummyimage.com/110x100.png/dddddd/000000""},{""item"":""http://dummyimage.com/164x100.png/ff4444/ffffff""},{""item"":""http://dummyimage.com/246x100.png/dddddd/000000""},{""item"":""http://dummyimage.com/185x100.png/cc0000/ffffff""}]",724
725,Wireless Range Extender,7184.18,Electronics,Boost your Wi-Fi signal for better coverage.,new,City-Vista,cash,name@email.com,true,1/27/2021,8/14/2021,"[{""item"":""http://dummyimage.com/224x100.png/dddddd/000000""},{""item"":""http://dummyimage.com/229x100.png/5fa2dd/ffffff""}]",725
726,Falafel Mix,1065.04,Food - Baking & Cooking,Easy-to-make falafel mix for a tasty vegetarian meal.,new,Myrtle,paypal,t.user123,false,3/31/2024,5/5/2022,"[{""item"":""http://dummyimage.com/167x100.png/5fa2dd/ffffff""},{""item"":""http://dummyimage.com/164x100.png/5fa2dd/ffffff""},{""item"":""http://dummyimage.com/184x100.png/cc0000/ffffff""},{""item"":""http://dummyimage.com/147x100.png/cc0000/ffffff""}]",726
727,Vegetable Potstickers,6911.87,Food - Frozen Food,"Delicious vegetable dumplings, perfect for steaming or frying.",new,Murchison,credit_card,t.user123,false,10/20/2023,7/12/2022,"[{""item"":""http://dummyimage.com/128x100.png/dddddd/000000""},{""item"":""http://dummyimage.com/232x100.png/cc0000/ffffff""},{""item"":""http://dummyimage.com/216x100.png/ff4444/ffffff""},{""item"":""http://dummyimage.com/162x100.png/cc0000/ffffff""},{""item"":""http://dummyimage.com/122x100.png/5fa2dd/ffffff""},{""item"":""http://dummyimage.com/155x100.png/cc0000/ffffff""}]",727
728,Apple Sauce,2306.12,Food - Canned Goods,"Unsweetened apple sauce, great for snacks or baking.",used,City-Vista,paypal,(555) 123-9876,true,5/3/2021,10/5/2020,"[{""item"":""http://dummyimage.com/111x100.png/cc0000/ffffff""},{""item"":""http://dummyimage.com/165x100.png/ff4444/ffffff""},{""item"":""http://dummyimage.com/136x100.png/ff4444/ffffff""}]",728
729,Oven Mitts,6138.33,Kitchen,Silicone oven mitts for safe handling of hot cookware.,used,City-Vista,cash,name@email.com,false,10/3/2023,7/22/2020,"[{""item"":""http://dummyimage.com/111x100.png/cc0000/ffffff""},{""item"":""http://dummyimage.com/165x100.png/dddddd/000000""},{""item"":""http://dummyimage.com/132x100.png/ff4444/ffffff""},{""item"":""http://dummyimage.com/187x100.png/ff4444/ffffff""},{""item"":""http://dummyimage.com/155x100.png/ff4444/ffffff""},{""item"":""http://dummyimage.com/199x100.png/cc0000/ffffff""}]",729
730,Sous Vide Cooker,3935.6,Kitchen,Precision cooker for perfect sous vide cooking.,used,Myrtle,cash,(555) 123-9876,true,11/1/2022,10/2/2024,"[{""item"":""http://dummyimage.com/161x100.png/ff4444/ffffff""},{""item"":""http://dummyimage.com/161x100.png/cc0000/ffffff""}]",730
731,Fleece Lined Leggings,2858.61,Clothing,Comfortable and warm leggings perfect for colder weather.,used,Isabella,cash,t.user123,false,3/4/2025,6/5/2023,"[{""item"":""http://dummyimage.com/130x100.png/dddddd/000000""},{""item"":""http://dummyimage.com/187x100.png/cc0000/ffffff""},{""item"":""http://dummyimage.com/134x100.png/dddddd/000000""},{""item"":""http://dummyimage.com/188x100.png/ff4444/ffffff""},{""item"":""http://dummyimage.com/243x100.png/cc0000/ffffff""},{""item"":""http://dummyimage.com/109x100.png/5fa2dd/ffffff""}]",731
732,Spinach and Ricotta Ravioli,6088.2,Food - Pasta,Delicious ravioli filled with creamy ricotta and fresh spinach.,new,Murchison,credit_card,name@email.com,true,11/22/2024,10/29/2024,"[{""item"":""http://dummyimage.com/120x100.png/cc0000/ffffff""},{""item"":""http://dummyimage.com/197x100.png/dddddd/000000""},{""item"":""http://dummyimage.com/156x100.png/dddddd/000000""}]",732
733,Orange Ginger Vinaigrette,4206.89,Food - Condiments,Tangy vinaigrette with orange and ginger flavors.,new,Myrtle,cash,name@email.com,false,6/27/2020,7/21/2024,"[{""item"":""http://dummyimage.com/175x100.png/dddddd/000000""},{""item"":""http://dummyimage.com/156x100.png/5fa2dd/ffffff""},{""item"":""http://dummyimage.com/245x100.png/ff4444/ffffff""},{""item"":""http://dummyimage.com/111x100.png/ff4444/ffffff""},{""item"":""http://dummyimage.com/219x100.png/cc0000/ffffff""}]",733
734,Baking Powder,8205.29,Food - Baking Goods,Essential ingredient for baking fluffy cakes and pastries.,new,Isabella,credit_card,name@email.com,false,3/12/2022,8/9/2024,"[{""item"":""http://dummyimage.com/194x100.png/5fa2dd/ffffff""},{""item"":""http://dummyimage.com/203x100.png/ff4444/ffffff""},{""item"":""http://dummyimage.com/134x100.png/ff4444/ffffff""}]",734
735,Sweet Cherry Tomatoes,2932.35,Food - Produce,Fresh and juicy cherry tomatoes for salads and snacking.,used,City-Vista,paypal,name@email.com,false,6/19/2021,11/6/2021,"[{""item"":""http://dummyimage.com/122x100.png/ff4444/ffffff""},{""item"":""http://dummyimage.com/208x100.png/cc0000/ffffff""},{""item"":""http://dummyimage.com/110x100.png/ff4444/ffffff""},{""item"":""http://dummyimage.com/206x100.png/ff4444/ffffff""},{""item"":""http://dummyimage.com/103x100.png/ff4444/ffffff""}]",735
736,Frozen Vegetarian Pizza,7668.09,Food - Frozen Meals,A delicious pizza loaded with vegetables,used,Murchison,credit_card,(555) 123-9876,false,6/2/2023,12/19/2023,"[{""item"":""http://dummyimage.com/170x100.png/cc0000/ffffff""},{""item"":""http://dummyimage.com/154x100.png/5fa2dd/ffffff""},{""item"":""http://dummyimage.com/249x100.png/dddddd/000000""}]",736
737,Survival Gear Kit,8017.9,Outdoor,Essential survival gear kit for emergencies.,new,Myrtle,cash,name@email.com,true,4/27/2023,2/8/2024,"[{""item"":""http://dummyimage.com/170x100.png/5fa2dd/ffffff""},{""item"":""http://dummyimage.com/195x100.png/5fa2dd/ffffff""},{""item"":""http://dummyimage.com/118x100.png/cc0000/ffffff""},{""item"":""http://dummyimage.com/215x100.png/cc0000/ffffff""},{""item"":""http://dummyimage.com/249x100.png/ff4444/ffffff""},{""item"":""http://dummyimage.com/229x100.png/ff4444/ffffff""}]",737
738,Stainless Steel Straws,9540.98,Kitchen,Set of reusable stainless steel straws for drinks.,used,Myrtle,cash,(555) 123-9876,false,12/10/2021,1/15/2022,"[{""item"":""http://dummyimage.com/158x100.png/dddddd/000000""}]",738
739,Beef Taco Skillet,8576.8,Food - Meal Kits,A convenient meal kit for making a delicious beef taco skillet at home.,new,Murchison,paypal,t.user123,false,10/26/2023,3/4/2023,"[{""item"":""http://dummyimage.com/116x100.png/cc0000/ffffff""},{""item"":""http://dummyimage.com/143x100.png/cc0000/ffffff""}]",739
740,Air Mattress,2647.63,Outdoor,Inflatable air mattress for convenient sleeping.,used,Murchison,credit_card,(555) 123-9876,false,4/18/2021,7/16/2023,"[{""item"":""http://dummyimage.com/213x100.png/cc0000/ffffff""},{""item"":""http://dummyimage.com/121x100.png/cc0000/ffffff""},{""item"":""http://dummyimage.com/107x100.png/dddddd/000000""}]",740
741,Vegan Caesar Dressing,8933.29,Food - Condiments,"Creamy vegan dressing made with cashews, perfect for salads.",used,Murchison,cash,t.user123,true,11/25/2020,1/12/2020,[],741
742,Garden Hoses with Expandable Features,8424.0,Garden,"Lightweight, expandable hoses for easy handling.",new,Myrtle,cash,name@email.com,false,1/27/2020,7/17/2025,"[{""item"":""http://dummyimage.com/224x100.png/cc0000/ffffff""},{""item"":""http://dummyimage.com/228x100.png/ff4444/ffffff""},{""item"":""http://dummyimage.com/228x100.png/cc0000/ffffff""},{""item"":""http://dummyimage.com/247x100.png/dddddd/000000""}]",742
743,Carrot Ginger Soup,9080.04,Food - Soups,"Smooth soup made from carrots and ginger, great for cold days.",new,Isabella,cash,name@email.com,false,6/29/2024,5/23/2021,[],743
744,Pasta (Fusilli),2106.57,Food - Pasta,Twisted pasta perfect for salads and pasta dishes.,used,Isabella,paypal,(555) 123-9876,false,6/14/2021,11/19/2021,[],744
745,Plant Growing Kit,4622.47,Garden,Complete kit for growing herbs indoors.,used,Murchison,credit_card,name@email.com,true,9/22/2021,3/31/2022,"[{""item"":""http://dummyimage.com/172x100.png/5fa2dd/ffffff""},{""item"":""http://dummyimage.com/249x100.png/5fa2dd/ffffff""},{""item"":""http://dummyimage.com/183x100.png/dddddd/000000""}]",745
746,Cabbage,9517.14,Food - Produce,"Fresh green cabbage, great for salads and slaws.",new,Murchison,paypal,t.user123,false,11/22/2023,10/3/2023,"[{""item"":""http://dummyimage.com/116x100.png/ff4444/ffffff""},{""item"":""http://dummyimage.com/160x100.png/ff4444/ffffff""},{""item"":""http://dummyimage.com/203x100.png/ff4444/ffffff""},{""item"":""http://dummyimage.com/182x100.png/cc0000/ffffff""},{""item"":""http://dummyimage.com/249x100.png/cc0000/ffffff""}]",746
747,Almond Crunch Granola Bars,2292.77,Food - Snacks,Nutty granola bars for healthy snacking.,used,City-Vista,cash,name@email.com,true,6/27/2025,10/27/2020,"[{""item"":""http://dummyimage.com/150x100.png/dddddd/000000""}]",747
748,Self-Adhesive Wallpaper,8473.03,Home,Peel and stick wallpaper for easy home decor changes.,new,Myrtle,paypal,(555) 123-9876,true,2/18/2021,3/9/2022,"[{""item"":""http://dummyimage.com/198x100.png/5fa2dd/ffffff""},{""item"":""http://dummyimage.com/163x100.png/5fa2dd/ffffff""},{""item"":""http://dummyimage.com/186x100.png/5fa2dd/ffffff""},{""item"":""http://dummyimage.com/101x100.png/5fa2dd/ffffff""},{""item"":""http://dummyimage.com/238x100.png/ff4444/ffffff""}]",748
749,Electronic Drum Kit,2040.67,Music,Compact electronic drum kit for musicians of all levels.,used,Myrtle,credit_card,t.user123,true,3/22/2023,1/17/2025,"[{""item"":""http://dummyimage.com/112x100.png/5fa2dd/ffffff""},{""item"":""http://dummyimage.com/159x100.png/dddddd/000000""}]",749
750,Digital Voice Recorder,9998.23,Electronics,High-quality voice recorder for lectures and meetings.,used,Myrtle,paypal,t.user123,false,1/20/2021,7/10/2022,"[{""item"":""http://dummyimage.com/190x100.png/cc0000/ffffff""},{""item"":""http://dummyimage.com/120x100.png/ff4444/ffffff""},{""item"":""http://dummyimage.com/225x100.png/cc0000/ffffff""},{""item"":""http://dummyimage.com/130x100.png/ff4444/ffffff""}]",750
751,Bluetooth Headphones,2281.01,Audio,Noise-cancelling Bluetooth headphones for immersive sound.,used,Isabella,credit_card,name@email.com,true,4/16/2022,7/30/2023,"[{""item"":""http://dummyimage.com/195x100.png/5fa2dd/ffffff""},{""item"":""http://dummyimage.com/146x100.png/dddddd/000000""},{""item"":""http://dummyimage.com/135x100.png/5fa2dd/ffffff""}]",751
752,Vegetable Fried Rice Mix,7392.32,Food - Frozen Food,A quick and easy fried rice mix with colorful veggies and savory seasoning.,new,Isabella,cash,t.user123,false,2/19/2024,1/12/2021,"[{""item"":""http://dummyimage.com/154x100.png/ff4444/ffffff""},{""item"":""http://dummyimage.com/209x100.png/cc0000/ffffff""}]",752
753,Folding Table,8105.41,Outdoor,Portable folding table for outdoor events.,used,Murchison,paypal,t.user123,true,10/11/2024,8/27/2023,"[{""item"":""http://dummyimage.com/143x100.png/dddddd/000000""},{""item"":""http://dummyimage.com/142x100.png/dddddd/000000""},{""item"":""http://dummyimage.com/240x100.png/dddddd/000000""},{""item"":""http://dummyimage.com/164x100.png/5fa2dd/ffffff""},{""item"":""http://dummyimage.com/197x100.png/dddddd/000000""}]",753
754,Wrist Support Brace,9695.89,Health,Comfortable support brace to relieve wrist pain.,new,Isabella,credit_card,t.user123,false,10/6/2023,10/5/2020,"[{""item"":""http://dummyimage.com/140x100.png/cc0000/ffffff""},{""item"":""http://dummyimage.com/113x100.png/dddddd/000000""},{""item"":""http://dummyimage.com/247x100.png/dddddd/000000""},{""item"":""http://dummyimage.com/126x100.png/cc0000/ffffff""},{""item"":""http://dummyimage.com/181x100.png/ff4444/ffffff""}]",754
755,Classic Watch,1292.55,Accessories,Timeless analog watch with a leather strap.,used,Isabella,paypal,name@email.com,false,3/16/2025,3/11/2020,"[{""item"":""http://dummyimage.com/143x100.png/ff4444/ffffff""},{""item"":""http://dummyimage.com/186x100.png/ff4444/ffffff""},{""item"":""http://dummyimage.com/125x100.png/dddddd/000000""}]",755
756,Insulated Cooler,9602.95,Outdoor,Leak-proof cooler bag ideal for picnics and camping.,used,Isabella,credit_card,t.user123,false,9/8/2022,4/27/2020,"[{""item"":""http://dummyimage.com/191x100.png/cc0000/ffffff""},{""item"":""http://dummyimage.com/226x100.png/ff4444/ffffff""},{""item"":""http://dummyimage.com/112x100.png/ff4444/ffffff""},{""item"":""http://dummyimage.com/102x100.png/ff4444/ffffff""},{""item"":""http://dummyimage.com/192x100.png/dddddd/000000""},{""item"":""http://dummyimage.com/159x100.png/cc0000/ffffff""}]",756
757,Harvest Grain Salad,5263.56,Food - Salads,"A hearty salad with grains, dried fruits, and nuts.",used,Isabella,paypal,name@email.com,false,7/10/2022,3/8/2024,"[{""item"":""http://dummyimage.com/206x100.png/ff4444/ffffff""},{""item"":""http://dummyimage.com/250x100.png/cc0000/ffffff""}]",757
758,Organic Blueberries,6741.45,Food - Fruits,Fresh organic blueberries perfect for snacking or baking.,new,Isabella,cash,t.user123,true,10/30/2022,7/15/2021,"[{""item"":""http://dummyimage.com/123x100.png/dddddd/000000""},{""item"":""http://dummyimage.com/155x100.png/dddddd/000000""},{""item"":""http://dummyimage.com/217x100.png/dddddd/000000""},{""item"":""http://dummyimage.com/192x100.png/ff4444/ffffff""},{""item"":""http://dummyimage.com/127x100.png/cc0000/ffffff""}]",758
759,Chic Jumpsuit,7819.18,Clothing - Jumpsuits,An elegant jumpsuit that can be dressed up or down.,new,Myrtle,paypal,(555) 123-9876,false,11/19/2023,12/31/2020,"[{""item"":""http://dummyimage.com/103x100.png/ff4444/ffffff""},{""item"":""http://dummyimage.com/112x100.png/dddddd/000000""},{""item"":""http://dummyimage.com/137x100.png/cc0000/ffffff""},{""item"":""http://dummyimage.com/126x100.png/ff4444/ffffff""},{""item"":""http://dummyimage.com/242x100.png/cc0000/ffffff""},{""item"":""http://dummyimage.com/142x100.png/ff4444/ffffff""}]",759
760,Zucchini Noodle Pasta,9451.17,Food - Vegetables,"Low-carb zucchini noodles, perfect for a healthy alternative to pasta.",used,Isabella,paypal,(555) 123-9876,false,9/25/2020,2/23/2021,[],760
761,Fitness Tracker,3379.2,Fitness,"Track steps, heart rate, and sleep patterns.",used,City-Vista,paypal,name@email.com,false,5/8/2024,1/28/2025,"[{""item"":""http://dummyimage.com/109x100.png/ff4444/ffffff""},{""item"":""http://dummyimage.com/213x100.png/dddddd/000000""},{""item"":""http://dummyimage.com/126x100.png/dddddd/000000""}]",761
762,Kale Caesar Salad Kit,3332.32,Food - Salads,Fresh kale with Caesar dressing and croutons.,used,Myrtle,credit_card,(555) 123-9876,true,5/17/2021,2/7/2020,"[{""item"":""http://dummyimage.com/180x100.png/ff4444/ffffff""}]",762
763,Peanut Butter Pretzel Bites,9815.65,Food - Snacks,Crunchy pretzel bites filled with peanut butter,new,Isabella,paypal,t.user123,true,8/21/2022,4/6/2025,"[{""item"":""http://dummyimage.com/213x100.png/5fa2dd/ffffff""}]",763
764,Slim Wallet,4979.9,Accessories,RFID-blocking slim wallet for cards and cash.,new,Murchison,credit_card,t.user123,true,1/31/2024,11/10/2021,"[{""item"":""http://dummyimage.com/220x100.png/ff4444/ffffff""},{""item"":""http://dummyimage.com/145x100.png/cc0000/ffffff""},{""item"":""http://dummyimage.com/142x100.png/dddddd/000000""},{""item"":""http://dummyimage.com/235x100.png/5fa2dd/ffffff""},{""item"":""http://dummyimage.com/139x100.png/dddddd/000000""},{""item"":""http://dummyimage.com/177x100.png/5fa2dd/ffffff""}]",764
765,Induction Cooktop,343.36,Kitchen,Portable induction cooktop for quick heating.,new,Isabella,credit_card,t.user123,false,5/22/2023,6/26/2023,"[{""item"":""http://dummyimage.com/140x100.png/cc0000/ffffff""}]",765
766,Cilantro Lime Rice,2844.52,Food - Grains,"Easy-to-prepare rice with cilantro and lime flavors, great as a side.",used,City-Vista,credit_card,t.user123,true,11/10/2020,2/18/2024,"[{""item"":""http://dummyimage.com/214x100.png/5fa2dd/ffffff""},{""item"":""http://dummyimage.com/231x100.png/ff4444/ffffff""},{""item"":""http://dummyimage.com/249x100.png/dddddd/000000""}]",766
767,Apple Sauce,3769.0,Food - Canned Goods,"Unsweetened apple sauce, great for snacks or baking.",new,City-Vista,credit_card,t.user123,true,1/18/2025,8/30/2025,"[{""item"":""http://dummyimage.com/186x100.png/dddddd/000000""}]",767
768,Vegan Mayonnaise,8716.1,Food - Condiments,Plant-based mayonnaise for a creamy taste.,used,City-Vista,paypal,t.user123,true,5/3/2023,2/21/2020,"[{""item"":""http://dummyimage.com/101x100.png/ff4444/ffffff""},{""item"":""http://dummyimage.com/167x100.png/ff4444/ffffff""},{""item"":""http://dummyimage.com/233x100.png/cc0000/ffffff""},{""item"":""http://dummyimage.com/201x100.png/5fa2dd/ffffff""},{""item"":""http://dummyimage.com/217x100.png/ff4444/ffffff""},{""item"":""http://dummyimage.com/202x100.png/cc0000/ffffff""}]",768
769,Sweet Chili Sauce,5083.5,Food - Condiments,"A sweet and spicy sauce, great for dipping or cooking.",used,City-Vista,credit_card,name@email.com,true,10/31/2024,1/12/2021,"[{""item"":""http://dummyimage.com/213x100.png/ff4444/ffffff""}]",769
770,Organic Baby Spinach,4374.99,Food - Produce,"Fresh baby spinach leaves, great for salads and smoothies.",used,Isabella,credit_card,t.user123,true,4/4/2020,5/31/2025,"[{""item"":""http://dummyimage.com/137x100.png/cc0000/ffffff""},{""item"":""http://dummyimage.com/111x100.png/dddddd/000000""},{""item"":""http://dummyimage.com/218x100.png/cc0000/ffffff""},{""item"":""http://dummyimage.com/128x100.png/cc0000/ffffff""}]",770
771,Stick Vacuums Cleaner,3222.4,Home Appliances,Cordless vacuum cleaner for quick clean-ups.,new,Myrtle,paypal,t.user123,false,11/7/2025,5/23/2021,"[{""item"":""http://dummyimage.com/195x100.png/ff4444/ffffff""},{""item"":""http://dummyimage.com/239x100.png/5fa2dd/ffffff""},{""item"":""http://dummyimage.com/151x100.png/cc0000/ffffff""},{""item"":""http://dummyimage.com/202x100.png/ff4444/ffffff""},{""item"":""http://dummyimage.com/109x100.png/5fa2dd/ffffff""},{""item"":""http://dummyimage.com/192x100.png/5fa2dd/ffffff""}]",771
772,Kale Salad with Lemon Dressing,1473.75,Food - Salads,"Fresh kale salad with a zesty lemon dressing, great as a side dish.",new,Isabella,credit_card,name@email.com,true,8/28/2020,7/1/2024,"[{""item"":""http://dummyimage.com/113x100.png/ff4444/ffffff""},{""item"":""http://dummyimage.com/241x100.png/5fa2dd/ffffff""},{""item"":""http://dummyimage.com/204x100.png/dddddd/000000""}]",772
773,Infrared Thermometer Gun,4906.2,Health,Non-contact thermometer for quick and easy temperature readings.,used,Isabella,cash,t.user123,false,9/27/2024,8/4/2022,"[{""item"":""http://dummyimage.com/167x100.png/5fa2dd/ffffff""},{""item"":""http://dummyimage.com/111x100.png/ff4444/ffffff""},{""item"":""http://dummyimage.com/156x100.png/cc0000/ffffff""},{""item"":""http://dummyimage.com/118x100.png/5fa2dd/ffffff""},{""item"":""http://dummyimage.com/182x100.png/ff4444/ffffff""},{""item"":""http://dummyimage.com/150x100.png/cc0000/ffffff""}]",773
774,Interactive Robot Toy,594.05,Toys,Fun robot that engages kids with games and activities.,used,Murchison,cash,name@email.com,true,7/31/2025,1/12/2024,[],774
775,Chipotle Black Bean Salad,8050.58,Food - Salads,"A zesty salad with black beans, corn, and chipotle dressing.",used,City-Vista,credit_card,name@email.com,true,10/16/2025,12/24/2022,"[{""item"":""http://dummyimage.com/212x100.png/dddddd/000000""},{""item"":""http://dummyimage.com/130x100.png/dddddd/000000""},{""item"":""http://dummyimage.com/137x100.png/dddddd/000000""},{""item"":""http://dummyimage.com/133x100.png/ff4444/ffffff""}]",775
776,Gaming Mousepad,1213.8,Gaming,Oversized gaming mousepad with smooth surface.,new,City-Vista,paypal,t.user123,false,10/26/2022,7/23/2021,"[{""item"":""http://dummyimage.com/230x100.png/cc0000/ffffff""},{""item"":""http://dummyimage.com/234x100.png/dddddd/000000""},{""item"":""http://dummyimage.com/182x100.png/5fa2dd/ffffff""}]",776
777,Wireless Charger Stand,7318.69,Electronics,Convenient charging stand for smartphones and devices.,new,City-Vista,credit_card,(555) 123-9876,false,3/18/2023,5/16/2023,"[{""item"":""http://dummyimage.com/187x100.png/ff4444/ffffff""},{""item"":""http://dummyimage.com/169x100.png/5fa2dd/ffffff""},{""item"":""http://dummyimage.com/203x100.png/cc0000/ffffff""}]",777
778,Adjustable Bar Stools,6776.45,Furniture,Stylish bar stools with adjustable height and swivel features.,used,Isabella,credit_card,(555) 123-9876,false,9/21/2021,5/1/2024,[],778
779,Non-Toxic Crayons for Kids,4772.21,Toys,Safe and vibrant crayons for children's art projects.,used,Myrtle,cash,(555) 123-9876,true,2/14/2022,4/14/2021,[],779
780,Magnetic Phone Car Mount,4831.26,Automotive,Strong magnetic holder for smartphones in cars.,new,City-Vista,paypal,t.user123,true,10/11/2023,2/11/2023,[],780
781,Peach Salsa,8000.39,Food - Dips,Sweet and spicy salsa made with fresh peaches.,new,Isabella,paypal,name@email.com,true,7/12/2024,3/16/2023,"[{""item"":""http://dummyimage.com/212x100.png/cc0000/ffffff""},{""item"":""http://dummyimage.com/247x100.png/ff4444/ffffff""},{""item"":""http://dummyimage.com/153x100.png/cc0000/ffffff""},{""item"":""http://dummyimage.com/217x100.png/ff4444/ffffff""}]",781
782,Mesh Laundry Bags Set,7085.64,Home,Laundry bags perfect for delicates and organizing clothes.,used,City-Vista,credit_card,t.user123,true,6/8/2021,3/24/2022,[],782
783,Stainless Steel Water Bottle,7383.8,Fitness,Durable and insulated water bottle to keep beverages cold.,used,Myrtle,credit_card,t.user123,false,5/12/2022,11/10/2024,"[{""item"":""http://dummyimage.com/116x100.png/dddddd/000000""},{""item"":""http://dummyimage.com/250x100.png/ff4444/ffffff""},{""item"":""http://dummyimage.com/105x100.png/cc0000/ffffff""},{""item"":""http://dummyimage.com/193x100.png/cc0000/ffffff""},{""item"":""http://dummyimage.com/193x100.png/ff4444/ffffff""},{""item"":""http://dummyimage.com/220x100.png/cc0000/ffffff""}]",783
784,Sunglasses,4179.23,Accessories,Polarized sunglasses with UV protection.,used,Murchison,paypal,name@email.com,false,8/29/2023,10/24/2025,"[{""item"":""http://dummyimage.com/233x100.png/ff4444/ffffff""},{""item"":""http://dummyimage.com/206x100.png/ff4444/ffffff""}]",784
785,Instant Pot,5924.2,Kitchen,7-in-1 multi-cooker for versatile cooking.,used,Isabella,cash,name@email.com,false,6/20/2021,1/4/2021,"[{""item"":""http://dummyimage.com/210x100.png/ff4444/ffffff""},{""item"":""http://dummyimage.com/189x100.png/dddddd/000000""},{""item"":""http://dummyimage.com/115x100.png/5fa2dd/ffffff""},{""item"":""http://dummyimage.com/224x100.png/cc0000/ffffff""}]",785
786,Dog Walking Waist Pack,8281.98,Pets,Hands-free waist pack for carrying essentials while walking your dog.,used,Myrtle,paypal,t.user123,true,7/14/2023,1/2/2022,"[{""item"":""http://dummyimage.com/236x100.png/5fa2dd/ffffff""},{""item"":""http://dummyimage.com/147x100.png/dddddd/000000""},{""item"":""http://dummyimage.com/166x100.png/cc0000/ffffff""},{""item"":""http://dummyimage.com/162x100.png/dddddd/000000""}]",786
787,Herbed Mushroom Risotto,267.47,Food - Prepared Foods,"Creamy risotto made with mushrooms and herbs, perfect as a side dish or main course.",used,Myrtle,cash,t.user123,false,6/1/2023,5/9/2023,"[{""item"":""http://dummyimage.com/190x100.png/5fa2dd/ffffff""},{""item"":""http://dummyimage.com/156x100.png/cc0000/ffffff""}]",787
788,Artisan Flatbreads,4252.28,Food - Bakery,"Thin and crispy flatbreads, perfect for dips.",new,City-Vista,paypal,(555) 123-9876,false,9/16/2023,3/7/2022,[],788
789,Diced Tomatoes (canned),4822.9,Food - Canned Goods,"Canned diced tomatoes, great base for sauces and soups.",new,Murchison,paypal,name@email.com,false,11/25/2023,9/2/2024,"[{""item"":""http://dummyimage.com/160x100.png/cc0000/ffffff""},{""item"":""http://dummyimage.com/250x100.png/ff4444/ffffff""}]",789
790,Wireless Security Camera,8175.06,Home,1080p wireless security camera with night vision.,new,Isabella,paypal,(555) 123-9876,false,9/17/2020,11/18/2021,"[{""item"":""http://dummyimage.com/197x100.png/cc0000/ffffff""},{""item"":""http://dummyimage.com/231x100.png/ff4444/ffffff""},{""item"":""http://dummyimage.com/162x100.png/dddddd/000000""},{""item"":""http://dummyimage.com/128x100.png/cc0000/ffffff""},{""item"":""http://dummyimage.com/126x100.png/ff4444/ffffff""},{""item"":""http://dummyimage.com/249x100.png/5fa2dd/ffffff""}]",790
791,Interactive Robot Toy,4772.59,Toys,Fun robot that engages kids with games and activities.,used,Isabella,credit_card,(555) 123-9876,true,7/19/2021,3/10/2021,"[{""item"":""http://dummyimage.com/227x100.png/cc0000/ffffff""},{""item"":""http://dummyimage.com/198x100.png/ff4444/ffffff""},{""item"":""http://dummyimage.com/202x100.png/dddddd/000000""}]",791
792,Sliced Provolone Cheese,4876.19,Food - Dairy,Mild cheese great for sandwiches.,used,Isabella,credit_card,t.user123,true,3/31/2021,8/29/2024,"[{""item"":""http://dummyimage.com/100x100.png/dddddd/000000""},{""item"":""http://dummyimage.com/146x100.png/dddddd/000000""}]",792
793,Athletic Sports Bra,8677.51,Clothing - Activewear,"Supportive sports bra designed for high-impact workouts, made with moisture-wicking fabric.",used,Isabella,cash,name@email.com,false,3/20/2021,2/17/2020,"[{""item"":""http://dummyimage.com/205x100.png/cc0000/ffffff""}]",793
794,Mediterranean Olives,7318.61,Food - Condiments,A mix of brined Mediterranean olives for snacking.,used,City-Vista,paypal,(555) 123-9876,true,11/22/2022,1/9/2023,"[{""item"":""http://dummyimage.com/110x100.png/cc0000/ffffff""},{""item"":""http://dummyimage.com/110x100.png/ff4444/ffffff""}]",794
795,Mini Indoor Hydroponic Garden,4558.2,Garden,Grow herbs indoors with this easy-to-use hydroponic garden system.,new,Myrtle,credit_card,(555) 123-9876,false,2/25/2022,12/18/2020,"[{""item"":""http://dummyimage.com/193x100.png/dddddd/000000""}]",795
796,Self-Watering Planters,4438.09,Garden,Planters with a self-watering feature for easy care.,new,City-Vista,cash,(555) 123-9876,true,6/26/2024,7/14/2020,"[{""item"":""http://dummyimage.com/183x100.png/dddddd/000000""},{""item"":""http://dummyimage.com/222x100.png/dddddd/000000""},{""item"":""http://dummyimage.com/243x100.png/dddddd/000000""}]",796
797,Kitchen Knife Sharpening System,804.99,Kitchen,Professional sharpening system for kitchen knives.,used,Myrtle,paypal,name@email.com,false,6/5/2021,11/21/2022,"[{""item"":""http://dummyimage.com/167x100.png/cc0000/ffffff""},{""item"":""http://dummyimage.com/141x100.png/ff4444/ffffff""},{""item"":""http://dummyimage.com/142x100.png/5fa2dd/ffffff""}]",797
798,Zesty Garlic Marinade,2672.19,Food - Condiments,"A tangy marinade for meats and veggies, packed with garlic flavor.",used,Murchison,paypal,(555) 123-9876,false,12/11/2025,11/16/2023,"[{""item"":""http://dummyimage.com/140x100.png/cc0000/ffffff""},{""item"":""http://dummyimage.com/238x100.png/dddddd/000000""},{""item"":""http://dummyimage.com/226x100.png/5fa2dd/ffffff""}]",798
799,Thai Peanut Dressing,5381.3,Food - Condiments,A creamy and tangy dressing perfect for salads or as a dipping sauce.,used,Murchison,paypal,(555) 123-9876,false,11/30/2023,5/17/2021,"[{""item"":""http://dummyimage.com/230x100.png/ff4444/ffffff""},{""item"":""http://dummyimage.com/230x100.png/dddddd/000000""},{""item"":""http://dummyimage.com/223x100.png/cc0000/ffffff""}]",799
800,Casual Sneakers,5520.37,Clothing - Footwear,Versatile canvas sneakers suitable for everyday wear with a comfortable fit.,new,Isabella,paypal,t.user123,false,5/28/2021,8/28/2020,"[{""item"":""http://dummyimage.com/117x100.png/ff4444/ffffff""},{""item"":""http://dummyimage.com/199x100.png/cc0000/ffffff""}]",800
801,Sriracha Hot Chili Sauce,5505.18,Food - Condiments,Spicy and tangy chili sauce for adding heat to any dish.,used,Myrtle,credit_card,(555) 123-9876,true,6/9/2022,1/1/2020,"[{""item"":""http://dummyimage.com/111x100.png/ff4444/ffffff""},{""item"":""http://dummyimage.com/116x100.png/5fa2dd/ffffff""},{""item"":""http://dummyimage.com/221x100.png/dddddd/000000""}]",801
802,Banana Nut Oatmeal Cups,9901.72,Food - Breakfast,"Quick oatmeal cups with banana and nut flavor, great for breakfast.",new,Murchison,paypal,(555) 123-9876,true,7/30/2023,9/5/2020,[],802
803,Italian Marinara Sauce,8834.09,Food - Sauces,"Classic marinara sauce for pasta, pizza, or dipping.",new,Myrtle,credit_card,name@email.com,false,8/23/2024,1/3/2020,"[{""item"":""http://dummyimage.com/190x100.png/cc0000/ffffff""},{""item"":""http://dummyimage.com/175x100.png/ff4444/ffffff""},{""item"":""http://dummyimage.com/118x100.png/ff4444/ffffff""},{""item"":""http://dummyimage.com/169x100.png/5fa2dd/ffffff""},{""item"":""http://dummyimage.com/130x100.png/dddddd/000000""},{""item"":""http://dummyimage.com/223x100.png/ff4444/ffffff""}]",803
804,Beet Salad,8383.71,Food - Prepared Foods,"Ready-to-eat beet salad with dressing, great side dish.",new,Isabella,cash,t.user123,false,4/9/2023,5/2/2024,"[{""item"":""http://dummyimage.com/243x100.png/ff4444/ffffff""},{""item"":""http://dummyimage.com/230x100.png/5fa2dd/ffffff""},{""item"":""http://dummyimage.com/198x100.png/5fa2dd/ffffff""}]",804
805,Portable Folding Picnic Table,8987.39,Outdoor,Easy-to-set-up picnic table for outdoor dining.,new,Murchison,cash,name@email.com,false,11/4/2020,4/11/2024,"[{""item"":""http://dummyimage.com/175x100.png/5fa2dd/ffffff""},{""item"":""http://dummyimage.com/213x100.png/5fa2dd/ffffff""},{""item"":""http://dummyimage.com/163x100.png/cc0000/ffffff""}]",805
806,Wooden Blocks,6021.48,Toys,Classic wooden building blocks for toddlers.,used,Isabella,cash,name@email.com,false,10/31/2025,6/18/2021,"[{""item"":""http://dummyimage.com/176x100.png/cc0000/ffffff""},{""item"":""http://dummyimage.com/214x100.png/5fa2dd/ffffff""},{""item"":""http://dummyimage.com/154x100.png/ff4444/ffffff""},{""item"":""http://dummyimage.com/216x100.png/ff4444/ffffff""}]",806
807,Chickpea Snack Mix,5766.65,Food - Snacks,"Crunchy, seasoned chickpeas for a wholesome snack.",used,Murchison,cash,(555) 123-9876,true,6/7/2025,5/9/2022,"[{""item"":""http://dummyimage.com/216x100.png/ff4444/ffffff""},{""item"":""http://dummyimage.com/176x100.png/dddddd/000000""},{""item"":""http://dummyimage.com/198x100.png/cc0000/ffffff""},{""item"":""http://dummyimage.com/182x100.png/cc0000/ffffff""},{""item"":""http://dummyimage.com/234x100.png/dddddd/000000""},{""item"":""http://dummyimage.com/188x100.png/5fa2dd/ffffff""}]",807
808,Herb Garlic Butter,7740.01,Food - Condiments,"A flavorful garlic butter blend, perfect for cooking or baking.",used,Murchison,cash,(555) 123-9876,true,4/12/2021,11/3/2025,"[{""item"":""http://dummyimage.com/248x100.png/5fa2dd/ffffff""},{""item"":""http://dummyimage.com/173x100.png/5fa2dd/ffffff""},{""item"":""http://dummyimage.com/159x100.png/5fa2dd/ffffff""}]",808
809,Maple Chipotle Glaze,3835.69,Food - Condiments,A sweet and spicy glaze that's perfect for grilling or marinades.,new,Murchison,credit_card,(555) 123-9876,true,8/11/2021,3/30/2024,[],809
810,Vegetarian Sausage Links,9582.52,Food - Meat Substitutes,Plant-based sausage links with spices and herbs.,used,Isabella,cash,(555) 123-9876,false,2/20/2021,12/17/2021,"[{""item"":""http://dummyimage.com/177x100.png/5fa2dd/ffffff""},{""item"":""http://dummyimage.com/189x100.png/dddddd/000000""},{""item"":""http://dummyimage.com/119x100.png/5fa2dd/ffffff""}]",810
811,Artisan Pickles,4909.31,Food - Condiments,Tangy and crunchy dill pickles.,used,City-Vista,cash,name@email.com,true,3/4/2023,7/14/2024,"[{""item"":""http://dummyimage.com/221x100.png/dddddd/000000""},{""item"":""http://dummyimage.com/103x100.png/ff4444/ffffff""},{""item"":""http://dummyimage.com/184x100.png/dddddd/000000""}]",811
812,Kettle Chip Variety Pack,6882.99,Food - Snacks,A crunchy collection of flavored kettle chips in a convenient pack.,new,Isabella,cash,name@email.com,false,1/9/2025,10/23/2025,"[{""item"":""http://dummyimage.com/159x100.png/5fa2dd/ffffff""}]",812
813,Garlic Butter Shrimp,3126.25,Food - Seafood,"Frozen shrimp sautéed in garlic butter, ready to thaw and serve over pasta or rice.",new,Murchison,cash,(555) 123-9876,true,12/18/2021,11/4/2024,"[{""item"":""http://dummyimage.com/195x100.png/5fa2dd/ffffff""},{""item"":""http://dummyimage.com/140x100.png/cc0000/ffffff""},{""item"":""http://dummyimage.com/115x100.png/dddddd/000000""},{""item"":""http://dummyimage.com/108x100.png/ff4444/ffffff""}]",813
814,Multi-Function Smartphone Holder,1002.53,Electronics,"Versatile holder that can be used on desks, cars, and more.",used,City-Vista,paypal,(555) 123-9876,false,9/11/2025,7/7/2021,"[{""item"":""http://dummyimage.com/235x100.png/5fa2dd/ffffff""}]",814
815,Lemonade Mix,6245.02,Food - Beverages,Sweetened powder for refreshing lemonade.,new,Murchison,credit_card,name@email.com,true,6/25/2025,10/2/2020,"[{""item"":""http://dummyimage.com/226x100.png/5fa2dd/ffffff""},{""item"":""http://dummyimage.com/221x100.png/dddddd/000000""},{""item"":""http://dummyimage.com/112x100.png/dddddd/000000""},{""item"":""http://dummyimage.com/248x100.png/dddddd/000000""},{""item"":""http://dummyimage.com/105x100.png/dddddd/000000""},{""item"":""http://dummyimage.com/126x100.png/5fa2dd/ffffff""}]",815
816,Non-Stick Grill Pan,4942.59,Kitchen,Heavy-duty grill pan for indoor grilling.,used,Murchison,paypal,name@email.com,false,1/17/2022,6/27/2023,"[{""item"":""http://dummyimage.com/126x100.png/5fa2dd/ffffff""},{""item"":""http://dummyimage.com/201x100.png/ff4444/ffffff""},{""item"":""http://dummyimage.com/145x100.png/5fa2dd/ffffff""},{""item"":""http://dummyimage.com/101x100.png/dddddd/000000""},{""item"":""http://dummyimage.com/189x100.png/cc0000/ffffff""},{""item"":""http://dummyimage.com/225x100.png/5fa2dd/ffffff""}]",816
817,Sturdy Bookends,8875.97,Office,Stylish bookends to keep books organized on shelves.,used,Isabella,credit_card,name@email.com,false,6/22/2022,5/4/2023,"[{""item"":""http://dummyimage.com/113x100.png/dddddd/000000""},{""item"":""http://dummyimage.com/127x100.png/cc0000/ffffff""},{""item"":""http://dummyimage.com/129x100.png/ff4444/ffffff""},{""item"":""http://dummyimage.com/221x100.png/5fa2dd/ffffff""},{""item"":""http://dummyimage.com/135x100.png/ff4444/ffffff""}]",817
818,Chicken Breasts,8621.88,Food - Meat,Juicy and tender boneless chicken breasts.,new,Myrtle,cash,(555) 123-9876,true,5/21/2022,9/5/2020,"[{""item"":""http://dummyimage.com/157x100.png/cc0000/ffffff""},{""item"":""http://dummyimage.com/182x100.png/dddddd/000000""}]",818
819,Chicken Breasts,3123.81,Food - Meat,Juicy and tender boneless chicken breasts.,used,Myrtle,cash,(555) 123-9876,false,12/4/2025,10/2/2021,"[{""item"":""http://dummyimage.com/178x100.png/cc0000/ffffff""},{""item"":""http://dummyimage.com/166x100.png/cc0000/ffffff""},{""item"":""http://dummyimage.com/101x100.png/ff4444/ffffff""}]",819
820,Utility Cargo Pants,4107.79,Clothing - Pants,Practical cargo pants with lots of pockets for functionality.,used,Murchison,cash,t.user123,true,5/27/2023,2/5/2025,"[{""item"":""http://dummyimage.com/166x100.png/cc0000/ffffff""},{""item"":""http://dummyimage.com/123x100.png/5fa2dd/ffffff""},{""item"":""http://dummyimage.com/240x100.png/ff4444/ffffff""},{""item"":""http://dummyimage.com/123x100.png/dddddd/000000""}]",820
821,Portable Water Filter,3993.86,Outdoor,Lightweight water filter for outdoor adventures.,new,City-Vista,cash,t.user123,true,3/30/2025,11/12/2022,"[{""item"":""http://dummyimage.com/194x100.png/5fa2dd/ffffff""}]",821
822,Pumpkin Spice Creamer,1782.02,Food - Beverages,A seasonal creamer that adds pumpkin spice flavor to coffee or tea.,new,Murchison,paypal,name@email.com,false,9/28/2021,10/29/2025,"[{""item"":""http://dummyimage.com/244x100.png/dddddd/000000""},{""item"":""http://dummyimage.com/150x100.png/dddddd/000000""},{""item"":""http://dummyimage.com/165x100.png/5fa2dd/ffffff""},{""item"":""http://dummyimage.com/213x100.png/5fa2dd/ffffff""}]",822
823,Butternut Squash Ravioli,9200.4,Food - Frozen Foods,"Delicate ravioli filled with roasted butternut squash and spices, perfect with a sage butter sauce.",used,Isabella,credit_card,name@email.com,false,7/31/2024,7/9/2022,"[{""item"":""http://dummyimage.com/248x100.png/5fa2dd/ffffff""}]",823
824,Wireless HDMI Receiver,1464.37,Electronics,Stream HD video wirelessly from devices to TV.,new,Murchison,credit_card,t.user123,false,12/5/2021,3/22/2025,"[{""item"":""http://dummyimage.com/147x100.png/5fa2dd/ffffff""},{""item"":""http://dummyimage.com/113x100.png/ff4444/ffffff""},{""item"":""http://dummyimage.com/187x100.png/cc0000/ffffff""},{""item"":""http://dummyimage.com/209x100.png/5fa2dd/ffffff""}]",824
825,Face Mask Set,6474.98,Health,Set of five reusable fabric face masks.,new,City-Vista,cash,t.user123,true,7/17/2022,4/23/2024,"[{""item"":""http://dummyimage.com/195x100.png/cc0000/ffffff""},{""item"":""http://dummyimage.com/125x100.png/5fa2dd/ffffff""},{""item"":""http://dummyimage.com/199x100.png/5fa2dd/ffffff""}]",825
826,Almond Butter Cookies,2387.9,Food - Snacks,Soft cookies made with almond butter,used,Isabella,credit_card,t.user123,true,4/28/2022,8/7/2021,[],826
827,Pumpkin Spice Cookies,5931.48,Food - Bakery,Delicious cookies flavored with pumpkin and spices.,used,Murchison,paypal,(555) 123-9876,false,3/8/2021,12/28/2020,"[{""item"":""http://dummyimage.com/156x100.png/dddddd/000000""},{""item"":""http://dummyimage.com/129x100.png/5fa2dd/ffffff""},{""item"":""http://dummyimage.com/120x100.png/dddddd/000000""}]",827
828,Portable Air Purifier,8298.37,Health,Compact air purifier to improve indoor air quality.,new,Myrtle,credit_card,t.user123,false,11/14/2022,5/17/2023,"[{""item"":""http://dummyimage.com/187x100.png/ff4444/ffffff""},{""item"":""http://dummyimage.com/225x100.png/5fa2dd/ffffff""},{""item"":""http://dummyimage.com/238x100.png/cc0000/ffffff""},{""item"":""http://dummyimage.com/131x100.png/5fa2dd/ffffff""},{""item"":""http://dummyimage.com/176x100.png/5fa2dd/ffffff""},{""item"":""http://dummyimage.com/246x100.png/dddddd/000000""}]",828
829,Cinnamon Apple Sauce,9187.42,Food - Canned Goods,Delicious apple sauce with a hint of cinnamon,used,Myrtle,credit_card,name@email.com,true,11/16/2021,11/26/2020,[],829
830,Honey Sesame Chicken Mix,5976.25,Food - Frozen Meals,A meal kit featuring tender chicken with honey sesame sauce.,used,Isabella,credit_card,(555) 123-9876,true,12/27/2020,12/28/2025,[],830
831,Smart WiFi Plug,4014.17,Smart Home,Control appliances remotely using your smartphone.,used,City-Vista,cash,(555) 123-9876,true,9/4/2022,4/28/2024,[],831
832,Magnetic Puzzle Board,6455.09,Toys,Magnetic puzzle assembly board for kids.,new,Myrtle,cash,name@email.com,false,2/2/2025,5/17/2020,"[{""item"":""http://dummyimage.com/128x100.png/dddddd/000000""},{""item"":""http://dummyimage.com/128x100.png/cc0000/ffffff""},{""item"":""http://dummyimage.com/154x100.png/cc0000/ffffff""}]",832
833,Bamboo Bathtub Caddy,2271.71,Home,"Expandable caddy for holding books, phones, and snacks while in the bath.",used,Isabella,credit_card,name@email.com,true,6/8/2024,2/19/2020,"[{""item"":""http://dummyimage.com/196x100.png/cc0000/ffffff""}]",833
834,Maple Breakfast Sausage,4095.73,Food - Meat,Savory sausage links with a hint of maple flavor.,used,Murchison,credit_card,name@email.com,true,4/6/2024,11/12/2023,"[{""item"":""http://dummyimage.com/103x100.png/cc0000/ffffff""},{""item"":""http://dummyimage.com/123x100.png/cc0000/ffffff""}]",834
835,Portable Electric Fan,2179.53,Home,Compact fan for personal cooling at work or home.,used,City-Vista,paypal,name@email.com,false,6/22/2021,2/2/2024,"[{""item"":""http://dummyimage.com/136x100.png/dddddd/000000""},{""item"":""http://dummyimage.com/216x100.png/cc0000/ffffff""},{""item"":""http://dummyimage.com/216x100.png/cc0000/ffffff""},{""item"":""http://dummyimage.com/206x100.png/dddddd/000000""}]",835
836,Sesame Noodles,9878.24,Food - Grab-and-Go,"Chilled noodles dressed in sesame sauce, ready to eat.",used,Murchison,credit_card,name@email.com,false,1/17/2020,5/8/2023,"[{""item"":""http://dummyimage.com/141x100.png/cc0000/ffffff""},{""item"":""http://dummyimage.com/184x100.png/ff4444/ffffff""}]",836
837,Knitted Infinity Scarf,4031.13,Clothing - Accessories,A warm knitted scarf to keep you cozy in winter.,used,City-Vista,cash,name@email.com,false,1/5/2025,10/21/2024,"[{""item"":""http://dummyimage.com/182x100.png/5fa2dd/ffffff""},{""item"":""http://dummyimage.com/123x100.png/ff4444/ffffff""},{""item"":""http://dummyimage.com/247x100.png/dddddd/000000""},{""item"":""http://dummyimage.com/167x100.png/dddddd/000000""},{""item"":""http://dummyimage.com/128x100.png/ff4444/ffffff""}]",837
838,Classic Vanilla Fudge,9184.24,Food - Desserts,"Creamy vanilla fudge, a sweet treat for all occasions.",used,Murchison,credit_card,name@email.com,true,11/26/2024,12/25/2023,"[{""item"":""http://dummyimage.com/123x100.png/5fa2dd/ffffff""},{""item"":""http://dummyimage.com/159x100.png/cc0000/ffffff""}]",838
839,Safety Goggles,8473.98,Safety,Protective goggles for DIY and construction work.,used,Myrtle,cash,(555) 123-9876,true,9/26/2020,9/15/2025,"[{""item"":""http://dummyimage.com/248x100.png/dddddd/000000""},{""item"":""http://dummyimage.com/119x100.png/ff4444/ffffff""},{""item"":""http://dummyimage.com/143x100.png/5fa2dd/ffffff""},{""item"":""http://dummyimage.com/153x100.png/cc0000/ffffff""},{""item"":""http://dummyimage.com/223x100.png/dddddd/000000""},{""item"":""http://dummyimage.com/184x100.png/5fa2dd/ffffff""}]",839
840,Rechargeable Battery Organizer,7437.99,Home,Tidy storage solution for rechargeable batteries.,used,Murchison,cash,t.user123,true,4/13/2025,2/17/2020,"[{""item"":""http://dummyimage.com/202x100.png/ff4444/ffffff""},{""item"":""http://dummyimage.com/110x100.png/cc0000/ffffff""},{""item"":""http://dummyimage.com/142x100.png/ff4444/ffffff""},{""item"":""http://dummyimage.com/116x100.png/5fa2dd/ffffff""},{""item"":""http://dummyimage.com/231x100.png/dddddd/000000""}]",840
841,Chocolate Chip Cliff Bars,3779.56,Food - Snacks,Nutritious energy bars packed with chocolate chips.,used,Murchison,credit_card,(555) 123-9876,true,7/3/2022,4/7/2025,[],841
842,Cajun Seasoning,5563.12,Food - Spices,Spicy seasoning mix for all your favorite dishes.,new,Myrtle,paypal,(555) 123-9876,false,11/16/2023,9/27/2024,"[{""item"":""http://dummyimage.com/215x100.png/ff4444/ffffff""}]",842
843,Organic Quinoa Salad,5802.24,Food - Prepared Meals,A refreshing salad made with quinoa and seasonal veggies.,new,City-Vista,paypal,name@email.com,false,10/13/2023,4/18/2022,[],843
844,Chickpeas,1241.37,Food - Canned Goods,"Canned chickpeas, perfect for hummus or salads.",new,City-Vista,credit_card,(555) 123-9876,true,6/24/2020,7/30/2024,"[{""item"":""http://dummyimage.com/100x100.png/ff4444/ffffff""},{""item"":""http://dummyimage.com/118x100.png/dddddd/000000""},{""item"":""http://dummyimage.com/247x100.png/ff4444/ffffff""}]",844
845,Sweet BBQ Dipping Sauce,4453.72,Food - Condiments,Perfectly balanced sweet and tangy BBQ sauce for dipping or grilling.,used,City-Vista,cash,t.user123,true,10/17/2020,3/14/2024,"[{""item"":""http://dummyimage.com/185x100.png/dddddd/000000""},{""item"":""http://dummyimage.com/202x100.png/dddddd/000000""},{""item"":""http://dummyimage.com/235x100.png/ff4444/ffffff""},{""item"":""http://dummyimage.com/203x100.png/5fa2dd/ffffff""},{""item"":""http://dummyimage.com/184x100.png/dddddd/000000""},{""item"":""http://dummyimage.com/180x100.png/ff4444/ffffff""}]",845
846,Training Soccer Ball,1954.89,Sports,Durable training soccer ball for practice.,new,Murchison,paypal,name@email.com,true,11/12/2021,12/15/2021,"[{""item"":""http://dummyimage.com/162x100.png/5fa2dd/ffffff""},{""item"":""http://dummyimage.com/197x100.png/cc0000/ffffff""},{""item"":""http://dummyimage.com/144x100.png/ff4444/ffffff""},{""item"":""http://dummyimage.com/121x100.png/5fa2dd/ffffff""},{""item"":""http://dummyimage.com/223x100.png/5fa2dd/ffffff""}]",846
847,Yoga Blocks,4945.65,Fitness,Set of two yoga blocks for increased stability and support.,used,Isabella,cash,(555) 123-9876,true,10/25/2024,6/23/2024,"[{""item"":""http://dummyimage.com/123x100.png/dddddd/000000""}]",847
848,Cacao Powder,2653.53,Food - Baking,Unsweetened cacao powder for baking and smoothies.,new,City-Vista,credit_card,(555) 123-9876,true,6/8/2024,11/10/2023,"[{""item"":""http://dummyimage.com/131x100.png/cc0000/ffffff""},{""item"":""http://dummyimage.com/185x100.png/ff4444/ffffff""},{""item"":""http://dummyimage.com/177x100.png/cc0000/ffffff""}]",848
849,Samsung Galaxy Smartwatch,5292.08,Wearable Tech,Stylish smartwatch with fitness tracking and notifications.,used,Isabella,paypal,(555) 123-9876,false,12/11/2023,12/30/2023,"[{""item"":""http://dummyimage.com/152x100.png/cc0000/ffffff""},{""item"":""http://dummyimage.com/109x100.png/dddddd/000000""},{""item"":""http://dummyimage.com/103x100.png/dddddd/000000""},{""item"":""http://dummyimage.com/245x100.png/dddddd/000000""},{""item"":""http://dummyimage.com/155x100.png/5fa2dd/ffffff""}]",849
850,Pet Tracking Collar,1870.39,Pets,GPS pet collar that helps locate your pet via smartphone app.,used,Myrtle,paypal,name@email.com,true,12/12/2022,2/24/2020,"[{""item"":""http://dummyimage.com/122x100.png/dddddd/000000""},{""item"":""http://dummyimage.com/213x100.png/cc0000/ffffff""},{""item"":""http://dummyimage.com/154x100.png/cc0000/ffffff""},{""item"":""http://dummyimage.com/111x100.png/ff4444/ffffff""}]",850
851,Chocolate Almond Milk,8794.93,Food - Dairy Alternatives,Rich and creamy almond milk with a hint of chocolate.,new,Isabella,cash,name@email.com,true,11/15/2025,12/19/2022,"[{""item"":""http://dummyimage.com/222x100.png/cc0000/ffffff""},{""item"":""http://dummyimage.com/119x100.png/dddddd/000000""},{""item"":""http://dummyimage.com/132x100.png/ff4444/ffffff""},{""item"":""http://dummyimage.com/101x100.png/5fa2dd/ffffff""}]",851
852,Tropical Fruit Bowl,5376.39,Food - Snacks,A mix of tropical fruits for a refreshing snack or dessert.,new,City-Vista,credit_card,t.user123,false,8/31/2022,5/18/2022,"[{""item"":""http://dummyimage.com/233x100.png/cc0000/ffffff""},{""item"":""http://dummyimage.com/110x100.png/5fa2dd/ffffff""},{""item"":""http://dummyimage.com/243x100.png/ff4444/ffffff""},{""item"":""http://dummyimage.com/171x100.png/dddddd/000000""}]",852
853,Avocado Lime Dressing,7458.2,Food - Condiments,"Refreshing dressing made with avocado and lime, perfect for salads.",new,Isabella,credit_card,(555) 123-9876,false,7/24/2022,1/6/2025,"[{""item"":""http://dummyimage.com/110x100.png/5fa2dd/ffffff""},{""item"":""http://dummyimage.com/247x100.png/5fa2dd/ffffff""}]",853
854,Caramel Sauce,9962.52,Food - Condiments,Rich sauce for desserts and ice cream.,new,Isabella,paypal,name@email.com,false,9/1/2023,5/9/2025,"[{""item"":""http://dummyimage.com/152x100.png/dddddd/000000""},{""item"":""http://dummyimage.com/151x100.png/dddddd/000000""},{""item"":""http://dummyimage.com/207x100.png/dddddd/000000""},{""item"":""http://dummyimage.com/233x100.png/ff4444/ffffff""}]",854
855,Vegetable Chips,9850.98,Food - Snacks,Crispy and crunchy snack made from assorted vegetables.,new,Myrtle,credit_card,(555) 123-9876,true,1/29/2023,2/21/2022,"[{""item"":""http://dummyimage.com/168x100.png/5fa2dd/ffffff""},{""item"":""http://dummyimage.com/149x100.png/dddddd/000000""}]",855
856,Beef Tacos,2773.4,Food - Meat,"Pre-seasoned beef mix for delicious tacos, just heat and serve.",used,Isabella,cash,name@email.com,true,11/7/2024,10/24/2024,"[{""item"":""http://dummyimage.com/104x100.png/5fa2dd/ffffff""},{""item"":""http://dummyimage.com/103x100.png/dddddd/000000""},{""item"":""http://dummyimage.com/158x100.png/dddddd/000000""},{""item"":""http://dummyimage.com/155x100.png/dddddd/000000""},{""item"":""http://dummyimage.com/118x100.png/cc0000/ffffff""}]",856
857,Smartphone Tripod,9685.81,Photography,Adjustable tripod for smartphones and cameras.,new,Isabella,credit_card,t.user123,true,9/30/2022,3/29/2023,"[{""item"":""http://dummyimage.com/235x100.png/cc0000/ffffff""},{""item"":""http://dummyimage.com/217x100.png/cc0000/ffffff""}]",857
858,High-Quality Yoga Mat,1995.5,Fitness,Non-slip mat designed for yoga and fitness exercises.,used,City-Vista,credit_card,t.user123,true,11/6/2020,9/13/2021,"[{""item"":""http://dummyimage.com/209x100.png/dddddd/000000""},{""item"":""http://dummyimage.com/130x100.png/5fa2dd/ffffff""},{""item"":""http://dummyimage.com/132x100.png/cc0000/ffffff""},{""item"":""http://dummyimage.com/131x100.png/dddddd/000000""},{""item"":""http://dummyimage.com/200x100.png/cc0000/ffffff""}]",858
859,Pumpkin Ice Cream,5956.19,Food - Frozen Foods,"Seasonal pumpkin ice cream, perfect for fall.",used,Myrtle,credit_card,(555) 123-9876,false,5/3/2025,5/21/2020,"[{""item"":""http://dummyimage.com/171x100.png/ff4444/ffffff""},{""item"":""http://dummyimage.com/154x100.png/ff4444/ffffff""},{""item"":""http://dummyimage.com/107x100.png/ff4444/ffffff""},{""item"":""http://dummyimage.com/175x100.png/cc0000/ffffff""}]",859
860,Non-Stick Baking Sheets,9605.87,Kitchen,Set of baking sheets for effortless baking.,new,Murchison,paypal,t.user123,true,1/12/2020,3/15/2021,"[{""item"":""http://dummyimage.com/243x100.png/ff4444/ffffff""},{""item"":""http://dummyimage.com/216x100.png/dddddd/000000""},{""item"":""http://dummyimage.com/226x100.png/dddddd/000000""},{""item"":""http://dummyimage.com/130x100.png/dddddd/000000""}]",860
861,Mini Food Processor,8759.29,Kitchen,Compact food processor for quick meal prep.,new,Isabella,cash,t.user123,false,7/28/2020,3/1/2022,"[{""item"":""http://dummyimage.com/166x100.png/dddddd/000000""},{""item"":""http://dummyimage.com/101x100.png/ff4444/ffffff""},{""item"":""http://dummyimage.com/196x100.png/ff4444/ffffff""},{""item"":""http://dummyimage.com/220x100.png/5fa2dd/ffffff""},{""item"":""http://dummyimage.com/140x100.png/ff4444/ffffff""}]",861
862,Chocolate Avocado Pudding,9594.01,Food - Desserts,Rich and creamy pudding made with ripe avocados and cocoa.,used,City-Vista,credit_card,name@email.com,true,6/20/2025,7/10/2021,"[{""item"":""http://dummyimage.com/198x100.png/dddddd/000000""},{""item"":""http://dummyimage.com/101x100.png/cc0000/ffffff""},{""item"":""http://dummyimage.com/100x100.png/dddddd/000000""},{""item"":""http://dummyimage.com/112x100.png/ff4444/ffffff""},{""item"":""http://dummyimage.com/172x100.png/dddddd/000000""},{""item"":""http://dummyimage.com/172x100.png/ff4444/ffffff""}]",862
863,Avocado Oil,6875.97,Food - Oils,"A healthy oil extracted from avocados, ideal for frying and salads.",used,Murchison,credit_card,t.user123,false,8/12/2023,3/18/2023,"[{""item"":""http://dummyimage.com/245x100.png/5fa2dd/ffffff""},{""item"":""http://dummyimage.com/153x100.png/dddddd/000000""}]",863
864,Peas (frozen),227.02,Food - Frozen Foods,"Frozen green peas, a great addition to meals.",new,City-Vista,cash,(555) 123-9876,true,11/28/2022,2/29/2020,"[{""item"":""http://dummyimage.com/126x100.png/cc0000/ffffff""},{""item"":""http://dummyimage.com/106x100.png/dddddd/000000""},{""item"":""http://dummyimage.com/202x100.png/cc0000/ffffff""},{""item"":""http://dummyimage.com/136x100.png/cc0000/ffffff""}]",864
865,Essential Oil Roller Bottles,1023.13,Health,Set of roller bottles for blending and applying essential oils.,new,Isabella,paypal,(555) 123-9876,false,1/27/2024,8/5/2024,"[{""item"":""http://dummyimage.com/113x100.png/5fa2dd/ffffff""},{""item"":""http://dummyimage.com/140x100.png/5fa2dd/ffffff""}]",865
866,Vegan Alfredo Sauce,979.89,Food - Sauces,"Creamy, dairy-free Alfredo sauce",new,Isabella,credit_card,t.user123,true,8/13/2020,12/15/2020,"[{""item"":""http://dummyimage.com/224x100.png/dddddd/000000""},{""item"":""http://dummyimage.com/152x100.png/ff4444/ffffff""}]",866
867,Oversized Denim Shirt,5048.93,Clothing - Shirts,A trendy oversized denim shirt perfect for layering.,new,Isabella,cash,name@email.com,true,11/11/2023,8/24/2025,"[{""item"":""http://dummyimage.com/206x100.png/dddddd/000000""},{""item"":""http://dummyimage.com/136x100.png/dddddd/000000""},{""item"":""http://dummyimage.com/218x100.png/5fa2dd/ffffff""},{""item"":""http://dummyimage.com/107x100.png/5fa2dd/ffffff""}]",867
868,Cinnamon Roll Protein Bar,4695.47,Food - Snacks,Soft and chewy bar packed with protein and cinnamon flavors.,used,City-Vista,paypal,name@email.com,true,10/1/2021,1/5/2022,"[{""item"":""http://dummyimage.com/236x100.png/cc0000/ffffff""},{""item"":""http://dummyimage.com/132x100.png/cc0000/ffffff""},{""item"":""http://dummyimage.com/135x100.png/cc0000/ffffff""}]",868
869,Insulated Wine Tote,8900.23,Accessories,Stylish tote to keep wine bottles chilled while traveling.,new,Myrtle,paypal,(555) 123-9876,true,4/15/2022,11/9/2021,"[{""item"":""http://dummyimage.com/223x100.png/dddddd/000000""},{""item"":""http://dummyimage.com/119x100.png/dddddd/000000""},{""item"":""http://dummyimage.com/180x100.png/5fa2dd/ffffff""}]",869
870,Coconut Milk Yogurt,8220.09,Food - Dairy Alternatives,Creamy yogurt made with coconut milk,new,City-Vista,credit_card,t.user123,false,12/8/2024,8/23/2021,"[{""item"":""http://dummyimage.com/175x100.png/cc0000/ffffff""},{""item"":""http://dummyimage.com/123x100.png/cc0000/ffffff""},{""item"":""http://dummyimage.com/147x100.png/ff4444/ffffff""},{""item"":""http://dummyimage.com/246x100.png/dddddd/000000""},{""item"":""http://dummyimage.com/141x100.png/cc0000/ffffff""}]",870
871,Craft Beer Mustard,9584.21,Food - Condiments,Stone-ground mustard infused with craft beer for a gourmet touch.,new,City-Vista,cash,name@email.com,true,9/25/2025,11/1/2025,[],871
872,Athletic Jogging Jacket,5904.35,Clothing - Outerwear,Designed for comfort and performance during workouts.,new,Isabella,credit_card,t.user123,true,3/1/2022,9/27/2020,"[{""item"":""http://dummyimage.com/107x100.png/cc0000/ffffff""},{""item"":""http://dummyimage.com/136x100.png/cc0000/ffffff""},{""item"":""http://dummyimage.com/173x100.png/cc0000/ffffff""}]",872
873,Frozen Mixed Vegetables,3970.51,Food - Frozen,"A mix of carrots, peas, and corn, easy to stir-fry.",new,Myrtle,cash,name@email.com,true,9/7/2024,9/27/2022,[],873
874,Smartphone Tripod with Remote,3767.12,Photography,Adjustable tripod with remote shutter for smartphones.,used,Myrtle,paypal,t.user123,false,2/23/2024,5/21/2024,"[{""item"":""http://dummyimage.com/183x100.png/cc0000/ffffff""},{""item"":""http://dummyimage.com/186x100.png/ff4444/ffffff""},{""item"":""http://dummyimage.com/194x100.png/cc0000/ffffff""},{""item"":""http://dummyimage.com/182x100.png/cc0000/ffffff""},{""item"":""http://dummyimage.com/120x100.png/ff4444/ffffff""},{""item"":""http://dummyimage.com/242x100.png/ff4444/ffffff""}]",874
875,Organic Black Rice,1641.36,Food - Grains,"Nutty and chewy black rice, high in antioxidants.",new,Myrtle,credit_card,(555) 123-9876,false,5/30/2021,11/16/2025,"[{""item"":""http://dummyimage.com/184x100.png/5fa2dd/ffffff""},{""item"":""http://dummyimage.com/207x100.png/ff4444/ffffff""},{""item"":""http://dummyimage.com/225x100.png/cc0000/ffffff""},{""item"":""http://dummyimage.com/146x100.png/dddddd/000000""}]",875
876,High-Speed Blender,8219.14,Kitchen,Powerful blender for smoothies and soups.,new,Murchison,paypal,(555) 123-9876,true,5/29/2021,3/31/2023,"[{""item"":""http://dummyimage.com/167x100.png/cc0000/ffffff""},{""item"":""http://dummyimage.com/242x100.png/cc0000/ffffff""},{""item"":""http://dummyimage.com/115x100.png/dddddd/000000""}]",876
877,Dried Mango Slices,6825.4,Food - Snacks,"Sweet and chewy dried mango slices, perfect for snacking.",used,Murchison,cash,(555) 123-9876,false,12/23/2025,12/23/2022,"[{""item"":""http://dummyimage.com/163x100.png/ff4444/ffffff""},{""item"":""http://dummyimage.com/223x100.png/5fa2dd/ffffff""}]",877
878,Cinnamon Ice Cream,8505.02,Food - Frozen Desserts,"Creamy ice cream with a warm cinnamon flavor, perfect for dessert.",used,Murchison,paypal,name@email.com,false,7/22/2025,6/19/2025,"[{""item"":""http://dummyimage.com/106x100.png/5fa2dd/ffffff""},{""item"":""http://dummyimage.com/133x100.png/dddddd/000000""},{""item"":""http://dummyimage.com/191x100.png/5fa2dd/ffffff""},{""item"":""http://dummyimage.com/235x100.png/5fa2dd/ffffff""}]",878
879,Personal Blender with Cups,3662.8,Kitchen,Compact blender that comes with travel cups for smoothies.,used,Myrtle,credit_card,(555) 123-9876,false,10/30/2025,6/17/2023,"[{""item"":""http://dummyimage.com/107x100.png/cc0000/ffffff""},{""item"":""http://dummyimage.com/205x100.png/ff4444/ffffff""},{""item"":""http://dummyimage.com/113x100.png/ff4444/ffffff""},{""item"":""http://dummyimage.com/150x100.png/ff4444/ffffff""},{""item"":""http://dummyimage.com/212x100.png/ff4444/ffffff""},{""item"":""http://dummyimage.com/117x100.png/5fa2dd/ffffff""}]",879
880,Basmati Rice,1400.43,Food - Grains,"Aromatic long-grain basmati rice, perfect for curries.",used,City-Vista,credit_card,(555) 123-9876,false,1/6/2022,6/16/2023,"[{""item"":""http://dummyimage.com/226x100.png/cc0000/ffffff""},{""item"":""http://dummyimage.com/164x100.png/dddddd/000000""},{""item"":""http://dummyimage.com/122x100.png/5fa2dd/ffffff""}]",880
881,Marinara Parmesan Baked Ziti,255.1,Food - Frozen Meals,Ziti pasta baked with marinara and parmesan cheese,new,City-Vista,paypal,name@email.com,true,7/29/2022,8/3/2024,"[{""item"":""http://dummyimage.com/238x100.png/5fa2dd/ffffff""},{""item"":""http://dummyimage.com/213x100.png/ff4444/ffffff""},{""item"":""http://dummyimage.com/235x100.png/cc0000/ffffff""}]",881
882,Dried Fruit Medley,4464.32,Food - Snacks,A delightful mix of dried fruits for trail mix or snacks.,used,City-Vista,credit_card,name@email.com,false,3/12/2024,1/13/2022,"[{""item"":""http://dummyimage.com/211x100.png/cc0000/ffffff""},{""item"":""http://dummyimage.com/161x100.png/ff4444/ffffff""},{""item"":""http://dummyimage.com/109x100.png/cc0000/ffffff""},{""item"":""http://dummyimage.com/250x100.png/ff4444/ffffff""}]",882
883,Sweet Potato Noodles,9798.65,Food - Pasta,"Pasta alternative made from sweet potatoes, gluten-free and rich in flavor.",used,Isabella,cash,name@email.com,false,6/19/2021,3/16/2023,[],883
884,Folding Table,4690.68,Outdoor,Portable folding table for outdoor events.,new,Isabella,cash,name@email.com,true,8/31/2023,11/21/2023,"[{""item"":""http://dummyimage.com/165x100.png/cc0000/ffffff""}]",884
885,Maple Almond Granola,8450.9,Food - Breakfast,Crunchy granola with maple flavor and almond pieces for breakfast.,new,City-Vista,paypal,(555) 123-9876,false,10/28/2025,7/16/2024,"[{""item"":""http://dummyimage.com/194x100.png/dddddd/000000""},{""item"":""http://dummyimage.com/231x100.png/cc0000/ffffff""},{""item"":""http://dummyimage.com/232x100.png/dddddd/000000""}]",885
886,Rustic Italian Breads,7538.72,Food - Bakery,Freshly baked artisan bread with a crisp crust and soft center.,used,Myrtle,paypal,t.user123,true,5/4/2020,10/14/2024,"[{""item"":""http://dummyimage.com/152x100.png/cc0000/ffffff""},{""item"":""http://dummyimage.com/139x100.png/5fa2dd/ffffff""}]",886
887,Spicy Chicken Wings,7604.07,Food - Meat,"Wide range of flavored wings, perfect for parties or casual snacking.",new,Isabella,cash,name@email.com,true,8/12/2022,10/22/2024,"[{""item"":""http://dummyimage.com/172x100.png/ff4444/ffffff""},{""item"":""http://dummyimage.com/245x100.png/dddddd/000000""},{""item"":""http://dummyimage.com/139x100.png/ff4444/ffffff""},{""item"":""http://dummyimage.com/151x100.png/ff4444/ffffff""},{""item"":""http://dummyimage.com/119x100.png/5fa2dd/ffffff""}]",887
888,Diced Tomatoes (canned),1145.34,Food - Canned Goods,"Canned diced tomatoes, great base for sauces and soups.",used,Myrtle,paypal,(555) 123-9876,true,2/8/2020,3/28/2021,[],888
889,Garlic Herb Marinade,9732.87,Food - Marinades,"A savory marinade for meats, perfect for grilling.",new,Murchison,cash,name@email.com,false,2/8/2025,3/31/2021,"[{""item"":""http://dummyimage.com/195x100.png/dddddd/000000""},{""item"":""http://dummyimage.com/123x100.png/cc0000/ffffff""},{""item"":""http://dummyimage.com/197x100.png/5fa2dd/ffffff""}]",889
890,Vegan Mayonnaise,6336.47,Food - Condiments,Plant-based mayonnaise for a creamy taste.,used,Myrtle,paypal,name@email.com,false,5/8/2023,11/30/2023,"[{""item"":""http://dummyimage.com/118x100.png/ff4444/ffffff""},{""item"":""http://dummyimage.com/118x100.png/5fa2dd/ffffff""},{""item"":""http://dummyimage.com/155x100.png/ff4444/ffffff""},{""item"":""http://dummyimage.com/148x100.png/5fa2dd/ffffff""},{""item"":""http://dummyimage.com/207x100.png/ff4444/ffffff""},{""item"":""http://dummyimage.com/233x100.png/ff4444/ffffff""}]",890
891,Cotton Quilted Throw Blanket,610.99,Home,Cozy throw blanket perfect for adding warmth to your home.,used,Myrtle,cash,t.user123,false,3/4/2023,3/24/2023,"[{""item"":""http://dummyimage.com/195x100.png/5fa2dd/ffffff""},{""item"":""http://dummyimage.com/180x100.png/ff4444/ffffff""},{""item"":""http://dummyimage.com/110x100.png/5fa2dd/ffffff""},{""item"":""http://dummyimage.com/112x100.png/dddddd/000000""}]",891
892,Digital Kitchen Timer,7247.56,Kitchen,Easy-to-read digital kitchen timer with alarms.,used,Isabella,cash,name@email.com,false,5/16/2025,3/21/2023,"[{""item"":""http://dummyimage.com/154x100.png/ff4444/ffffff""},{""item"":""http://dummyimage.com/167x100.png/5fa2dd/ffffff""}]",892
893,Digital Food Thermometer,2440.26,Kitchen,Instant-read thermometer for accurate cooking temperatures.,new,City-Vista,paypal,(555) 123-9876,false,6/30/2022,6/15/2022,"[{""item"":""http://dummyimage.com/198x100.png/cc0000/ffffff""},{""item"":""http://dummyimage.com/190x100.png/ff4444/ffffff""}]",893
894,Whole Grain Mustard,4443.75,Food - Condiments,Tangy whole grain mustard for sandwiches and dressings.,used,Murchison,credit_card,name@email.com,false,2/5/2025,8/5/2022,"[{""item"":""http://dummyimage.com/190x100.png/ff4444/ffffff""},{""item"":""http://dummyimage.com/240x100.png/5fa2dd/ffffff""},{""item"":""http://dummyimage.com/224x100.png/cc0000/ffffff""},{""item"":""http://dummyimage.com/150x100.png/5fa2dd/ffffff""},{""item"":""http://dummyimage.com/211x100.png/ff4444/ffffff""}]",894
895,Tabletop Fire Pit,3393.38,Outdoor,Compact and stylish indoor/outdoor fire pit for ambiance.,new,Isabella,cash,name@email.com,false,10/10/2025,7/18/2024,"[{""item"":""http://dummyimage.com/206x100.png/5fa2dd/ffffff""},{""item"":""http://dummyimage.com/170x100.png/ff4444/ffffff""},{""item"":""http://dummyimage.com/197x100.png/ff4444/ffffff""},{""item"":""http://dummyimage.com/250x100.png/5fa2dd/ffffff""}]",895
896,Kids' Trampoline,3876.35,Toys,Safe and fun trampoline for children.,used,Murchison,paypal,t.user123,false,6/9/2023,7/17/2021,"[{""item"":""http://dummyimage.com/226x100.png/5fa2dd/ffffff""},{""item"":""http://dummyimage.com/214x100.png/ff4444/ffffff""},{""item"":""http://dummyimage.com/239x100.png/5fa2dd/ffffff""},{""item"":""http://dummyimage.com/108x100.png/dddddd/000000""},{""item"":""http://dummyimage.com/107x100.png/ff4444/ffffff""}]",896
897,Dark Chocolate Covered Almonds,921.49,Food - Snacks,Roasted almonds dipped in rich dark chocolate.,new,Myrtle,paypal,t.user123,true,12/28/2020,1/29/2024,"[{""item"":""http://dummyimage.com/234x100.png/dddddd/000000""},{""item"":""http://dummyimage.com/111x100.png/ff4444/ffffff""}]",897
898,Mini Air Hockey Table,5355.18,Toys,Fun tabletop air hockey for home or office.,new,City-Vista,cash,t.user123,true,3/16/2023,11/16/2020,"[{""item"":""http://dummyimage.com/177x100.png/cc0000/ffffff""},{""item"":""http://dummyimage.com/214x100.png/ff4444/ffffff""},{""item"":""http://dummyimage.com/111x100.png/dddddd/000000""},{""item"":""http://dummyimage.com/134x100.png/5fa2dd/ffffff""},{""item"":""http://dummyimage.com/191x100.png/ff4444/ffffff""}]",898
899,Smoked Paprika Chicken Thighs,8645.91,Food - Meat,Marinated chicken thighs with smoked paprika for a smoky flavor.,used,Isabella,paypal,name@email.com,false,5/10/2024,8/10/2022,"[{""item"":""http://dummyimage.com/214x100.png/cc0000/ffffff""},{""item"":""http://dummyimage.com/176x100.png/5fa2dd/ffffff""},{""item"":""http://dummyimage.com/116x100.png/dddddd/000000""},{""item"":""http://dummyimage.com/238x100.png/cc0000/ffffff""}]",899
900,Window Blinds,6169.91,Home,Adjustable window blinds for privacy and light control.,used,Isabella,cash,t.user123,true,6/21/2021,1/15/2023,[],900
901,Oven-Baked Cheese Crisps,7749.31,Food - Snacks,Crispy cheese snacks that melt in your mouth.,new,Isabella,cash,(555) 123-9876,false,3/30/2023,9/10/2022,"[{""item"":""http://dummyimage.com/177x100.png/dddddd/000000""}]",901
902,Foot Massager,2974.99,Health,Electric foot massager with heat settings.,new,Myrtle,paypal,(555) 123-9876,false,7/12/2025,8/10/2024,"[{""item"":""http://dummyimage.com/248x100.png/ff4444/ffffff""},{""item"":""http://dummyimage.com/132x100.png/dddddd/000000""},{""item"":""http://dummyimage.com/208x100.png/ff4444/ffffff""},{""item"":""http://dummyimage.com/213x100.png/ff4444/ffffff""},{""item"":""http://dummyimage.com/145x100.png/dddddd/000000""}]",902
903,Outdoor Picnic Blanket,6762.21,Outdoor,Water-resistant blanket for picnics and outdoor events.,used,Murchison,cash,name@email.com,true,1/10/2023,4/14/2023,"[{""item"":""http://dummyimage.com/173x100.png/ff4444/ffffff""},{""item"":""http://dummyimage.com/186x100.png/ff4444/ffffff""},{""item"":""http://dummyimage.com/145x100.png/dddddd/000000""},{""item"":""http://dummyimage.com/239x100.png/dddddd/000000""}]",903
904,Teriyaki Chicken Bowl,7825.01,Food - Prepared Meals,Ready-to-eat chicken bowl with teriyaki sauce and rice.,new,City-Vista,paypal,t.user123,false,1/31/2025,3/10/2024,"[{""item"":""http://dummyimage.com/188x100.png/5fa2dd/ffffff""},{""item"":""http://dummyimage.com/145x100.png/cc0000/ffffff""},{""item"":""http://dummyimage.com/142x100.png/dddddd/000000""},{""item"":""http://dummyimage.com/169x100.png/cc0000/ffffff""},{""item"":""http://dummyimage.com/173x100.png/5fa2dd/ffffff""}]",904
905,Bird Feeder,8705.08,Outdoor,Hanging bird feeder for backyard birds.,used,Murchison,paypal,name@email.com,false,9/26/2024,12/8/2025,"[{""item"":""http://dummyimage.com/216x100.png/cc0000/ffffff""},{""item"":""http://dummyimage.com/237x100.png/ff4444/ffffff""},{""item"":""http://dummyimage.com/125x100.png/ff4444/ffffff""}]",905
906,Ergonomic Gaming Chair,831.37,Gaming,Comfortable gaming chair for long hours of play.,new,Isabella,credit_card,t.user123,false,6/19/2023,6/6/2020,"[{""item"":""http://dummyimage.com/156x100.png/ff4444/ffffff""},{""item"":""http://dummyimage.com/110x100.png/ff4444/ffffff""},{""item"":""http://dummyimage.com/241x100.png/cc0000/ffffff""},{""item"":""http://dummyimage.com/249x100.png/ff4444/ffffff""}]",906
907,Car Phone Mount,8788.8,Automotive,Adjustable phone mount for car dashboard.,new,Myrtle,credit_card,t.user123,false,2/23/2021,1/5/2021,"[{""item"":""http://dummyimage.com/220x100.png/dddddd/000000""}]",907
908,Pressure Cooker,8676.03,Kitchen,Instant pressure cooker with multiple cooking settings.,new,City-Vista,credit_card,t.user123,true,9/6/2021,11/3/2025,"[{""item"":""http://dummyimage.com/182x100.png/cc0000/ffffff""},{""item"":""http://dummyimage.com/180x100.png/5fa2dd/ffffff""},{""item"":""http://dummyimage.com/195x100.png/dddddd/000000""},{""item"":""http://dummyimage.com/162x100.png/dddddd/000000""},{""item"":""http://dummyimage.com/116x100.png/ff4444/ffffff""}]",908
909,Chipotle Lime Salsa,5652.92,Food - Condiments,Spicy salsa with chipotle and lime for a zesty kick.,used,Isabella,cash,t.user123,false,8/14/2021,12/11/2025,"[{""item"":""http://dummyimage.com/184x100.png/ff4444/ffffff""},{""item"":""http://dummyimage.com/120x100.png/cc0000/ffffff""},{""item"":""http://dummyimage.com/124x100.png/ff4444/ffffff""}]",909
910,Travel Eye Mask with Ear Plugs,9058.54,Travel,Comfortable eye mask that includes noise-canceling ear plugs.,new,City-Vista,paypal,t.user123,true,4/15/2023,4/17/2024,"[{""item"":""http://dummyimage.com/196x100.png/ff4444/ffffff""},{""item"":""http://dummyimage.com/193x100.png/dddddd/000000""},{""item"":""http://dummyimage.com/217x100.png/ff4444/ffffff""},{""item"":""http://dummyimage.com/143x100.png/dddddd/000000""},{""item"":""http://dummyimage.com/247x100.png/dddddd/000000""},{""item"":""http://dummyimage.com/208x100.png/ff4444/ffffff""}]",910
911,Chili Beans (canned),8918.28,Food - Canned Goods,"Canned beans with chili sauce, perfect for chili dishes.",used,Isabella,credit_card,name@email.com,false,12/9/2024,12/1/2021,"[{""item"":""http://dummyimage.com/234x100.png/cc0000/ffffff""},{""item"":""http://dummyimage.com/211x100.png/ff4444/ffffff""},{""item"":""http://dummyimage.com/246x100.png/dddddd/000000""},{""item"":""http://dummyimage.com/132x100.png/ff4444/ffffff""},{""item"":""http://dummyimage.com/190x100.png/cc0000/ffffff""},{""item"":""http://dummyimage.com/171x100.png/cc0000/ffffff""}]",911
912,Non-Stick Crepe Pan,886.74,Kitchen,Perfectly designed pan for making crepes and pancakes.,used,Murchison,cash,(555) 123-9876,false,4/19/2023,8/1/2022,"[{""item"":""http://dummyimage.com/245x100.png/dddddd/000000""}]",912
913,Mashed Sweet Potatoes,9721.19,Food - Sides,Creamy mashed sweet potatoes with a hint of cinnamon.,used,Murchison,paypal,t.user123,false,10/28/2025,2/1/2024,[],913
914,Zesty Garlic Marinade,8642.68,Food - Condiments,"A tangy marinade for meats and veggies, packed with garlic flavor.",used,City-Vista,credit_card,name@email.com,false,1/8/2023,7/2/2025,"[{""item"":""http://dummyimage.com/245x100.png/cc0000/ffffff""},{""item"":""http://dummyimage.com/227x100.png/ff4444/ffffff""},{""item"":""http://dummyimage.com/223x100.png/dddddd/000000""},{""item"":""http://dummyimage.com/146x100.png/ff4444/ffffff""},{""item"":""http://dummyimage.com/102x100.png/dddddd/000000""}]",914
915,Bluetooth Car Adapter,6494.35,Automotive,Connect your phone to the car's audio system via Bluetooth.,used,City-Vista,credit_card,(555) 123-9876,false,5/12/2021,10/3/2021,"[{""item"":""http://dummyimage.com/101x100.png/dddddd/000000""}]",915
916,Collapsible Camping Cup,7122.67,Outdoor,Space-saving cup that folds flat for easy storage.,used,Myrtle,credit_card,(555) 123-9876,false,11/30/2024,7/9/2021,"[{""item"":""http://dummyimage.com/180x100.png/5fa2dd/ffffff""},{""item"":""http://dummyimage.com/132x100.png/5fa2dd/ffffff""}]",916
917,Basmati Rice,791.71,Food - Grains,"Aromatic long-grain basmati rice, perfect for curries.",new,Isabella,cash,name@email.com,true,1/13/2024,1/21/2020,[],917
918,Peas (frozen),9584.5,Food - Frozen Foods,"Frozen green peas, a great addition to meals.",new,Myrtle,paypal,(555) 123-9876,false,6/2/2020,1/30/2024,"[{""item"":""http://dummyimage.com/148x100.png/cc0000/ffffff""},{""item"":""http://dummyimage.com/207x100.png/cc0000/ffffff""},{""item"":""http://dummyimage.com/152x100.png/ff4444/ffffff""},{""item"":""http://dummyimage.com/236x100.png/ff4444/ffffff""}]",918
919,Toy Building Set,6783.14,Toys,Creative building set for kids to spark imagination.,new,Myrtle,paypal,(555) 123-9876,false,3/14/2024,10/18/2020,"[{""item"":""http://dummyimage.com/246x100.png/dddddd/000000""},{""item"":""http://dummyimage.com/248x100.png/5fa2dd/ffffff""},{""item"":""http://dummyimage.com/247x100.png/cc0000/ffffff""},{""item"":""http://dummyimage.com/226x100.png/cc0000/ffffff""},{""item"":""http://dummyimage.com/169x100.png/ff4444/ffffff""}]",919
920,LED Makeup Mirror,9089.84,Beauty,Illuminated vanity mirror with adjustable brightness settings.,used,Isabella,paypal,t.user123,true,10/12/2025,3/13/2020,"[{""item"":""http://dummyimage.com/224x100.png/5fa2dd/ffffff""},{""item"":""http://dummyimage.com/181x100.png/ff4444/ffffff""}]",920
921,Coconut Lime Rice,180.77,Food - Sides,"Flavorful rice mixed with coconut and lime, a tropical side dish.",new,City-Vista,paypal,t.user123,true,12/3/2021,1/4/2020,"[{""item"":""http://dummyimage.com/207x100.png/dddddd/000000""},{""item"":""http://dummyimage.com/153x100.png/dddddd/000000""},{""item"":""http://dummyimage.com/219x100.png/5fa2dd/ffffff""},{""item"":""http://dummyimage.com/245x100.png/dddddd/000000""},{""item"":""http://dummyimage.com/182x100.png/dddddd/000000""},{""item"":""http://dummyimage.com/232x100.png/cc0000/ffffff""}]",921
922,Crispy Tofu Bites,3005.78,Food - Protein,"Crispy on the outside, tender on the inside, perfect for stir-fries or salads.",new,Myrtle,cash,(555) 123-9876,false,6/18/2021,12/5/2022,"[{""item"":""http://dummyimage.com/162x100.png/cc0000/ffffff""},{""item"":""http://dummyimage.com/228x100.png/5fa2dd/ffffff""},{""item"":""http://dummyimage.com/107x100.png/5fa2dd/ffffff""}]",922
923,Almond Coconut Granola,9355.19,Food - Breakfast Foods,Crunchy granola with almonds and coconut.,new,Isabella,credit_card,(555) 123-9876,true,1/1/2021,5/19/2021,[],923
924,Creamy Coleslaw Mix,3620.44,Food - Produce,Shredded cabbage and carrots for coleslaw.,used,Myrtle,paypal,(555) 123-9876,true,7/10/2021,12/30/2023,"[{""item"":""http://dummyimage.com/108x100.png/cc0000/ffffff""},{""item"":""http://dummyimage.com/132x100.png/cc0000/ffffff""},{""item"":""http://dummyimage.com/143x100.png/ff4444/ffffff""},{""item"":""http://dummyimage.com/107x100.png/ff4444/ffffff""},{""item"":""http://dummyimage.com/155x100.png/5fa2dd/ffffff""},{""item"":""http://dummyimage.com/107x100.png/dddddd/000000""}]",924
925,Kids' Art Supplies Kit,3062.94,Toys,"Complete kit with crayons, markers, and paper for young artists.",used,Isabella,cash,(555) 123-9876,false,11/13/2025,10/13/2022,"[{""item"":""http://dummyimage.com/228x100.png/dddddd/000000""},{""item"":""http://dummyimage.com/176x100.png/dddddd/000000""},{""item"":""http://dummyimage.com/206x100.png/ff4444/ffffff""}]",925
926,Compost Bin,3926.92,Garden,Countertop compost bin for kitchen waste.,new,Myrtle,credit_card,t.user123,true,11/30/2025,10/15/2024,"[{""item"":""http://dummyimage.com/237x100.png/5fa2dd/ffffff""},{""item"":""http://dummyimage.com/250x100.png/cc0000/ffffff""},{""item"":""http://dummyimage.com/159x100.png/dddddd/000000""}]",926
927,Foldable Electric Scooter,9707.52,Outdoor,Compact electric scooter for commuting and short trips.,used,Myrtle,credit_card,t.user123,true,4/28/2024,11/26/2020,"[{""item"":""http://dummyimage.com/236x100.png/ff4444/ffffff""},{""item"":""http://dummyimage.com/243x100.png/5fa2dd/ffffff""},{""item"":""http://dummyimage.com/211x100.png/5fa2dd/ffffff""}]",927
928,Smart Water Bottle,2450.04,Fitness,Water bottle that tracks your hydration levels.,new,Myrtle,paypal,name@email.com,false,1/10/2025,12/4/2021,"[{""item"":""http://dummyimage.com/131x100.png/dddddd/000000""},{""item"":""http://dummyimage.com/189x100.png/ff4444/ffffff""},{""item"":""http://dummyimage.com/173x100.png/5fa2dd/ffffff""}]",928
929,Sushi Roll Kit,3049.82,Food - Cooking Kits,All ingredients needed to make your own sushi,used,Myrtle,cash,t.user123,true,5/14/2025,4/10/2022,"[{""item"":""http://dummyimage.com/102x100.png/dddddd/000000""},{""item"":""http://dummyimage.com/245x100.png/dddddd/000000""}]",929
930,Cajun Seasoning,8323.24,Food - Spices,Spicy seasoning mix for all your favorite dishes.,used,Myrtle,cash,t.user123,true,1/19/2024,8/6/2023,"[{""item"":""http://dummyimage.com/230x100.png/5fa2dd/ffffff""},{""item"":""http://dummyimage.com/238x100.png/cc0000/ffffff""},{""item"":""http://dummyimage.com/242x100.png/ff4444/ffffff""},{""item"":""http://dummyimage.com/222x100.png/ff4444/ffffff""},{""item"":""http://dummyimage.com/157x100.png/dddddd/000000""}]",930
931,BBQ Sauce,2164.79,Food - Condiments,"A smoky barbecue sauce, ideal for grilling and dipping.",new,Myrtle,credit_card,t.user123,false,10/9/2021,4/4/2022,[],931
932,Portable Solar Charger,1345.37,Electronics,Solar-powered charger for smartphones and tablets.,new,Isabella,credit_card,t.user123,false,6/26/2020,3/10/2022,"[{""item"":""http://dummyimage.com/220x100.png/5fa2dd/ffffff""},{""item"":""http://dummyimage.com/249x100.png/cc0000/ffffff""},{""item"":""http://dummyimage.com/209x100.png/5fa2dd/ffffff""},{""item"":""http://dummyimage.com/115x100.png/dddddd/000000""}]",932
933,Mini Cordless Vacuum Cleaner,7364.69,Home Appliances,Handheld vacuum cleaner for quick and easy cleaning.,new,City-Vista,cash,(555) 123-9876,false,9/10/2025,12/14/2021,"[{""item"":""http://dummyimage.com/157x100.png/cc0000/ffffff""},{""item"":""http://dummyimage.com/140x100.png/ff4444/ffffff""},{""item"":""http://dummyimage.com/168x100.png/cc0000/ffffff""}]",933
934,Oven-Baked Chicken Tenders,4302.92,Food - Meat,"Crispy and juicy chicken tenders, perfect for dipping.",new,City-Vista,cash,(555) 123-9876,true,1/8/2020,10/19/2021,"[{""item"":""http://dummyimage.com/132x100.png/dddddd/000000""}]",934
935,Chipotle Sauce,7029.54,Food - Condiments,Spicy sauce made with chipotle peppers,new,Myrtle,credit_card,(555) 123-9876,true,12/3/2025,10/31/2023,"[{""item"":""http://dummyimage.com/165x100.png/cc0000/ffffff""},{""item"":""http://dummyimage.com/161x100.png/ff4444/ffffff""},{""item"":""http://dummyimage.com/231x100.png/cc0000/ffffff""}]",935
936,Cranberry Juice,8749.22,Food - Beverages,Refreshing cranberry juice with no added sugar.,new,Myrtle,cash,(555) 123-9876,true,6/5/2022,7/21/2020,"[{""item"":""http://dummyimage.com/131x100.png/5fa2dd/ffffff""},{""item"":""http://dummyimage.com/192x100.png/ff4444/ffffff""}]",936
937,Portable Camping Shower,6045.2,Outdoor,Convenient shower system for camping and outdoor activities.,used,City-Vista,cash,(555) 123-9876,true,8/27/2024,9/18/2022,"[{""item"":""http://dummyimage.com/169x100.png/cc0000/ffffff""},{""item"":""http://dummyimage.com/104x100.png/dddddd/000000""},{""item"":""http://dummyimage.com/100x100.png/cc0000/ffffff""},{""item"":""http://dummyimage.com/198x100.png/dddddd/000000""},{""item"":""http://dummyimage.com/200x100.png/ff4444/ffffff""},{""item"":""http://dummyimage.com/209x100.png/cc0000/ffffff""}]",937
938,Eco-Friendly Notepad,1569.53,Office,Notepad made from recycled paper for sustainable note-taking.,used,Myrtle,credit_card,t.user123,true,4/9/2025,11/23/2020,"[{""item"":""http://dummyimage.com/101x100.png/cc0000/ffffff""},{""item"":""http://dummyimage.com/250x100.png/cc0000/ffffff""},{""item"":""http://dummyimage.com/109x100.png/dddddd/000000""},{""item"":""http://dummyimage.com/237x100.png/5fa2dd/ffffff""},{""item"":""http://dummyimage.com/142x100.png/dddddd/000000""},{""item"":""http://dummyimage.com/235x100.png/ff4444/ffffff""}]",938
939,Fitness Resistance Bands Kit,1601.45,Fitness,Set with various resistance bands for workouts.,new,Myrtle,credit_card,t.user123,false,10/9/2025,4/13/2023,"[{""item"":""http://dummyimage.com/176x100.png/ff4444/ffffff""},{""item"":""http://dummyimage.com/217x100.png/dddddd/000000""},{""item"":""http://dummyimage.com/229x100.png/cc0000/ffffff""},{""item"":""http://dummyimage.com/155x100.png/5fa2dd/ffffff""}]",939
940,Garden Vegetable Chips,1687.77,Food - Snacks,"Crispy chips made from assorted garden vegetables, lightly salted.",used,Murchison,paypal,(555) 123-9876,false,12/27/2020,10/16/2024,[],940
941,Winter Knit Beanie,8410.58,Clothing,Cozy beanie hat to keep your head warm in the cold.,new,Murchison,credit_card,(555) 123-9876,true,1/2/2022,6/7/2023,"[{""item"":""http://dummyimage.com/234x100.png/dddddd/000000""}]",941
942,Travel Beach Blanket,5363.18,Outdoor,Sand-resistant and compact for outdoor and beach use.,new,Isabella,credit_card,(555) 123-9876,false,2/25/2021,6/4/2025,"[{""item"":""http://dummyimage.com/193x100.png/ff4444/ffffff""},{""item"":""http://dummyimage.com/202x100.png/5fa2dd/ffffff""},{""item"":""http://dummyimage.com/219x100.png/ff4444/ffffff""},{""item"":""http://dummyimage.com/123x100.png/dddddd/000000""},{""item"":""http://dummyimage.com/225x100.png/dddddd/000000""},{""item"":""http://dummyimage.com/241x100.png/ff4444/ffffff""}]",942
943,Faux Leather Leggings,161.0,Clothing - Pants,Stylish faux leather leggings for a trendy outfit.,used,Isabella,cash,t.user123,true,3/23/2020,2/21/2020,"[{""item"":""http://dummyimage.com/212x100.png/cc0000/ffffff""},{""item"":""http://dummyimage.com/169x100.png/cc0000/ffffff""},{""item"":""http://dummyimage.com/144x100.png/cc0000/ffffff""},{""item"":""http://dummyimage.com/250x100.png/ff4444/ffffff""},{""item"":""http://dummyimage.com/183x100.png/5fa2dd/ffffff""}]",943
944,Portable Camping Stove,83.96,Outdoor,Compact camp stove for outdoor cooking.,new,Isabella,paypal,name@email.com,true,9/8/2025,5/28/2025,"[{""item"":""http://dummyimage.com/215x100.png/dddddd/000000""},{""item"":""http://dummyimage.com/122x100.png/dddddd/000000""},{""item"":""http://dummyimage.com/125x100.png/ff4444/ffffff""},{""item"":""http://dummyimage.com/127x100.png/ff4444/ffffff""},{""item"":""http://dummyimage.com/122x100.png/5fa2dd/ffffff""}]",944
945,Pet Food Storage Container,8694.81,Pets,Airtight container to keep pet food fresh.,new,Isabella,paypal,t.user123,true,2/17/2021,11/29/2022,"[{""item"":""http://dummyimage.com/202x100.png/5fa2dd/ffffff""},{""item"":""http://dummyimage.com/223x100.png/ff4444/ffffff""},{""item"":""http://dummyimage.com/172x100.png/ff4444/ffffff""},{""item"":""http://dummyimage.com/115x100.png/ff4444/ffffff""},{""item"":""http://dummyimage.com/129x100.png/ff4444/ffffff""}]",945
946,Wild Rice & Quinoa Mix,3934.1,Food - Grains,"Nutritious blend of wild rice and quinoa, perfect as a side dish.",new,Murchison,paypal,t.user123,true,3/31/2021,7/9/2021,[],946
947,Herbal Tea Set,8419.61,Food,Assorted herbal tea bags for relaxation and wellness.,used,City-Vista,cash,name@email.com,true,9/3/2023,1/19/2021,"[{""item"":""http://dummyimage.com/121x100.png/5fa2dd/ffffff""},{""item"":""http://dummyimage.com/176x100.png/cc0000/ffffff""},{""item"":""http://dummyimage.com/211x100.png/dddddd/000000""}]",947
948,LED Christmas Lights,4713.91,Home,Eco-friendly LED lights for festive decorations.,new,Myrtle,credit_card,name@email.com,false,3/13/2024,5/17/2021,[],948
949,Creamy Ranch Dressing,528.33,Food - Dressings,Classic ranch dressing for salads and dipping.,used,City-Vista,cash,name@email.com,false,4/21/2024,11/18/2020,"[{""item"":""http://dummyimage.com/154x100.png/5fa2dd/ffffff""},{""item"":""http://dummyimage.com/248x100.png/cc0000/ffffff""},{""item"":""http://dummyimage.com/180x100.png/cc0000/ffffff""},{""item"":""http://dummyimage.com/149x100.png/5fa2dd/ffffff""}]",949
950,Mango Chilli Sauce,1592.24,Food - Condiments,A sweet and spicy sauce for dipping or glazing.,new,Myrtle,credit_card,name@email.com,true,11/16/2025,4/5/2020,"[{""item"":""http://dummyimage.com/124x100.png/ff4444/ffffff""},{""item"":""http://dummyimage.com/194x100.png/5fa2dd/ffffff""},{""item"":""http://dummyimage.com/125x100.png/cc0000/ffffff""},{""item"":""http://dummyimage.com/187x100.png/dddddd/000000""},{""item"":""http://dummyimage.com/215x100.png/5fa2dd/ffffff""},{""item"":""http://dummyimage.com/170x100.png/5fa2dd/ffffff""}]",950
951,Garlic Naan Bread,3734.27,Food - Bakery,"Soft and delicious garlic-infused flatbread, perfect for dipping.",used,City-Vista,credit_card,(555) 123-9876,false,8/3/2024,7/27/2024,[],951
952,Coconut Curry Chicken,9756.69,Food - Frozen Foods,"Tender chicken cooked in a rich coconut curry sauce, ready to heat and serve.",new,Murchison,credit_card,name@email.com,true,8/12/2020,10/8/2024,"[{""item"":""http://dummyimage.com/114x100.png/ff4444/ffffff""},{""item"":""http://dummyimage.com/139x100.png/ff4444/ffffff""}]",952
953,Italian Marinara Sauce,5751.57,Food - Sauces,"Classic marinara sauce for pasta, pizza, or dipping.",used,Isabella,cash,(555) 123-9876,false,11/23/2020,11/24/2020,"[{""item"":""http://dummyimage.com/123x100.png/ff4444/ffffff""},{""item"":""http://dummyimage.com/162x100.png/ff4444/ffffff""},{""item"":""http://dummyimage.com/143x100.png/cc0000/ffffff""},{""item"":""http://dummyimage.com/227x100.png/5fa2dd/ffffff""},{""item"":""http://dummyimage.com/130x100.png/dddddd/000000""}]",953
954,Smartphone Camera Lens Kit,5674.12,Photography,Upgrade your phone photography with this lens kit that includes wide-angle and macro lenses.,used,Isabella,paypal,(555) 123-9876,true,5/29/2022,2/20/2021,"[{""item"":""http://dummyimage.com/123x100.png/dddddd/000000""},{""item"":""http://dummyimage.com/115x100.png/ff4444/ffffff""},{""item"":""http://dummyimage.com/165x100.png/cc0000/ffffff""}]",954
955,Beef Taco Skillet,4367.97,Food - Meal Kits,A convenient meal kit for making a delicious beef taco skillet at home.,new,City-Vista,cash,t.user123,true,5/19/2025,4/10/2024,"[{""item"":""http://dummyimage.com/204x100.png/5fa2dd/ffffff""},{""item"":""http://dummyimage.com/159x100.png/ff4444/ffffff""},{""item"":""http://dummyimage.com/103x100.png/5fa2dd/ffffff""},{""item"":""http://dummyimage.com/146x100.png/5fa2dd/ffffff""},{""item"":""http://dummyimage.com/184x100.png/ff4444/ffffff""},{""item"":""http://dummyimage.com/190x100.png/dddddd/000000""}]",955
956,Pumpkin Spice Granola,736.89,Food - Breakfast,Crunchy granola with pumpkin spice flavor.,new,Murchison,paypal,t.user123,true,9/11/2024,2/11/2023,"[{""item"":""http://dummyimage.com/144x100.png/dddddd/000000""},{""item"":""http://dummyimage.com/205x100.png/5fa2dd/ffffff""},{""item"":""http://dummyimage.com/145x100.png/ff4444/ffffff""},{""item"":""http://dummyimage.com/151x100.png/dddddd/000000""},{""item"":""http://dummyimage.com/200x100.png/ff4444/ffffff""}]",956
957,Pet Carrier Backpack,369.11,Pets,Comfortable and breathable backpack for carrying small pets.,used,Murchison,credit_card,t.user123,false,2/25/2021,1/19/2020,"[{""item"":""http://dummyimage.com/163x100.png/5fa2dd/ffffff""},{""item"":""http://dummyimage.com/175x100.png/cc0000/ffffff""},{""item"":""http://dummyimage.com/141x100.png/cc0000/ffffff""},{""item"":""http://dummyimage.com/220x100.png/cc0000/ffffff""},{""item"":""http://dummyimage.com/105x100.png/ff4444/ffffff""}]",957
958,Pasta Maker,9874.9,Kitchen,Manual pasta maker for homemade pasta.,used,Murchison,paypal,name@email.com,true,5/2/2023,7/19/2024,"[{""item"":""http://dummyimage.com/217x100.png/cc0000/ffffff""},{""item"":""http://dummyimage.com/177x100.png/5fa2dd/ffffff""},{""item"":""http://dummyimage.com/195x100.png/5fa2dd/ffffff""}]",958
959,Portable Speakers,9385.65,Audio,Bluetooth speakers with excellent sound quality.,used,Myrtle,cash,name@email.com,true,6/20/2024,1/4/2022,"[{""item"":""http://dummyimage.com/213x100.png/cc0000/ffffff""},{""item"":""http://dummyimage.com/125x100.png/ff4444/ffffff""}]",959
960,Shower Curtain Hooks,3801.81,Home,Stylish hooks to easily hang shower curtains.,new,City-Vista,paypal,(555) 123-9876,true,9/20/2023,4/9/2025,"[{""item"":""http://dummyimage.com/247x100.png/5fa2dd/ffffff""},{""item"":""http://dummyimage.com/181x100.png/5fa2dd/ffffff""},{""item"":""http://dummyimage.com/115x100.png/ff4444/ffffff""},{""item"":""http://dummyimage.com/107x100.png/5fa2dd/ffffff""},{""item"":""http://dummyimage.com/124x100.png/dddddd/000000""},{""item"":""http://dummyimage.com/161x100.png/5fa2dd/ffffff""}]",960
961,Reversible Swimming Pool Lounger,2456.25,Outdoor,Floating lounger for relaxation in swimming pools or lakes.,used,Murchison,paypal,t.user123,true,7/11/2022,9/25/2021,"[{""item"":""http://dummyimage.com/108x100.png/cc0000/ffffff""},{""item"":""http://dummyimage.com/190x100.png/5fa2dd/ffffff""},{""item"":""http://dummyimage.com/109x100.png/dddddd/000000""},{""item"":""http://dummyimage.com/232x100.png/ff4444/ffffff""}]",961
962,Ice Cube Tray with Lid,4545.78,Kitchen,Silicone tray for making ice cubes with a lid to prevent spills.,new,Isabella,credit_card,name@email.com,true,8/31/2021,1/29/2020,"[{""item"":""http://dummyimage.com/104x100.png/dddddd/000000""},{""item"":""http://dummyimage.com/202x100.png/5fa2dd/ffffff""},{""item"":""http://dummyimage.com/249x100.png/5fa2dd/ffffff""},{""item"":""http://dummyimage.com/148x100.png/cc0000/ffffff""},{""item"":""http://dummyimage.com/138x100.png/cc0000/ffffff""}]",962
963,Multi-Port USB Hub,5179.31,Electronics,USB hub for expanding ports on computers and laptops.,new,Murchison,credit_card,name@email.com,true,8/26/2022,12/21/2021,"[{""item"":""http://dummyimage.com/192x100.png/ff4444/ffffff""},{""item"":""http://dummyimage.com/119x100.png/ff4444/ffffff""},{""item"":""http://dummyimage.com/182x100.png/ff4444/ffffff""},{""item"":""http://dummyimage.com/135x100.png/dddddd/000000""}]",963
964,Garlic Herb Seasoning,1704.94,Food - Spices,A blend of herbs and garlic for seasoning meats and vegetables.,new,City-Vista,credit_card,name@email.com,true,2/15/2022,1/4/2023,"[{""item"":""http://dummyimage.com/165x100.png/ff4444/ffffff""},{""item"":""http://dummyimage.com/163x100.png/cc0000/ffffff""},{""item"":""http://dummyimage.com/106x100.png/cc0000/ffffff""},{""item"":""http://dummyimage.com/149x100.png/cc0000/ffffff""},{""item"":""http://dummyimage.com/136x100.png/5fa2dd/ffffff""}]",964
965,Smart Home Security Camera,6449.75,Smart Home,Wi-Fi camera with motion detection for home security.,new,City-Vista,paypal,(555) 123-9876,false,8/21/2021,9/21/2023,"[{""item"":""http://dummyimage.com/103x100.png/dddddd/000000""},{""item"":""http://dummyimage.com/190x100.png/cc0000/ffffff""},{""item"":""http://dummyimage.com/150x100.png/ff4444/ffffff""},{""item"":""http://dummyimage.com/146x100.png/dddddd/000000""},{""item"":""http://dummyimage.com/230x100.png/ff4444/ffffff""}]",965
966,Coconut Chia Seed Pudding,7901.29,Food - Snacks,"Ready-to-eat chia seed pudding made with coconut milk, perfect for breakfast or dessert.",new,Isabella,cash,t.user123,true,4/4/2025,10/16/2021,"[{""item"":""http://dummyimage.com/184x100.png/cc0000/ffffff""},{""item"":""http://dummyimage.com/246x100.png/5fa2dd/ffffff""},{""item"":""http://dummyimage.com/238x100.png/cc0000/ffffff""},{""item"":""http://dummyimage.com/134x100.png/5fa2dd/ffffff""},{""item"":""http://dummyimage.com/162x100.png/ff4444/ffffff""},{""item"":""http://dummyimage.com/196x100.png/cc0000/ffffff""}]",966
967,Adjustable Pedicure Footrest,6498.91,Beauty,Ergonomic footrest for easier pedicure treatment.,used,City-Vista,paypal,name@email.com,true,8/16/2023,6/26/2024,[],967
968,Balsamic Vinegar,233.4,Food - Condiments,"Rich and tangy balsamic vinegar, perfect for dressings.",new,City-Vista,credit_card,name@email.com,true,6/17/2022,3/20/2022,"[{""item"":""http://dummyimage.com/132x100.png/ff4444/ffffff""},{""item"":""http://dummyimage.com/134x100.png/5fa2dd/ffffff""},{""item"":""http://dummyimage.com/208x100.png/5fa2dd/ffffff""}]",968
969,Cilantro Lime Rice,5718.8,Food - Grains,"Easy-to-prepare rice with cilantro and lime flavors, great as a side.",new,City-Vista,paypal,name@email.com,false,5/1/2021,2/12/2024,"[{""item"":""http://dummyimage.com/242x100.png/cc0000/ffffff""},{""item"":""http://dummyimage.com/240x100.png/ff4444/ffffff""},{""item"":""http://dummyimage.com/155x100.png/cc0000/ffffff""}]",969
970,Acoustic Guitar,1081.19,Music,Beginner-friendly acoustic guitar with natural finish.,used,Myrtle,paypal,name@email.com,false,10/24/2020,7/2/2021,"[{""item"":""http://dummyimage.com/155x100.png/dddddd/000000""},{""item"":""http://dummyimage.com/113x100.png/ff4444/ffffff""},{""item"":""http://dummyimage.com/200x100.png/cc0000/ffffff""}]",970
971,Travel Mug with Leak-Proof Lid,8840.59,Kitchen,Stainless steel travel mug that keeps drinks hot or cold.,used,Myrtle,credit_card,(555) 123-9876,false,9/25/2025,9/25/2024,[],971
972,High-Pressure Handheld Shower Head,5442.52,Bathroom,Shower head designed for a strong spray and complete coverage.,new,Myrtle,credit_card,(555) 123-9876,false,8/1/2023,9/10/2022,"[{""item"":""http://dummyimage.com/244x100.png/ff4444/ffffff""}]",972
973,Jasmine Rice,721.19,Food - Grains,"Fragrant jasmine rice, perfect as a side dish.",new,City-Vista,paypal,name@email.com,false,1/27/2021,10/6/2023,"[{""item"":""http://dummyimage.com/216x100.png/cc0000/ffffff""},{""item"":""http://dummyimage.com/218x100.png/cc0000/ffffff""}]",973
974,Home Office Chair,5935.18,Furniture,Ergonomic office chair with lumbar support and adjustable height.,new,City-Vista,cash,(555) 123-9876,false,11/14/2025,12/12/2025,"[{""item"":""http://dummyimage.com/130x100.png/dddddd/000000""},{""item"":""http://dummyimage.com/157x100.png/5fa2dd/ffffff""},{""item"":""http://dummyimage.com/205x100.png/dddddd/000000""},{""item"":""http://dummyimage.com/152x100.png/5fa2dd/ffffff""},{""item"":""http://dummyimage.com/181x100.png/cc0000/ffffff""}]",974
975,Peach Mango Smoothie Mix,1858.4,Food - Beverages,A blend of peach and mango for a tropical smoothie.,new,City-Vista,paypal,name@email.com,false,10/28/2020,11/27/2023,"[{""item"":""http://dummyimage.com/215x100.png/5fa2dd/ffffff""},{""item"":""http://dummyimage.com/245x100.png/ff4444/ffffff""},{""item"":""http://dummyimage.com/184x100.png/5fa2dd/ffffff""},{""item"":""http://dummyimage.com/114x100.png/cc0000/ffffff""},{""item"":""http://dummyimage.com/197x100.png/5fa2dd/ffffff""}]",975
976,Baking Powder,1272.04,Food - Baking Goods,Essential ingredient for baking fluffy cakes and pastries.,used,Murchison,paypal,t.user123,true,9/16/2020,5/5/2025,"[{""item"":""http://dummyimage.com/171x100.png/cc0000/ffffff""},{""item"":""http://dummyimage.com/148x100.png/ff4444/ffffff""},{""item"":""http://dummyimage.com/196x100.png/5fa2dd/ffffff""},{""item"":""http://dummyimage.com/102x100.png/cc0000/ffffff""}]",976
977,Fashionable Scarves Set,9254.02,Clothing,Stylish scarves to accessorize any outfit.,used,Isabella,cash,name@email.com,false,5/6/2023,3/24/2022,"[{""item"":""http://dummyimage.com/192x100.png/ff4444/ffffff""},{""item"":""http://dummyimage.com/160x100.png/cc0000/ffffff""},{""item"":""http://dummyimage.com/158x100.png/5fa2dd/ffffff""},{""item"":""http://dummyimage.com/124x100.png/5fa2dd/ffffff""}]",977
978,Solar Garden Lights,1832.77,Outdoor,Energy-efficient lights that charge during the day and illuminate at night.,new,Isabella,cash,(555) 123-9876,false,9/5/2021,6/3/2022,"[{""item"":""http://dummyimage.com/231x100.png/cc0000/ffffff""},{""item"":""http://dummyimage.com/218x100.png/dddddd/000000""},{""item"":""http://dummyimage.com/114x100.png/5fa2dd/ffffff""}]",978
979,Casual Cropped Sweater,9952.4,Clothing - Sweaters,A trendy cropped sweater perfect for a casual look.,new,Murchison,credit_card,name@email.com,true,11/20/2023,4/3/2023,"[{""item"":""http://dummyimage.com/121x100.png/cc0000/ffffff""},{""item"":""http://dummyimage.com/150x100.png/ff4444/ffffff""},{""item"":""http://dummyimage.com/116x100.png/cc0000/ffffff""},{""item"":""http://dummyimage.com/236x100.png/ff4444/ffffff""},{""item"":""http://dummyimage.com/199x100.png/ff4444/ffffff""},{""item"":""http://dummyimage.com/216x100.png/dddddd/000000""}]",979
980,Frozen Chicken Nuggets,9214.82,Food - Frozen Foods,Crispy chicken nuggets for quick meals.,used,Isabella,paypal,name@email.com,false,12/2/2023,2/24/2025,"[{""item"":""http://dummyimage.com/153x100.png/5fa2dd/ffffff""}]",980
981,Honey Sesame Chicken Mix,2279.69,Food - Frozen Meals,A meal kit featuring tender chicken with honey sesame sauce.,used,City-Vista,credit_card,(555) 123-9876,false,10/6/2021,11/4/2020,"[{""item"":""http://dummyimage.com/176x100.png/ff4444/ffffff""},{""item"":""http://dummyimage.com/141x100.png/cc0000/ffffff""},{""item"":""http://dummyimage.com/111x100.png/ff4444/ffffff""},{""item"":""http://dummyimage.com/143x100.png/5fa2dd/ffffff""},{""item"":""http://dummyimage.com/213x100.png/ff4444/ffffff""},{""item"":""http://dummyimage.com/245x100.png/cc0000/ffffff""}]",981
982,Mini Air Purifier,58.14,Health,Battery-operated air purifier for small spaces.,used,Murchison,cash,name@email.com,true,10/25/2022,7/19/2022,"[{""item"":""http://dummyimage.com/138x100.png/cc0000/ffffff""},{""item"":""http://dummyimage.com/102x100.png/dddddd/000000""},{""item"":""http://dummyimage.com/216x100.png/dddddd/000000""},{""item"":""http://dummyimage.com/174x100.png/ff4444/ffffff""}]",982
983,Cinnamon Roll Kit,4733.79,Food - Baking,Everything you need to make melt-in-your-mouth cinnamon rolls at home.,new,Isabella,cash,name@email.com,true,4/20/2024,1/10/2020,"[{""item"":""http://dummyimage.com/125x100.png/ff4444/ffffff""},{""item"":""http://dummyimage.com/102x100.png/dddddd/000000""},{""item"":""http://dummyimage.com/226x100.png/dddddd/000000""},{""item"":""http://dummyimage.com/171x100.png/5fa2dd/ffffff""}]",983
984,Yoga Mat,1999.9,Fitness,Non-slip yoga mat for optimal grip and comfort.,used,Isabella,credit_card,t.user123,false,1/4/2025,11/26/2023,"[{""item"":""http://dummyimage.com/104x100.png/dddddd/000000""}]",984
985,Lentil Vegetable Stew,7820.6,Food - Canned Soups,"Hearty stew made with lentils and mixed vegetables, vegan-friendly.",new,Murchison,cash,t.user123,false,12/29/2022,4/18/2024,[],985
986,Cacao Nibs,8289.71,Food - Baking,"Crunchy cacao nibs, great for adding to smoothies or baking.",used,Isabella,paypal,name@email.com,false,11/14/2024,7/15/2023,"[{""item"":""http://dummyimage.com/111x100.png/cc0000/ffffff""},{""item"":""http://dummyimage.com/140x100.png/5fa2dd/ffffff""}]",986
987,Outdoor Adventure Kit,2477.64,Outdoor,Complete outdoor kit for camping and hiking.,used,Murchison,cash,name@email.com,true,4/16/2020,3/8/2020,"[{""item"":""http://dummyimage.com/113x100.png/ff4444/ffffff""},{""item"":""http://dummyimage.com/225x100.png/dddddd/000000""},{""item"":""http://dummyimage.com/241x100.png/dddddd/000000""},{""item"":""http://dummyimage.com/180x100.png/cc0000/ffffff""},{""item"":""http://dummyimage.com/194x100.png/5fa2dd/ffffff""}]",987
988,Spinach and Cheese Quiche,9609.72,Food - Prepared Meals,Savory quiche loaded with spinach and cheese.,new,Myrtle,credit_card,t.user123,true,4/13/2020,4/12/2025,"[{""item"":""http://dummyimage.com/145x100.png/ff4444/ffffff""},{""item"":""http://dummyimage.com/194x100.png/5fa2dd/ffffff""},{""item"":""http://dummyimage.com/228x100.png/ff4444/ffffff""},{""item"":""http://dummyimage.com/146x100.png/5fa2dd/ffffff""},{""item"":""http://dummyimage.com/193x100.png/5fa2dd/ffffff""},{""item"":""http://dummyimage.com/163x100.png/ff4444/ffffff""}]",988
989,Butternut Squash Soup,2250.36,Food - Soups,"Creamy and delicious soup made with real butternut squash, ready to heat.",new,Isabella,paypal,name@email.com,true,10/2/2022,10/6/2025,"[{""item"":""http://dummyimage.com/110x100.png/ff4444/ffffff""},{""item"":""http://dummyimage.com/220x100.png/5fa2dd/ffffff""},{""item"":""http://dummyimage.com/220x100.png/cc0000/ffffff""},{""item"":""http://dummyimage.com/187x100.png/cc0000/ffffff""}]",989
990,Travel Eye Mask with Ear Plugs,2250.1,Travel,Comfortable eye mask that includes noise-canceling ear plugs.,new,Isabella,cash,name@email.com,true,10/13/2022,8/22/2021,"[{""item"":""http://dummyimage.com/150x100.png/dddddd/000000""},{""item"":""http://dummyimage.com/203x100.png/dddddd/000000""},{""item"":""http://dummyimage.com/221x100.png/dddddd/000000""},{""item"":""http://dummyimage.com/174x100.png/5fa2dd/ffffff""},{""item"":""http://dummyimage.com/210x100.png/cc0000/ffffff""},{""item"":""http://dummyimage.com/169x100.png/ff4444/ffffff""}]",990
991,Silicone Baking Mats,5876.1,Kitchen,Reusable silicone mats for non-stick baking.,used,City-Vista,cash,name@email.com,false,4/29/2020,4/19/2020,"[{""item"":""http://dummyimage.com/186x100.png/5fa2dd/ffffff""},{""item"":""http://dummyimage.com/223x100.png/dddddd/000000""},{""item"":""http://dummyimage.com/200x100.png/5fa2dd/ffffff""},{""item"":""http://dummyimage.com/134x100.png/cc0000/ffffff""}]",991
992,Compact Hair Dryer,6362.16,Beauty,Lightweight hair dryer with multiple speed settings.,new,Isabella,paypal,t.user123,false,5/15/2022,11/28/2021,[],992
993,Electric Pressure Washer,9463.07,Home Improvement,Powerful electric pressure washer for deep cleaning.,used,City-Vista,credit_card,name@email.com,true,3/23/2023,1/13/2021,[],993
994,Chicken Sausage,468.34,Food - Meat,"Flavorful chicken sausage, low in fat and fully cooked.",used,Murchison,cash,name@email.com,false,11/28/2024,2/5/2025,"[{""item"":""http://dummyimage.com/137x100.png/dddddd/000000""},{""item"":""http://dummyimage.com/153x100.png/dddddd/000000""},{""item"":""http://dummyimage.com/152x100.png/cc0000/ffffff""}]",994
995,Chocolate Dipped Fruit,1500.25,Food - Snacks,"Fruits dipped in rich chocolate, perfect for desserts.",used,Isabella,cash,name@email.com,true,7/27/2024,3/13/2023,"[{""item"":""http://dummyimage.com/127x100.png/ff4444/ffffff""},{""item"":""http://dummyimage.com/149x100.png/cc0000/ffffff""},{""item"":""http://dummyimage.com/167x100.png/dddddd/000000""}]",995
996,Window Blinds,9234.0,Home,Adjustable window blinds for privacy and light control.,used,Murchison,cash,name@email.com,true,8/15/2025,1/3/2023,"[{""item"":""http://dummyimage.com/110x100.png/ff4444/ffffff""},{""item"":""http://dummyimage.com/104x100.png/ff4444/ffffff""},{""item"":""http://dummyimage.com/122x100.png/ff4444/ffffff""},{""item"":""http://dummyimage.com/131x100.png/5fa2dd/ffffff""},{""item"":""http://dummyimage.com/223x100.png/ff4444/ffffff""},{""item"":""http://dummyimage.com/233x100.png/5fa2dd/ffffff""}]",996
997,Fitness Tracker with Heart Rate Monitor,7321.11,Fitness,Wearable device to track fitness activities and heart rate.,new,Myrtle,credit_card,(555) 123-9876,true,12/5/2024,11/22/2021,"[{""item"":""http://dummyimage.com/243x100.png/cc0000/ffffff""},{""item"":""http://dummyimage.com/225x100.png/cc0000/ffffff""},{""item"":""http://dummyimage.com/163x100.png/ff4444/ffffff""},{""item"":""http://dummyimage.com/209x100.png/ff4444/ffffff""},{""item"":""http://dummyimage.com/143x100.png/5fa2dd/ffffff""}]",997
998,Kitchen Scale,3598.89,Kitchen,Digital scale for precise cooking measurements.,used,Myrtle,cash,name@email.com,true,6/5/2023,1/3/2025,"[{""item"":""http://dummyimage.com/130x100.png/5fa2dd/ffffff""},{""item"":""http://dummyimage.com/129x100.png/5fa2dd/ffffff""}]",998
999,Mini Air Hockey Table,2155.13,Toys,Fun tabletop air hockey for home or office.,used,Murchison,credit_card,(555) 123-9876,true,5/1/2022,1/10/2022,"[{""item"":""http://dummyimage.com/232x100.png/5fa2dd/ffffff""}]",999
1000,Cucumber Lime Sparkling Water,984.19,Food - Beverages,Refreshing sparkling water with cucumber and lime flavor.,new,Myrtle,credit_card,t.user123,false,11/26/2020,12/19/2025,"[{""item"":""http://dummyimage.com/105x100.png/5fa2dd/ffffff""},{""item"":""http://dummyimage.com/193x100.png/dddddd/000000""},{""item"":""http://dummyimage.com/127x100.png/cc0000/ffffff""},{""item"":""http://dummyimage.com/172x100.png/5fa2dd/ffffff""},{""item"":""http://dummyimage.com/217x100.png/5fa2dd/ffffff""}]",1000
