user_id,first_name,last_name,email,phone,role,pass_hash,created_at,profile_photo,email_verified
1,Gerda,Stooke,gstooke0@webeden.co.uk,913-515-3465,user,$2a$04$e8ZqCfHDDXVdItoCZU6.OO.cyReuf5IpiFOzqc8uJQjttmT1YGBTm,10/29/2023,https://robohash.org/quamvoluptatemquis.png?size=50x50&set=set1,false
2,Alene,Ortiger,aortiger1@icio.us,205-466-9791,admin,$2a$04$WMi88lWMCgFL6vsPXx6cZujdho.4JcCjJ4ch7tcT2TkhTAp2jzwqm,9/7/2017,https://robohash.org/vitaepraesentiumfacere.png?size=50x50&set=set1,true
3,Eb,Haws,ehaws2@ifeng.com,493-692-3734,admin,$2a$04$fCMMLti/E4yKzEwx9S24VeVUo3EMOKKneLc4s5Ow4jLwab5PTaiXq,12/11/2019,https://robohash.org/atqueeumplaceat.png?size=50x50&set=set1,false
4,Josephine,Hadgraft,jhadgraft3@alexa.com,287-459-3582,admin,$2a$04$PPLN17QvlYfWCNmyv2oBSe2lRrXTz8jTCvJbg6UMw4GN7hdZXoBcm,1/20/2024,https://robohash.org/nobisasperioresmollitia.png?size=50x50&set=set1,false
5,Harland,Stewartson,hstewartson4@theguardian.com,796-469-4098,user,$2a$04$o/ilvjkMu1EcP4LaKFIqFuDX6jjSs/BXcJruw.yrYv27MvmtW5.my,11/4/2015,https://robohash.org/quiaquossapiente.png?size=50x50&set=set1,false
6,Baudoin,Robillard,brobillard5@addtoany.com,153-977-5617,admin,$2a$04$fYIklJSslsQl3nCNekdTAuaVqr92upFYmVDS0H1CaAAkKxAQ2P1Uu,10/13/2016,https://robohash.org/illumliberoreiciendis.png?size=50x50&set=set1,false
7,Hernando,Iori,hiori6@sphinn.com,756-405-7480,admin,$2a$04$LvbeKahcxtUNCrtF6dKKHeITv.45vjJ6pKFhreg4v/.dl/yxueXdG,8/17/2016,https://robohash.org/dolorumprovidentsit.png?size=50x50&set=set1,true
8,Mollee,Broun,mbroun7@constantcontact.com,239-968-5421,admin,$2a$04$wEqob0D4XqZ85i44OkUbseBX4.oysH8qVmrZCNl37xWHEd9.G8nBS,3/16/2022,https://robohash.org/omnisnatustempore.png?size=50x50&set=set1,false
9,Ole,Bunson,obunson8@lycos.com,706-284-1884,admin,$2a$04$kiSZz.2K42KXWJ1.Of/2/u9PrH2.C3Wj6L0MJZv76YjVnmppJpdLW,5/31/2022,https://robohash.org/inciduntautdoloribus.png?size=50x50&set=set1,true
10,Margy,Eathorne,meathorne9@facebook.com,634-622-3413,admin,$2a$04$yGQoH7WjucL61TnxgDwByOfV4C30/W625CzdY1koUGm3PSS.kQIEC,10/25/2023,https://robohash.org/nihildelectusenim.png?size=50x50&set=set1,true
11,Cecily,Robiot,crobiota@youku.com,131-336-7314,user,$2a$04$fp15uqUCio83mhqhkpF/JOahEsZcBrgcliW4lhB1qf8raHJVBwvju,7/24/2017,https://robohash.org/beataequiamollitia.png?size=50x50&set=set1,true
12,Ardella,Stuehmeyer,astuehmeyerb@amazon.co.jp,481-169-2174,admin,$2a$04$kjvEl8aCefQe/yYjTTkIwOXaCpTcdqX6qGIVEbwU8y/oWPZL2iBDi,4/21/2023,https://robohash.org/sedminimased.png?size=50x50&set=set1,false
13,Lurlene,Spellessy,lspellessyc@w3.org,383-901-2397,user,$2a$04$G6iqmurYrrirXGFb2mwaqOdwq2XDlkgCP8BjHX/TQSlyvCmkEMqv2,9/2/2017,https://robohash.org/autquiaconsequatur.png?size=50x50&set=set1,false
14,Connie,Witter,cwitterd@addthis.com,960-676-7818,admin,$2a$04$Kf6teKTjykjLU9ZhFbWnWuk8J770DBXnOzIEqc0CMZog61vLsem7C,6/16/2021,https://robohash.org/utrerumnatus.png?size=50x50&set=set1,true
15,Erhart,Hubbock,ehubbocke@umn.edu,763-503-8929,user,$2a$04$MQYt/NPjW/JCfmdvbiJTh.wmOyIUNd9NS03MSffIddf57N5Z761Tq,9/16/2016,https://robohash.org/ipsasequiratione.png?size=50x50&set=set1,true
16,Kincaid,Chettle,kchettlef@samsung.com,893-560-7999,admin,$2a$04$1KzNo3iUjZYQWTOfg.qOSeIomwzlKZQAoNV2Qz9a0PAzvTTEkALQW,7/20/2015,https://robohash.org/estdignissimosat.png?size=50x50&set=set1,false
17,Dominik,O' Cloney,docloneyg@columbia.edu,986-955-0616,admin,$2a$04$2Tr2lM0SpKhuCGC8D/QP1eZVE7xpRO7AyXR4Caqy2cSdOfG4tFc22,12/12/2020,https://robohash.org/laudantiumducimusdolor.png?size=50x50&set=set1,true
18,Karyl,Killford,kkillfordh@sfgate.com,572-349-1358,admin,$2a$04$yfXFQObkDgkaNtj7TN70ful.I/4i3TNYtmJSg3IFDtzbqaw7h3Sja,7/24/2024,https://robohash.org/inciduntnobisprovident.png?size=50x50&set=set1,true
19,Zebadiah,Palle,zpallei@lycos.com,441-620-5541,user,$2a$04$hFDvJLRYL.Pv6DLIziKXO.g99UN79gGWiVmOJYuNk07xkJzufTA66,11/4/2020,https://robohash.org/rerumsolutaperspiciatis.png?size=50x50&set=set1,true
20,Jany,Regelous,jregelousj@spotify.com,682-786-8170,admin,$2a$04$LIMhva7/hdPs2PMX/1E2k.pmr4GhH61ZNfK7TcLvRTorz4r5mhR0e,12/3/2023,https://robohash.org/ullamcommodimolestiae.png?size=50x50&set=set1,false
21,Ber,Stitcher,bstitcherk@weather.com,588-521-1845,admin,$2a$04$t87vsjjOSVA6JlWQpprqO.D5LPxyp7GsMMux2407rqtmdiOG5tsRe,12/17/2025,https://robohash.org/magnioptiovoluptatibus.png?size=50x50&set=set1,true
22,Clarisse,Redmille,credmillel@geocities.com,928-176-9760,user,$2a$04$ybqRn64eaYDW.jYR6TXofuG8tbWjjOZI/LOtFODC79VwbK5ghRuYS,11/3/2021,https://robohash.org/quorepellatasperiores.png?size=50x50&set=set1,true
23,Francyne,Georgelin,fgeorgelinm@theatlantic.com,880-573-3397,user,$2a$04$YgHws6sO3e.XNxWgkcjk0eE0m.Nl1rQhxZyKMaVx1.X6C4f8rHKce,2/1/2015,https://robohash.org/omnislaboremaxime.png?size=50x50&set=set1,true
24,Sherie,Tuckey,stuckeyn@zdnet.com,141-790-6864,admin,$2a$04$nM54mojHAvuVpiZTAloKtO5cSHZoNjDSkJuiu6YHrRPk1JxSvFRMC,11/2/2015,https://robohash.org/consequaturdoloresse.png?size=50x50&set=set1,true
25,Humfrid,Emmens,hemmenso@webmd.com,158-600-1541,user,$2a$04$XfWOB5QeiSUknlgHHDri2ORjClWrZda4nGgY8fQ1WxM1XcKBbaDgK,12/5/2016,https://robohash.org/temporibusetprovident.png?size=50x50&set=set1,true
26,Angeline,Cockling,acocklingp@google.cn,825-940-6514,user,$2a$04$tQ5Lvdl9pxU16P62OPFAmuty7ougIEX8yli36GzwQNavYWz8TsuCm,11/22/2018,https://robohash.org/explicabodoloreos.png?size=50x50&set=set1,false
27,Malvin,Arnecke,marneckeq@japanpost.jp,959-725-2362,user,$2a$04$cptC1Lqp1Y.sjF9ZlPBxQ.6zYv3PVHcUs6o3b693Vu6M0jgZi4KdK,4/21/2018,https://robohash.org/quiducimusratione.png?size=50x50&set=set1,true
28,Gunar,Lantry,glantryr@paginegialle.it,607-831-9356,admin,$2a$04$xamZ3h6P8iu.MsNOyiyI8exBCfqLaYn6QNTaBcDXnnX9S0QRYxJ2u,9/3/2023,https://robohash.org/voluptatemquisquamtotam.png?size=50x50&set=set1,false
29,Berty,Blofield,bblofields@marriott.com,966-404-4161,admin,$2a$04$CMoFzX6BPUrzYUY0CjFIwuo0gqStRhQtczePEECbpoiZvYQqINsHy,7/4/2022,https://robohash.org/estsitvel.png?size=50x50&set=set1,true
30,Burt,Bremmell,bbremmellt@hhs.gov,816-670-8629,user,$2a$04$Ux/KYL1bOXLdTDcwnZOZSOaKbCbfMzoAwZxy2X5IGmv0mIO3QLe4C,6/3/2024,https://robohash.org/nesciuntametatque.png?size=50x50&set=set1,true
31,Nels,Mack,nmacku@chicagotribune.com,990-290-8080,admin,$2a$04$23haYKgPYLTR12gk2iDWnuH22mdcuKvHfgSi.nDblX7eYWRztK3YG,11/22/2018,https://robohash.org/asperioresnobisreprehenderit.png?size=50x50&set=set1,false
32,Brittany,Syseland,bsyselandv@blogtalkradio.com,172-768-0042,user,$2a$04$kVc0lBufix/Vmp4tIXTXmuffyJhdXbnm/WpcFEBKwf7l3i54PuqQ2,4/10/2021,https://robohash.org/iustotemporearchitecto.png?size=50x50&set=set1,true
33,Zeb,Straine,zstrainew@theglobeandmail.com,115-614-0125,admin,$2a$04$9OG/sIhfYT/3e4XOs9vWEeMLDubIT/l1pahOIStv1VEUKQOzZl7jq,6/27/2017,https://robohash.org/temporibusinventorequia.png?size=50x50&set=set1,false
34,Filip,Caisley,fcaisleyx@dagondesign.com,623-181-9951,admin,$2a$04$GspHnxN3NF07pNuFR408GefisPWfTqJwI3/2Fehvu2PuUj/LwOOTK,11/16/2018,https://robohash.org/quiaofficiiserror.png?size=50x50&set=set1,true
35,Yvor,Bricket,ybrickety@typepad.com,618-558-1023,admin,$2a$04$ddNbF5Cl.PxLXgsT33mIAuUJmM8OGodr2h4Wu3btll7MawSWfulrS,12/29/2019,https://robohash.org/fuganonid.png?size=50x50&set=set1,true
36,Earl,Quiddinton,equiddintonz@homestead.com,426-989-2997,user,$2a$04$Xo.J7wM.R3Ywz60xhr4RBeAce8Ai5x/VW7SbNZlL1lyzJWFkLrjSK,10/17/2018,https://robohash.org/quiadictaet.png?size=50x50&set=set1,false
37,Sonni,Giovanitti,sgiovanitti10@etsy.com,820-662-5084,admin,$2a$04$xPUaBnNsx7Vd7LTtWE4VpOTzKCvH2svDgOic31vMGJtWt1C.7uixK,7/19/2020,https://robohash.org/idetsapiente.png?size=50x50&set=set1,true
38,Ritchie,Fortnum,rfortnum11@webs.com,259-457-4047,admin,$2a$04$Gt9M.wU2tMrQxpgOQfwwa.Ac1iMBySHO05cF7LHZ1c9Y.B59AIsJ.,3/4/2020,https://robohash.org/iureillumaliquid.png?size=50x50&set=set1,true
39,Rickie,Sidden,rsidden12@nationalgeographic.com,449-691-8497,admin,$2a$04$iMAX09G3Ihl1SpzFL76hvu6ZPYOBtIeU.sSHTPPYM9ISQaO7dbvlG,6/15/2023,https://robohash.org/rationeetporro.png?size=50x50&set=set1,false
40,Dorelle,Flintoft,dflintoft13@prnewswire.com,835-242-5471,admin,$2a$04$bYMOG5Yqdxyxr4N48yCojuQGZO3z33is6eulC.6XuaXJ3hhqmmp6S,7/31/2017,https://robohash.org/rationevoluptatemadipisci.png?size=50x50&set=set1,false
41,Fremont,Trenbey,ftrenbey14@sourceforge.net,336-936-2304,user,$2a$04$Yyri8t7UrMrLpTIPjjo8hOLgSpk/nV9v3jgrqUA2prkG1eYQwKZC2,8/24/2019,https://robohash.org/quaequasdolore.png?size=50x50&set=set1,true
42,Fleur,Dade,fdade15@flickr.com,675-804-6579,user,$2a$04$wL9888ghoyqvm56p4eyY0ulPW.SXj/tFecU9oZ71O0Sptx4hBfmrW,8/17/2017,https://robohash.org/quioptioquod.png?size=50x50&set=set1,false
43,Arlyne,Ranyelld,aranyelld16@youtube.com,593-245-9128,user,$2a$04$SBA0Shf0ZBfeex7d/pf.AeZQUBlTFsW/chV3fFqOtF7OKnRhakNp2,3/27/2016,https://robohash.org/veletea.png?size=50x50&set=set1,true
44,Jareb,Buckley,jbuckley17@tinypic.com,225-450-2276,user,$2a$04$UDD4/kxdvdZQsT1OkMMle.HSDU.9cyy3wLHxDbdQLtSDbQSTl/K.O,7/30/2021,https://robohash.org/quiavoluptatemvitae.png?size=50x50&set=set1,false
45,Sophie,Pelling,spelling18@google.ca,540-459-3429,admin,$2a$04$H.6HJaMxHUDsTQrQwsJRI.PuFT4f8.Y8e2CL4ZrrhUwj9nqmHjwE.,5/3/2016,https://robohash.org/illoquosed.png?size=50x50&set=set1,false
46,Spence,Elgee,selgee19@flavors.me,560-355-6333,admin,$2a$04$7JMZ2ph8MJ0Vn0Cz3F88qO1TUqa0sacYhXBBPrPG750QYs46/N3Nu,11/30/2021,https://robohash.org/consequaturvoluptatibusvelit.png?size=50x50&set=set1,false
47,Fidel,Quaif,fquaif1a@livejournal.com,788-144-2446,admin,$2a$04$Za9o4GrXlSl/agLVVQurbeUG331Pqca69tflx08V8nXPHLS8GQ47.,3/9/2019,https://robohash.org/hicsequiut.png?size=50x50&set=set1,false
48,Caty,Duxbarry,cduxbarry1b@eepurl.com,958-135-6079,user,$2a$04$wP4dSCUFwYpAFNDlRTgTWeboes7708v33NA4ROw7S1eidNTL7sJqq,9/29/2018,https://robohash.org/magnamdolorrepudiandae.png?size=50x50&set=set1,true
49,Marc,Aaronsohn,maaronsohn1c@dmoz.org,519-262-6680,admin,$2a$04$4xDm.wnRR2SoOkGR59X3/u2fGAoT5EMgtPkVo4HfympglbGaF4Vda,1/29/2021,https://robohash.org/velitexplicabomolestiae.png?size=50x50&set=set1,false
50,Cristobal,Toffalo,ctoffalo1d@acquirethisname.com,506-995-0921,user,$2a$04$OMQKCj5ynLlfYQcuhjsdgeKMrW7sNjE8k9KoLj3soj6yRLzg.2IjO,4/20/2021,https://robohash.org/culpasintamet.png?size=50x50&set=set1,false
51,Shurwood,Leverette,sleverette1e@opensource.org,241-681-7237,user,$2a$04$NHQj.BmcjPHYncmWviwmlO3mdSobhPSHs8ItRVu2HjwkaDCdoqlwa,1/12/2015,https://robohash.org/dolorquiipsam.png?size=50x50&set=set1,true
52,Helenka,Rogeon,hrogeon1f@blogs.com,784-160-1935,admin,$2a$04$s.EdlNeWZWh5JtX4BiJRHuBnOHfNeUbjWIY9kRuuiwROcwdPCIoXK,6/8/2019,https://robohash.org/autducimusdignissimos.png?size=50x50&set=set1,true
53,Bathsheba,Griniov,bgriniov1g@twitpic.com,178-655-4782,user,$2a$04$6GO9TZX8/VgTs04lR4UbUefM88AY05vB2ZNd4IlTNe33z16y2grOS,1/12/2022,https://robohash.org/fugaautreiciendis.png?size=50x50&set=set1,true
54,Berte,Gidley,bgidley1h@naver.com,738-761-6476,admin,$2a$04$ra49n9MnTIHksbTYQLwXHueuK8XUZeE.mUJOchjuR4NvYg.ghiC9C,2/6/2015,https://robohash.org/hicvoluptatumid.png?size=50x50&set=set1,true
55,Janeen,Tween,jtween1i@themeforest.net,733-413-8449,admin,$2a$04$S.WHwvE7.0yvpEFZ65q73usN.l3cq.scTT9YwES/nEQtoqHKzJGhK,9/8/2018,https://robohash.org/eossimiliquein.png?size=50x50&set=set1,false
56,Thayne,Kanter,tkanter1j@booking.com,146-964-4034,admin,$2a$04$qK14oqIntqTfGXrv9ArjeeJfaG.101Di4dOHk5rk6ctFjOlfQ3c4C,2/9/2017,https://robohash.org/nullaexpeditaconsequatur.png?size=50x50&set=set1,false
57,Berny,Drewitt,bdrewitt1k@nsw.gov.au,231-636-1578,user,$2a$04$ZNBqRMLCjWeBCNxy5IR4I.xuQhZeqQAfnOevma8ms.kfP/iR2pXLO,12/6/2022,https://robohash.org/ipsatotamatque.png?size=50x50&set=set1,false
58,Ethel,Pierson,epierson1l@csmonitor.com,722-595-3315,admin,$2a$04$gPyX1JmE2CjWbSIe3FMcl.7zSCQm/HFGAwgkw9nhGqC2DQdFXcaL6,5/20/2022,https://robohash.org/laboriosamrepellatid.png?size=50x50&set=set1,true
59,Minni,Townsend,mtownsend1m@nps.gov,397-398-7268,user,$2a$04$2oUZtUiKMFRRTCONN4go3ODSDCSSauP9Fq.z.0a5/o3zU6SAkjrdq,1/30/2022,https://robohash.org/sitomnisquia.png?size=50x50&set=set1,false
60,Tammy,Armstead,tarmstead1n@spiegel.de,785-367-3371,user,$2a$04$ZltvSPOQRKV9s7iBnQ7vhuoq8DU6.Th1FDA3keFsHgB/YGS.2dDkq,9/7/2016,https://robohash.org/veritatisestatque.png?size=50x50&set=set1,false
61,Addy,Petera,apetera1o@odnoklassniki.ru,304-476-3252,user,$2a$04$VeNF7EAghdLsEF29c.g6QOvBJjFhvblLv0LJrga.VCNdlIesXB3v.,2/2/2015,https://robohash.org/temporadoloreadipisci.png?size=50x50&set=set1,false
62,Latisha,Riddeough,lriddeough1p@tiny.cc,984-568-8069,admin,$2a$04$MVFp2qfdQkjhyIif.Z/tN.LemFx/2A8O7KfXnVyZSP6romfmvRCEm,3/14/2018,https://robohash.org/absitsit.png?size=50x50&set=set1,true
63,Freddie,Canete,fcanete1q@barnesandnoble.com,767-173-0592,admin,$2a$04$x9IfA9C/1jFlhlckGBj5Lu5ZGM5Swg4Qv8uMyC6HjqLqpu0nzJ1.2,8/16/2020,https://robohash.org/harumanimiqui.png?size=50x50&set=set1,false
64,Morgen,Bigley,mbigley1r@amazon.com,536-357-3228,admin,$2a$04$GkYU8Hi8PKnzxnu0vbpP6uEv4vhmU6amMS3yrrRpWHJU1gTSFW.UK,1/20/2025,https://robohash.org/officiisconsequaturdignissimos.png?size=50x50&set=set1,false
65,Garwood,Grisenthwaite,ggrisenthwaite1s@wired.com,549-719-2062,user,$2a$04$onD6TDLko0gK9Sg8iegrEeiep4GfgIRLYy4mDHqdbehPvlY.XuYey,5/5/2015,https://robohash.org/repellatpraesentiumsint.png?size=50x50&set=set1,true
66,Dylan,Ellar,dellar1t@acquirethisname.com,291-234-1138,admin,$2a$04$uYHunwqiofP2N9DJD60vaeCPWkxDPi8v.PgStlhmq/CRiq9jXbzjK,4/21/2021,https://robohash.org/voluptasnullavoluptatem.png?size=50x50&set=set1,false
67,Marita,Kingsford,mkingsford1u@wsj.com,777-643-5427,user,$2a$04$R6OkFz8MN.s4NNJN8V0I5u4dQ..JQtild6IkrJwxEVcRwgVdOuOLC,11/4/2015,https://robohash.org/estdeseruntinventore.png?size=50x50&set=set1,false
68,Devon,Hennington,dhennington1v@canalblog.com,808-202-0395,user,$2a$04$tor04WH12glE1tSVt/zrvOWjkZgMlapm1NPevBcfQ5xOCJqx0pow.,8/27/2016,https://robohash.org/accusamusetomnis.png?size=50x50&set=set1,true
69,Tessie,De Mitris,tdemitris1w@hibu.com,689-317-0316,admin,$2a$04$MIzEKAxuE211HxwqvAeJgOQnuOm7i5MDKVsWOqMi9fw2dfPif/4c6,3/5/2020,https://robohash.org/quinumquamut.png?size=50x50&set=set1,true
70,Cosetta,Lecount,clecount1x@psu.edu,881-543-4783,admin,$2a$04$1tlQTtqAIcNvK8zvYqcteuMLusI.mAAaoc52l3/tA9PYV1rnTqfFa,4/25/2017,https://robohash.org/solutadolorumrerum.png?size=50x50&set=set1,true
71,Maybelle,Absolom,mabsolom1y@timesonline.co.uk,443-175-2276,user,$2a$04$aLuXrSruwyKsv1Eeh9003uAkkiAUCcnISjqdcv7iWl4m5CiTptpci,5/31/2023,https://robohash.org/similiqueasperioressapiente.png?size=50x50&set=set1,false
72,Jobye,Aristide,jaristide1z@woothemes.com,806-725-8264,admin,$2a$04$KA68kJKbA4iufYwfsJVPh.W02ZVwTU5HuRlNg62W4/vhQAjwWJ4Re,5/6/2024,https://robohash.org/beataevoluptatibuscupiditate.png?size=50x50&set=set1,false
73,Abigael,Santori,asantori20@chronoengine.com,983-870-0848,user,$2a$04$96DxIl9E6xWE2WOJqQN9Z.UBbc4FCMwgTIqfjxAJR0XcgXajlmCKy,1/11/2015,https://robohash.org/quoautiste.png?size=50x50&set=set1,false
74,Morganica,Bernardy,mbernardy21@cyberchimps.com,910-591-9390,user,$2a$04$Q1uqw5RJb9O.iu9nLpyixesQC6V/jJZEDfVzniYkOXLrQtGcysw1a,3/30/2024,https://robohash.org/seddolortenetur.png?size=50x50&set=set1,false
75,Nicola,Witcherley,nwitcherley22@example.com,107-695-2601,admin,$2a$04$8nHD637pe21WJYtD1qxNOe8BI7CWcaOzi4G.xWqkikLnzIiYI5RJu,10/29/2019,https://robohash.org/temporetemporibusea.png?size=50x50&set=set1,true
76,Paquito,von Grollmann,pvongrollmann23@uol.com.br,631-560-1984,user,$2a$04$5L1JZypyc6aAO3E/XoGypeGRJb5QVWJeEsk93mNhDYJIvdcjt4mxu,2/17/2015,https://robohash.org/estabsit.png?size=50x50&set=set1,false
77,Willetta,Brecknell,wbrecknell24@slashdot.org,505-856-8524,user,$2a$04$tbZO/blCN54YXX0zlkB6vu./LWkiSRXAHOn5H7LaC/39Bw0MkDmIG,3/29/2016,https://robohash.org/inciduntisteaspernatur.png?size=50x50&set=set1,true
78,Adena,Niemiec,aniemiec25@telegraph.co.uk,783-364-3540,admin,$2a$04$TilWQT0L2y68v0S6YL5A4.5g5bfEg5UpT6J8mrkORGTBMsMstWeQu,10/27/2017,https://robohash.org/asperioresinventoreiusto.png?size=50x50&set=set1,false
79,Otes,Jiruca,ojiruca26@comcast.net,557-306-8679,user,$2a$04$nLYceqMkhhJBBWmtOXQKRu8egs72FrGE5RQEKwtlY/M/FZlkyPzXy,6/20/2022,https://robohash.org/quoetsed.png?size=50x50&set=set1,true
80,Evelina,Leyland,eleyland27@nymag.com,202-420-4798,user,$2a$04$B063MPFNvDVMdNwT6XfEvOibZL4j0eclz3Iqr2Ft999.G/kNvnMYK,3/11/2023,https://robohash.org/deseruntconsequaturofficiis.png?size=50x50&set=set1,true
81,Claudius,Chaters,cchaters28@samsung.com,928-495-4226,admin,$2a$04$29m57jWYVtijK9e2apz8ROXQse.cKtcOqAFOdJ7UuWACHOXsSCx0a,11/25/2015,https://robohash.org/estenimrepudiandae.png?size=50x50&set=set1,true
82,Lynn,McGuiney,lmcguiney29@ucsd.edu,118-169-1216,user,$2a$04$qV1WUot4RixH5T0dCHP0/uXn0MYqoMfHR5X9.0ansG7HebKbi7mpW,8/22/2025,https://robohash.org/perspiciatisoccaecatiharum.png?size=50x50&set=set1,false
83,Sinclare,Wyborn,swyborn2a@oracle.com,782-137-2170,user,$2a$04$KoaObAhaVMBhj05VHk7/tOM4RbGuWmeSHs0V8NEhSFm3HsyO322bC,11/27/2020,https://robohash.org/possimusmagnamaccusantium.png?size=50x50&set=set1,true
84,Augy,McCluney,amccluney2b@mysql.com,290-956-1298,admin,$2a$04$P7W8s6vTl5LVgsycniWURevSq6j/s4nGg0tNLu826xYbJkkoIBfIy,8/5/2022,https://robohash.org/laboriosamautnesciunt.png?size=50x50&set=set1,false
85,Lyssa,Vasilischev,lvasilischev2c@vinaora.com,672-615-8393,user,$2a$04$1y2Q/HQwWqSKSXKQVTMiBu88HVYKKEKlcfXVBS7Td5pBbbRGLBVke,2/1/2015,https://robohash.org/etametsapiente.png?size=50x50&set=set1,true
86,Chaddie,Feeny,cfeeny2d@paginegialle.it,504-947-8451,user,$2a$04$QvTZpJyPOHV2YHnwc7SJEO49QCjpcyLp7TDJt6g61vXc89uBhnWnW,3/3/2015,https://robohash.org/culpaquaeratnemo.png?size=50x50&set=set1,true
87,Tallulah,Richardt,trichardt2e@de.vu,845-694-7118,admin,$2a$04$U1rGOFlWeadEYIcmbzNSTugGUdvxH.cirLog.Ysjx2uDguNLxukNK,8/2/2020,https://robohash.org/ducimusetcupiditate.png?size=50x50&set=set1,false
88,Clarice,Sillars,csillars2f@phpbb.com,140-846-3455,admin,$2a$04$fM7zYyEcrIG/4rsV707IpenoCyU6F3dJTepvjBVA9wMKOvcONWtUu,2/21/2021,https://robohash.org/fugavoluptasdolores.png?size=50x50&set=set1,true
89,Milty,Cobbin,mcobbin2g@wp.com,290-927-5347,admin,$2a$04$73JiH2.vfQVII/8fpE6mi.k89cwtcdUKus5WsvDpjjUE4vTtora7m,8/13/2024,https://robohash.org/doloresconsequaturreiciendis.png?size=50x50&set=set1,true
90,Sloane,Ewings,sewings2h@newyorker.com,782-854-6056,user,$2a$04$333f99hJZkDJGPROhzO7L.zCarOPGawDKS8T7lhJZVzNG.VI4xq6u,11/25/2024,https://robohash.org/nisiidfacere.png?size=50x50&set=set1,false
91,Cari,Feavearyear,cfeavearyear2i@ft.com,628-354-2714,admin,$2a$04$OCie8wue/TikrhK.geyu6eivL/TrTpGkDV3bo4yWEksL7UaQWoxQC,12/13/2016,https://robohash.org/utnullaquos.png?size=50x50&set=set1,false
92,Donn,Seakings,dseakings2j@printfriendly.com,894-319-8071,admin,$2a$04$VUSCLSS9/ReJP9KHvDL3D.xe/tGhbn4sJA523/rNGQ3t4lw5ABiie,12/21/2019,https://robohash.org/optioetfacilis.png?size=50x50&set=set1,false
93,Sherwynd,Kitney,skitney2k@mashable.com,940-575-2388,user,$2a$04$UwzLLrH/vr4lzJeN5L7CKONABJKOaggAiVyEk7Iu7kp50q7f9L5Ty,6/23/2018,https://robohash.org/similiqueetalias.png?size=50x50&set=set1,true
94,Adelaida,St. Aubyn,astaubyn2l@scientificamerican.com,669-395-3067,user,$2a$04$wje.NXPnFqs6L57xEJUpn.8TLQxctOsELGZtSlnmdyBnTP1yK9D42,12/13/2018,https://robohash.org/doloremeumquis.png?size=50x50&set=set1,false
95,Sarina,Cartmale,scartmale2m@scientificamerican.com,851-583-9951,admin,$2a$04$Tl//qo7KhY2EGggmvXq.PuDAlgHKG7Rf1phMxlyxTOqzumF2qq3Ga,2/11/2024,https://robohash.org/vellaboriosamullam.png?size=50x50&set=set1,true
96,Cash,Cymper,ccymper2n@wikispaces.com,920-743-3242,admin,$2a$04$pKdHjRTDbE7cBco2Ib1Zvu4CB8SV6U70ah7hTTsOkW3l1VPk3PvUy,7/17/2015,https://robohash.org/saepeerrormodi.png?size=50x50&set=set1,false
97,Sada,Dinse,sdinse2o@engadget.com,206-882-2943,admin,$2a$04$6nZYCwa9oU.ZzhLo3gEX1uFFR9HnHOFNi6S5sRWdzrNzPYbGMgMPK,11/1/2015,https://robohash.org/sitautvoluptas.png?size=50x50&set=set1,false
98,Tony,McBrier,tmcbrier2p@dmoz.org,482-280-5882,user,$2a$04$OjoMUp3oGrY.0A9ngfBZYOLzoZULGgwrtP2z0dxS8LcLU3JXq9cq.,9/27/2020,https://robohash.org/distinctioquaevoluptatem.png?size=50x50&set=set1,true
99,Lutero,Mobius,lmobius2q@kickstarter.com,687-900-6513,user,$2a$04$KyaX1nCHthUr2LYa8AYDB.ekUQ5XCSKtQrlGxGCvoaNCQmxLEnkdG,10/18/2021,https://robohash.org/nostrumcumesse.png?size=50x50&set=set1,true
100,Micheal,McCartan,mmccartan2r@webnode.com,275-121-3719,admin,$2a$04$WtIRkcfy23bsFw9s4I6Mn.9ExevoRZlg6kTguIh3k0RabS94nOHr.,5/5/2019,https://robohash.org/quinamincidunt.png?size=50x50&set=set1,true
101,Gusella,Stitwell,gstitwell2s@php.net,905-194-1163,user,$2a$04$GSdavakdhRfdVD/eDUV0NeE9z8Hq8GGZS/GXZjGJU9U8l1EP38KZG,7/20/2022,https://robohash.org/quasinobiscumque.png?size=50x50&set=set1,false
102,Jelene,Grieg,jgrieg2t@businessinsider.com,915-215-3085,user,$2a$04$zUxAaAk5kSgnKzlKskzE/uzTvfMIsppeKn26huadkoOOIWIH9jvt.,1/19/2017,https://robohash.org/magnieosmodi.png?size=50x50&set=set1,true
103,Jemmie,Bulbeck,jbulbeck2u@vistaprint.com,535-369-7023,admin,$2a$04$t.JuMQ8Vi.B56RmlgRt6h.vfL1R6Ra731/90moqoF0r5Ekv531tpe,5/31/2021,https://robohash.org/dictaeumut.png?size=50x50&set=set1,true
104,Matilda,Eixenberger,meixenberger2v@icq.com,385-835-1522,admin,$2a$04$y/b2poHEC5o6Aa4DnjZOfu.Dd7lgI7qKgHv/5WbpCYnFnh0NwanKO,12/31/2017,https://robohash.org/quiaducimusnon.png?size=50x50&set=set1,false
105,Drud,Tesimon,dtesimon2w@constantcontact.com,953-424-0127,user,$2a$04$Mb3G1P9nw4fPAo3KA.nN0.VgzgKc2fGiyv9Vxe0hDGH4pWBMGWVKK,10/26/2023,https://robohash.org/molestiaedistinctiofugit.png?size=50x50&set=set1,false
106,Dorey,Tash,dtash2x@howstuffworks.com,443-975-0687,admin,$2a$04$1t.861oKRXfM2OaXaAeKMewuluLO3/p9Y63ucnTr3YjKpdtia9Pl6,6/21/2019,https://robohash.org/delenitiexercitationemblanditiis.png?size=50x50&set=set1,false
107,Thatcher,Hryskiewicz,thryskiewicz2y@skyrock.com,140-575-6662,admin,$2a$04$B.ax6e6lhubPeaFdJ6UwoeB9.PQpob5NiQQEhgQ4XZv9k9dLQK8uO,9/21/2019,https://robohash.org/quasiperferendisminus.png?size=50x50&set=set1,true
108,Gilburt,Simon,gsimon2z@dropbox.com,608-251-8678,user,$2a$04$hcoHelEOrtENp1ff5fb.7uSM2D9/TB/dJWa8tHeiaxuFbB4ykkEAu,4/28/2020,https://robohash.org/enimeasuscipit.png?size=50x50&set=set1,false
109,Cobby,Abrahm,cabrahm30@instagram.com,414-856-2344,admin,$2a$04$.kMuUe6pJJIwkCBCbF2KzOcaBzWPhIFYMO1NaVQQZwEwvYK1qbkr2,4/19/2025,https://robohash.org/eaaliquamsapiente.png?size=50x50&set=set1,true
110,Carolina,Spens,cspens31@wunderground.com,952-702-9270,admin,$2a$04$5EjTDubvoCtQolkUewM.h.lDjuui4iv2DFB0tKam77oO.zVe9GVPe,1/6/2015,https://robohash.org/solutaametsint.png?size=50x50&set=set1,true
111,Janeta,Ferson,jferson32@ow.ly,436-716-7028,admin,$2a$04$Zfgw/vvkhTr0A4bfLyKZOeZF3YEBAGsqZI7jv93tyNDJ1GECaoa3a,9/5/2019,https://robohash.org/temporarationeearum.png?size=50x50&set=set1,false
112,Randy,Allso,rallso33@yolasite.com,709-140-3671,admin,$2a$04$7pKCGAwMs2dkyPl.tOEjQeXHLU/5.R.9kGaNuMuemspFs3L/4bV2m,10/29/2015,https://robohash.org/sintvoluptasexplicabo.png?size=50x50&set=set1,true
113,Benedicta,Axby,baxby34@chronoengine.com,230-121-9506,user,$2a$04$VbQaZmHAZrJcpCUHlzYo8ekknh7xUCG28ACwyH3NJKv.RU.TlVLPK,9/11/2019,https://robohash.org/velitautemmolestiae.png?size=50x50&set=set1,false
114,Talbot,Wasbrough,twasbrough35@miibeian.gov.cn,201-759-2232,user,$2a$04$mUXRVFUon3eb/13SNYtYGuUKWFzrZAgvsaH6FMbzzp3oz6MaWzrqq,1/11/2024,https://robohash.org/nihilcorporisfacere.png?size=50x50&set=set1,true
115,Haley,Maskall,hmaskall36@artisteer.com,720-799-6046,user,$2a$04$HwWsi.JhFbKyjS1hjft8jOMgV5HLLvtYQnRJ8c7RnIJuVvcPC398a,12/16/2022,https://robohash.org/officiarepellatexplicabo.png?size=50x50&set=set1,false
116,Ailyn,Chritchlow,achritchlow37@google.ru,449-982-9204,user,$2a$04$5jnGkmeadAlZUOuavQ8WmeCm6KvWemUr5qFHPyvNog.wP4WR//.NC,8/1/2019,https://robohash.org/accusantiummagniveritatis.png?size=50x50&set=set1,false
117,Gillian,Pressnell,gpressnell38@dailymail.co.uk,198-508-6092,user,$2a$04$K/p1N3yGnEfmpmQKRHgdBOAhwa/zvrgH1D5T3u1eppgt3vnqmhzq2,2/21/2020,https://robohash.org/abinventoredelectus.png?size=50x50&set=set1,false
118,Andria,Stops,astops39@un.org,540-661-7122,user,$2a$04$9IZpRBbNrOUYqIUOQbGibeYhuC1.T7pOX2DVNyZw9GN5jeqHLZ3mC,11/10/2018,https://robohash.org/sitvoluptatemaiores.png?size=50x50&set=set1,false
119,Gradeigh,Mundy,gmundy3a@gov.uk,808-440-4884,admin,$2a$04$WwGA.YozcSRWiFgJiobDUemzqiwoEjklrwWttF4Vf4zu9E4bXjEEi,11/15/2022,https://robohash.org/suscipitquiiure.png?size=50x50&set=set1,true
120,Gualterio,Spurdle,gspurdle3b@howstuffworks.com,364-303-2048,user,$2a$04$8ZbdTfrSpmvX/eizoH79yOfHGCKAeFfF2TICtuJ9qW.SJEFduMkv6,7/13/2017,https://robohash.org/fugiatpossimusquia.png?size=50x50&set=set1,false
121,Melita,Chiswell,mchiswell3c@cnet.com,581-984-3030,admin,$2a$04$KU4KyXlR.8TS6xel2mhLUubQpDV9cMB.7s7o/tfPRFdqnrVCkNkQm,7/2/2025,https://robohash.org/necessitatibusdelectusminima.png?size=50x50&set=set1,false
122,Costa,Weatherup,cweatherup3d@skyrock.com,263-138-4965,admin,$2a$04$tkylATWdNPNYXv77p.7rR.nUjWQIyRFY5LEeVo9xprpaadWzpc.hW,11/21/2024,https://robohash.org/atquenulladoloribus.png?size=50x50&set=set1,false
123,Jasmina,Badland,jbadland3e@vk.com,395-186-7897,user,$2a$04$S8ahJFOKveLAQCL9qVMN0.Ewr.lO9IjmPFipuOUvUNssNz/ABUTIW,10/27/2024,https://robohash.org/sedaeius.png?size=50x50&set=set1,false
124,Rhetta,Barritt,rbarritt3f@sbwire.com,931-405-9550,user,$2a$04$FceYZa4LN/zBcK4MvBtu/uQ37du3qnRB8egYNlF2nSDRSTl5/jJaS,2/6/2017,https://robohash.org/quiautemplaceat.png?size=50x50&set=set1,false
125,Beckie,Mungan,bmungan3g@about.me,932-868-8150,admin,$2a$04$V/JgJM44mgmdN3Lfz5PZ5.41RsL3dTsysAY5DvBbxHG81SbCT6WLe,9/11/2021,https://robohash.org/teneturodiosuscipit.png?size=50x50&set=set1,false
126,Yetta,Cobelli,ycobelli3h@house.gov,306-515-8027,admin,$2a$04$daB1ZvwKmdiH9GureIwhHeVUlTVMxPlx1mZ7rxJ4zunvQznrBaROa,7/27/2025,https://robohash.org/velitconsequunturoccaecati.png?size=50x50&set=set1,false
127,Tobiah,Monahan,tmonahan3i@csmonitor.com,398-681-2430,admin,$2a$04$rJ9Ixv1NkgH1.7.E7W9xdupQAXfMG/0VVjkgIg6Sby6i0x2dYJasi,10/26/2023,https://robohash.org/ametnisialiquam.png?size=50x50&set=set1,true
128,Shel,Leipelt,sleipelt3j@psu.edu,385-115-1297,user,$2a$04$zNh8Rmeo3ULAH9z41yFfG.RQHIceSb0uxmfSVAsBfG9SlMEmxvhPS,3/16/2022,https://robohash.org/expeditaillotempore.png?size=50x50&set=set1,true
129,Maxy,Morrallee,mmorrallee3k@barnesandnoble.com,587-142-5136,admin,$2a$04$oqYMKlHUhxgG50Rg2/vRIeM4bcS8vqTjOFzdZLWmVn8hzW7kcpehS,7/8/2021,https://robohash.org/quiaitaquemaiores.png?size=50x50&set=set1,false
130,Nisse,Duigenan,nduigenan3l@comcast.net,760-137-9835,admin,$2a$04$9nTkmiFIEHx.JVnTe4HRN.B8olHB0hcyu0yNKso2CEBQ0gu3ssXdW,4/14/2021,https://robohash.org/odioofficiiset.png?size=50x50&set=set1,true
131,Martie,Mountain,mmountain3m@marriott.com,828-867-6656,admin,$2a$04$thIAzz6Wpo19FWLQWu86bux8Z5I3WFTx4S8b.uxSLHRRKglmf9buy,3/26/2022,https://robohash.org/exutaperiam.png?size=50x50&set=set1,false
132,Glad,Ingleton,gingleton3n@infoseek.co.jp,559-499-7222,user,$2a$04$uC5ptlgI/h2omL0DNgkuIOxlJJf7ZouWe3lBSa9FnGOxUBRbqVoMC,11/1/2015,https://robohash.org/quoillout.png?size=50x50&set=set1,false
133,Ced,de Broke,cdebroke3o@bloglines.com,478-784-4177,admin,$2a$04$2HTuZIXLLI/r5K7JYjFZQOkkxVFTwX6SxHC/hxeYdTlUQRGadNlMS,10/17/2016,https://robohash.org/eumnumquamaccusantium.png?size=50x50&set=set1,false
134,Trudy,Durward,tdurward3p@home.pl,430-516-8403,admin,$2a$04$h84BzhYAXng.ilkMUvPjeuU3LMSFEWZMjX00eLgBCTDiSjRekOaee,8/28/2025,https://robohash.org/quiquiaunde.png?size=50x50&set=set1,false
135,Richardo,Stormont,rstormont3q@constantcontact.com,194-280-2619,admin,$2a$04$tiZa94n2xI7ZOW0pkhmklujtokkq3EVV..Ryo01pd1TT99mPEtQaa,8/13/2024,https://robohash.org/autemvoluptatemdebitis.png?size=50x50&set=set1,true
136,Rina,McGraffin,rmcgraffin3r@google.cn,626-705-7944,user,$2a$04$.TpWfN778O8g2z2KCgc/5.bvK.Zu.mm6.iVKjiOlnbyAY0kgk.1qq,9/3/2017,https://robohash.org/autisteut.png?size=50x50&set=set1,true
137,Fraser,Stirland,fstirland3s@springer.com,730-504-0783,admin,$2a$04$eNjKHuvIFq13BYzD9wqyT.yD.8K8y5n9qRmPY951UhujV1SN4bFVu,10/1/2025,https://robohash.org/accusamusdolorumquibusdam.png?size=50x50&set=set1,false
138,Carroll,Stockton,cstockton3t@wikipedia.org,211-202-4467,user,$2a$04$f4ILHnMUyzhWtdBYdkDDzeY3UhiqZtQ/0wQtcO0PlWp5Q80oOzWxm,4/24/2021,https://robohash.org/etarchitectodolore.png?size=50x50&set=set1,false
139,Loralie,Strasse,lstrasse3u@statcounter.com,772-605-9715,admin,$2a$04$A807LDqsrkryB/iRsjo0beXheap6YUl/41zSabPrQmuFGWutlEf5O,2/24/2025,https://robohash.org/assumendaipsumarchitecto.png?size=50x50&set=set1,true
140,Ira,MacNeice,imacneice3v@histats.com,411-290-5103,admin,$2a$04$fL3sBYNaX7zI1.47axEpuulJRw22LhQXV1YA6mzO/0Dv2SH0Nvpd2,9/2/2025,https://robohash.org/blanditiiscorruptioptio.png?size=50x50&set=set1,false
141,Obadiah,Cuseick,ocuseick3w@google.it,792-937-5337,user,$2a$04$PXUQf3a.zCSIJkcDQoJY7Ot.y5jWEQY0nTQi1jSXgdseQ3oEtqdT6,9/8/2019,https://robohash.org/enimofficiisratione.png?size=50x50&set=set1,false
142,Dudley,Rawnsley,drawnsley3x@lulu.com,597-538-2454,admin,$2a$04$0zKnpvwYGyBvmTmpagMctubwAfYn.JasRCA8SzEI5gEn.UU576fma,8/12/2016,https://robohash.org/velbeataefacere.png?size=50x50&set=set1,true
143,Tallie,Welbourn,twelbourn3y@studiopress.com,526-844-1992,admin,$2a$04$w6pTGqGHuvt4QCmlYhk6ZOiFryX.ZkZ79CE.vuMctkOyS/4yl2Fke,4/11/2023,https://robohash.org/enimundesunt.png?size=50x50&set=set1,false
144,Ramsey,Matsell,rmatsell3z@twitter.com,102-401-4806,admin,$2a$04$QqJiQ/po.Bu4bcSTt/dlMOMD9AumBtVSfJiD4Vw.Waub0cjG7RZY.,12/11/2025,https://robohash.org/maioresquoullam.png?size=50x50&set=set1,true
145,Katusha,Bettis,kbettis40@scribd.com,962-518-0098,user,$2a$04$ToAgeBDN0lWCMgTzg/YEGeSXoQ/4E0c5RE/nIXB.g0T9vmuVmB/Im,12/9/2018,https://robohash.org/molestiasnequeeaque.png?size=50x50&set=set1,true
146,Fionnula,D'Errico,fderrico41@earthlink.net,978-553-9836,admin,$2a$04$MOU58s.0ntvxu81j6UNpJOOwnYxAsMi1ur6AW8.lHX4CF6TcHleEm,6/20/2021,https://robohash.org/eumfacilisvoluptatibus.png?size=50x50&set=set1,false
147,Lissi,Heymann,lheymann42@simplemachines.org,386-741-9534,user,$2a$04$UzXQvOD6J1PNrMJrshk/KeyOXLMNjpTmCejTsPXS8gPSRO8TXkc0G,1/22/2015,https://robohash.org/placeatrerumveniam.png?size=50x50&set=set1,true
148,Hilliary,Bessom,hbessom43@arizona.edu,183-672-1803,admin,$2a$04$S85rYrZZm2XJZ9HUFeXTwe.8PspeGhhRh8E7irOubGAil2lud5AtK,6/8/2015,https://robohash.org/suntdistinctiosequi.png?size=50x50&set=set1,true
149,Zeb,Simoens,zsimoens44@nyu.edu,216-241-7618,admin,$2a$04$ER1VLoDc6SL1SCN1m.kC9ucgS9bTAr1CHzeSBqswvS5ZgdTcnFMbW,12/27/2025,https://robohash.org/autvelitmolestiae.png?size=50x50&set=set1,true
150,Leah,Poppleton,lpoppleton45@rakuten.co.jp,273-724-2906,user,$2a$04$a6yO7TROn0bEzPFyWjz6k.SO1d4UcoZVIFvLVOEqYeAW.E9KDxjp2,5/4/2023,https://robohash.org/temporibusvoluptatemet.png?size=50x50&set=set1,false
151,Ron,Broke,rbroke46@blog.com,781-239-0787,user,$2a$04$4FtUrqtK1xoJ0g/JuSrVvO6CM2WtideQ8EOQqn4NZtK9j6f0mw8km,10/21/2017,https://robohash.org/quidignissimosmollitia.png?size=50x50&set=set1,false
152,Joannes,Pallent,jpallent47@topsy.com,800-373-1652,admin,$2a$04$rN8CD1luRNdQhm3LG9zlZeVhwQaIVNL7EqKMW0fO3lPQ0W7Lua3.y,10/14/2015,https://robohash.org/atquisaut.png?size=50x50&set=set1,true
153,Yard,Goatcher,ygoatcher48@purevolume.com,800-833-3687,user,$2a$04$rEJnmkSXM7BI4fK00beLt.qoXtfUw9pREB4qZKU7xpwDzDGY0V/am,9/9/2015,https://robohash.org/dictadebitisnam.png?size=50x50&set=set1,false
154,Greg,Seaman,gseaman49@list-manage.com,236-382-4435,user,$2a$04$JLbhZR7VHhzJtky0tn03RuqSLYur40V.fI4n9t79xl4vaUU/66TuW,6/18/2023,https://robohash.org/exipsarem.png?size=50x50&set=set1,false
155,Abagael,Boswell,aboswell4a@t.co,817-987-3613,user,$2a$04$jhqKSztAojCAVKGowrdmt.04iDodOSkefyWqzblS/kf1ReY6gR1di,7/19/2016,https://robohash.org/oditsedminima.png?size=50x50&set=set1,true
156,Harli,Ord,hord4b@walmart.com,956-794-4735,admin,$2a$04$Lmf8bSeTnBp1Wi1iVAD7rORYiyCwxzDKZ2CYeNPyAYN3dhDhryWBq,3/31/2015,https://robohash.org/quoteneturnostrum.png?size=50x50&set=set1,true
157,Meggi,Stiger,mstiger4c@earthlink.net,393-226-4446,admin,$2a$04$pL0goxAgs065gJ6kHOotrOwO8pQXvGdoCmgpUhY/HFx2i7RA5ZM1C,1/16/2015,https://robohash.org/exdoloremquesint.png?size=50x50&set=set1,false
158,Marylynne,Fackrell,mfackrell4d@slashdot.org,443-526-6351,admin,$2a$04$9RNbPT3c1dl1N62t9r84fu1C4a75aEPcF01MZRTCbKmDJ6RnFBuNi,10/4/2019,https://robohash.org/aliquamdeserunteos.png?size=50x50&set=set1,true
159,Danyelle,Entreis,dentreis4e@ifeng.com,937-130-6526,admin,$2a$04$eejan.7ni3jl5xLuOQfUL.HJK6FqhPfzyjiDF2yUQH3W7B.mPMpbC,1/31/2022,https://robohash.org/autemvoluptatemvoluptatum.png?size=50x50&set=set1,true
160,Germaine,Winborn,gwinborn4f@java.com,195-522-7365,user,$2a$04$mDctHqVHTCPxGq1rYcEAF.mmv8YGJpwtwxiorruIZoW.6WVe9A5RO,6/29/2024,https://robohash.org/remaid.png?size=50x50&set=set1,false
161,Vivien,Beverley,vbeverley4g@nature.com,355-588-6857,user,$2a$04$GPmwVVJa.k7y8jrm4Pubf.qntA.r94pABViLIZkqtDib8jHEHgPqG,11/30/2020,https://robohash.org/estrerumfugit.png?size=50x50&set=set1,true
162,Stefan,Vanes,svanes4h@usda.gov,506-449-8464,admin,$2a$04$d3mS76dKNAS/uzPzsiZWK.fHDHkU1JIOxyXVEExgl2DIwMejMmxii,4/26/2024,https://robohash.org/explicaboerrormolestiae.png?size=50x50&set=set1,false
163,Freddie,Payfoot,fpayfoot4i@yelp.com,627-579-8383,admin,$2a$04$MF97hPS/w/WiATr.NfLwf.AeT18CADOYtgQ9daCY/JVhDcLaAbMYO,10/8/2020,https://robohash.org/etetipsa.png?size=50x50&set=set1,false
164,Terri,Perez,tperez4j@epa.gov,740-190-0360,user,$2a$04$06zTr/HIL2kU/wv4W23aauU/sw/TUes1uifkiZPG2vfb4xtGlCd5C,8/30/2015,https://robohash.org/illumassumendaaperiam.png?size=50x50&set=set1,true
165,Mariejeanne,McFadyen,mmcfadyen4k@desdev.cn,266-331-3303,user,$2a$04$.vOXuR.YY1TGQCzNwP1v3ugM2qypjCcNrVFN2/stKxwmuFg.HlrcK,5/26/2016,https://robohash.org/eaexsed.png?size=50x50&set=set1,false
166,Codie,Regenhardt,cregenhardt4l@ustream.tv,938-260-9231,admin,$2a$04$JEF9CrXj9cXooN8mEzpz0eCLmR1GLgX3.yRMLnBexA4hS5mnRtILe,1/28/2025,https://robohash.org/maioresdelectusmollitia.png?size=50x50&set=set1,true
167,Scotti,Cockerton,scockerton4m@livejournal.com,987-577-0157,user,$2a$04$ahgIyMFAQ4eEnMqtgGeOVOXnvtizMV3ut3FzeTQFHuLZjA1T7cLD6,12/31/2015,https://robohash.org/rerumrerumquas.png?size=50x50&set=set1,false
168,Thorn,Gillice,tgillice4n@ted.com,984-308-9824,user,$2a$04$sjPhEAVxeujSOsa1wNwaF.uh6rDl0XL/GbwP9i348efbosbqKDDP.,12/19/2017,https://robohash.org/nemoautet.png?size=50x50&set=set1,false
169,Nan,Hancke,nhancke4o@gravatar.com,675-299-1591,admin,$2a$04$Qf46nc85e8KtlKPnzFVcZOxs65zfZhA6APIAxHO8NDTl4NV13o73W,1/24/2022,https://robohash.org/voluptasculpanumquam.png?size=50x50&set=set1,true
170,Abbie,Roller,aroller4p@unc.edu,963-384-9488,user,$2a$04$fmNm2kGo1pfymlN2iKz2vO255Bj08YzG.w/11yWCraXG.MvqBkkMm,6/28/2015,https://robohash.org/exeiusratione.png?size=50x50&set=set1,true
171,Janina,Juanes,jjuanes4q@microsoft.com,768-546-6714,user,$2a$04$QqiFjagD7UVNyxY6NiaeJOiQJrcJ4xToBgAQBgk1EcSJCSAl1nvNC,7/11/2020,https://robohash.org/autautea.png?size=50x50&set=set1,false
172,Milton,Lambswood,mlambswood4r@123-reg.co.uk,472-348-6262,admin,$2a$04$yKafEhS3QOhXOXGW.FjQPOnsGiNNxNSHbLOUej6Xh3rrmHkt/nfVy,9/20/2016,https://robohash.org/recusandaeutex.png?size=50x50&set=set1,true
173,Edwina,Reast,ereast4s@themeforest.net,503-193-6974,admin,$2a$04$XLgCcSHmuHhNyNxVtAvrVejxzzRSVQOCYZCRLKD/gxMk6nbBqKaDi,7/20/2024,https://robohash.org/quasreprehenderitet.png?size=50x50&set=set1,true
174,Scotti,Donisthorpe,sdonisthorpe4t@ucsd.edu,606-165-1206,user,$2a$04$nUi3BlWWjSh1zTq9leQxeeUEZApyNi/GDwvmx7jtjmI8EoB3qkOXC,8/7/2025,https://robohash.org/quiaetexplicabo.png?size=50x50&set=set1,true
175,Fran,Granger,fgranger4u@edublogs.org,313-121-2664,user,$2a$04$d7oEPA6Gs9lRkH1A8RpdQ.8ZFGlAlKxwaAEd8Co2IPkAwdClq0dra,9/7/2019,https://robohash.org/accusantiumducimusexcepturi.png?size=50x50&set=set1,true
176,Noreen,Emilien,nemilien4v@harvard.edu,179-971-7360,user,$2a$04$1aHClvOOtDvkEJjl7zsDYuESIkofyhGddgQ2.yc2EFZpucTKt3yBW,4/30/2016,https://robohash.org/expeditaexercitationemiste.png?size=50x50&set=set1,true
177,Alden,Dugall,adugall4w@odnoklassniki.ru,438-779-4816,admin,$2a$04$Uqqcdmwc7gx6FM5N5oJGc.COCyraauu4GJT1cyUNFdDhcuZO1W29O,3/22/2019,https://robohash.org/nesciuntmolestiaetotam.png?size=50x50&set=set1,true
178,Hube,Jermey,hjermey4x@stanford.edu,417-283-8210,admin,$2a$04$qVFKe8tTe0oSXB0TNG0gTOjnJFvVVIL6hxUu2xm5Y.ghzlgStx3hW,2/1/2017,https://robohash.org/laudantiumomnisquos.png?size=50x50&set=set1,true
179,Nick,Marchant,nmarchant4y@wordpress.com,664-269-0973,user,$2a$04$fXa1rutswcJbWCVRNHAKJ.s9CK5ChqRLRtFLZnSjLHy/DQQoiQLzy,8/31/2017,https://robohash.org/illomaioreslibero.png?size=50x50&set=set1,false
180,Mackenzie,Buckmaster,mbuckmaster4z@networksolutions.com,223-884-6955,user,$2a$04$reNH0ak7L96pA74uYLL65uWoZUzxB6vW3kFNBzEh0/rStqNkUtBGa,3/29/2023,https://robohash.org/eaquiaperiam.png?size=50x50&set=set1,true
181,Sondra,Hatt,shatt50@imageshack.us,482-458-3379,user,$2a$04$lPFB8JcUrYSCeZlccryHCO9g3qKQVeqhqyavIuc3HYsFZwvfjUaO2,5/21/2018,https://robohash.org/suntdoloresrerum.png?size=50x50&set=set1,true
182,Si,Iron,siron51@auda.org.au,201-192-2775,user,$2a$04$AWFy6Lj0EhD8Gve2a5gEzu.3luHBCJHe8NPtv8t0FpRsOI.QrJOQ2,12/21/2024,https://robohash.org/nesciunteumaspernatur.png?size=50x50&set=set1,false
183,Vivyan,Reckhouse,vreckhouse52@geocities.jp,397-823-0751,user,$2a$04$2/UAOYMcElqL335b0NDfgenHPg/wMGjFOwGEfTGcR82oINOB1Jawi,2/6/2020,https://robohash.org/rerumeosquod.png?size=50x50&set=set1,false
184,Phylis,Ruffle,pruffle53@merriam-webster.com,988-562-0436,user,$2a$04$j9l5aUCFKuiodD2uWFX1HOdqmUQ.dfveo3KMkHXdSUv1/6IOmQ6hm,9/16/2023,https://robohash.org/necessitatibusquaeratesse.png?size=50x50&set=set1,false
185,Ilaire,Claus,iclaus54@ycombinator.com,151-677-5525,admin,$2a$04$/XhprrN4xavjZ.ILx8lckuMxwgo/lXqZlU9GCGyy7SGEZHaVM748O,10/17/2022,https://robohash.org/veritatisutquas.png?size=50x50&set=set1,false
186,Reamonn,Storrar,rstorrar55@dot.gov,187-306-0157,user,$2a$04$XK56PNubYmVwfZZ/4FRz.uZ6VWdAvq4IlMtEht99n14HGjtVt6gXG,11/25/2022,https://robohash.org/ipsaassumendaqui.png?size=50x50&set=set1,true
187,Rebbecca,Harlett,rharlett56@google.ru,850-242-5591,admin,$2a$04$5kPlWOD3yqvTv2A57RIaAO8XLrgj2So7dqJwlO81W5.K4FN2xl2vm,1/21/2019,https://robohash.org/perspiciatisautdeleniti.png?size=50x50&set=set1,true
188,Waiter,Dominicacci,wdominicacci57@t-online.de,342-153-9609,admin,$2a$04$kgYH.87W8XPvjJrE296Ti.DE9FoycPe3vrvJ4IIcoGryjHje7JbCK,8/24/2016,https://robohash.org/voluptatesexqui.png?size=50x50&set=set1,false
189,Astrix,Bourget,abourget58@storify.com,696-368-4470,user,$2a$04$EdkRG4aGdta2oIjeGNzPzOMOGifdND7QU9XJ/TN0Eg8qipRIaI1fG,7/8/2017,https://robohash.org/etquidemvoluptatem.png?size=50x50&set=set1,true
190,Andrea,Human,ahuman59@webnode.com,205-243-2113,user,$2a$04$B562DgwSTitajZwwWtn5MeY4NCG.AczRgriimhnYPQoviOgG1pUs2,6/23/2023,https://robohash.org/ducimusexdistinctio.png?size=50x50&set=set1,false
191,Gayle,Bilfoot,gbilfoot5a@bandcamp.com,821-427-1528,user,$2a$04$hwjBLj7hogKr5m/cBw1zleAXQXq.jaZVBH.0f7Bt6MSEFKvHKaAdi,6/3/2020,https://robohash.org/dolornihilaut.png?size=50x50&set=set1,true
192,Jennette,Roches,jroches5b@liveinternet.ru,129-396-7232,admin,$2a$04$3Je6m4oeOB8fHLgzsar06.tZVLpHZhXWfGQCY97uwfp912pO1raoy,5/22/2017,https://robohash.org/accusamusenimoptio.png?size=50x50&set=set1,true
193,Clevey,Jackes,cjackes5c@squarespace.com,566-630-9516,user,$2a$04$FJF7uq16505MsXmYD4lhrOfLIUys5h/UVrjL2irqztG1o/OTfHMea,9/12/2022,https://robohash.org/errorsitsimilique.png?size=50x50&set=set1,true
194,Cam,Yorkston,cyorkston5d@blinklist.com,880-892-8857,user,$2a$04$MRDT39uCZDpwcTP6khhc3u3TXn3czsDCLL3iWtET5l1SZiCgykZMK,8/4/2023,https://robohash.org/aliquamquamaliquid.png?size=50x50&set=set1,true
195,Chadd,Eglese,ceglese5e@google.com.br,796-486-7783,user,$2a$04$CjJMK8ijvigHV2rlsjYpPOYxy4M1ggGqSN5fK4Op/nMgFp3oh8tTm,4/18/2025,https://robohash.org/erroridqui.png?size=50x50&set=set1,false
196,Zitella,Aicken,zaicken5f@cbslocal.com,933-732-9067,admin,$2a$04$X8JNffd.Nzft/uFAx3mHH.ovE.p1y1Co.LbOnyGUWUTw5i4Lsuvhq,1/5/2016,https://robohash.org/accusamusnullaqui.png?size=50x50&set=set1,false
197,Jayne,Battyll,jbattyll5g@usgs.gov,174-981-4114,admin,$2a$04$lDq/kxdjpFj0cnjEwyzejO4pz9vFqoTwead0g7yleXVQ7MNyklKF2,4/23/2019,https://robohash.org/magniutdoloremque.png?size=50x50&set=set1,false
198,Reed,Abbs,rabbs5h@bbc.co.uk,856-450-5249,admin,$2a$04$mwfbVcmiMpiQGHV/dzW85.H/40bnkmsi6bKVD3NgKvzelEkI4P7Oa,4/26/2018,https://robohash.org/nonquiomnis.png?size=50x50&set=set1,true
199,Kalil,Martyns,kmartyns5i@cbc.ca,993-647-5490,admin,$2a$04$bbeUEI9cvJv2O.Y8UmiU4O20wf0k6Zdurlf6bbOPyTwfLN8nO0sV2,11/18/2022,https://robohash.org/omnisconsequaturdeleniti.png?size=50x50&set=set1,false
200,Krishna,Gillebert,kgillebert5j@yolasite.com,303-656-3154,admin,$2a$04$03XdayQY7mNIWGMAJJ9ZmOifYAwgMdFx6G6O0KumQr/Mk7dx.Gz7O,7/13/2023,https://robohash.org/rerumimpeditperferendis.png?size=50x50&set=set1,true
201,Tyrone,Linford,tlinford5k@jiathis.com,820-926-0018,user,$2a$04$THkoxlVH5IinR0K3S/4.mekCw0U1vxea2d/rnfoJRJeBRGp.M3XGS,5/3/2017,https://robohash.org/temporibuserrorquisquam.png?size=50x50&set=set1,false
202,Thorny,Vanacci,tvanacci5l@digg.com,435-325-1015,admin,$2a$04$woi4CCM.hm4fvhzLJ4If7O23iqlQDPZzK7ocZ2t43rr.BMhzZ86wi,3/6/2021,https://robohash.org/sedrerumadipisci.png?size=50x50&set=set1,false
203,Theresita,Epple,tepple5m@washington.edu,874-842-7512,admin,$2a$04$lbf6rMxlqycu.GB2jcUdUuTPVUasee6qDpT9YOgmydmk2LI217QvO,12/26/2022,https://robohash.org/repudiandaemagnivoluptate.png?size=50x50&set=set1,false
204,Thacher,Vanshin,tvanshin5n@xing.com,372-210-6072,admin,$2a$04$ldTl5t0t.mtQxzZTXJ5peO.dQwRQNFffHT6ZzP9uZ74hKJvz.LoJW,1/25/2020,https://robohash.org/animitenetursit.png?size=50x50&set=set1,true
205,Berri,Gilleson,bgilleson5o@bluehost.com,952-873-5329,user,$2a$04$vPlHPRl.Lmhll4VafhDA5OWd66w9t4OhDITTnRBEdYU4syc4Mtkaa,4/25/2016,https://robohash.org/etinitaque.png?size=50x50&set=set1,false
206,Mattie,Puleque,mpuleque5p@disqus.com,259-793-2642,admin,$2a$04$xpbzj7CBnNyIURQnttH1C.9fxZqAaLE7kPE.mq3CXH6itrt659cJq,10/17/2018,https://robohash.org/repellatveroautem.png?size=50x50&set=set1,true
207,Belita,Snodin,bsnodin5q@buzzfeed.com,781-117-9470,user,$2a$04$TXguRRNI4DESfU3s5EuyHObyeBXp5pcXgz3k/gXd83FEVQZgliS1O,12/13/2023,https://robohash.org/asperioresnecessitatibusnihil.png?size=50x50&set=set1,false
208,Opalina,Caruth,ocaruth5r@tinypic.com,517-364-6244,user,$2a$04$01Z9mtJsI1DuBBEylmdWXeIKDEaalcDHxP60mU/qxRdetOiL2a2r2,8/9/2021,https://robohash.org/eligendiincidunthic.png?size=50x50&set=set1,false
209,Harriot,Dunthorn,hdunthorn5s@nymag.com,673-619-6586,user,$2a$04$PMkzBZ0MZexVzkNT7Lv4/e19rErxj7i/3k7zH2jFoMsFFSTh2ruC6,3/22/2025,https://robohash.org/voluptatemvoluptatibusest.png?size=50x50&set=set1,false
210,Lissa,Ellicombe,lellicombe5t@yolasite.com,792-425-4086,admin,$2a$04$99RrWlpmarisWId8GiPhCenKSuwPBu/C9.Cj4e5K.YvZ/jt6GTXZG,12/20/2018,https://robohash.org/impeditcorporisperspiciatis.png?size=50x50&set=set1,true
211,Gene,Geely,ggeely5u@blinklist.com,247-414-0117,user,$2a$04$OlNDUS/uxakgNKybxZitW.AJU34Fd0ExY8dsRgIXCnrqSDZDnufoW,6/28/2019,https://robohash.org/etutrem.png?size=50x50&set=set1,false
212,Rex,Hawthorn,rhawthorn5v@weather.com,108-868-6129,user,$2a$04$b55pkkgMxAboMFeN.6yJXO3iaNKXy/YZuKfdw6goRs5P0hm5K18E2,8/17/2025,https://robohash.org/quoetqui.png?size=50x50&set=set1,false
213,Theodore,Snawdon,tsnawdon5w@tinyurl.com,435-749-9938,admin,$2a$04$Mle/IVEY.I2kZRHIGHx5.O7el0VEseIWuTTLwDqsIkrg6QQy8q9u2,7/10/2025,https://robohash.org/culpacumin.png?size=50x50&set=set1,false
214,Tiphani,McNerlin,tmcnerlin5x@businessinsider.com,400-799-4386,user,$2a$04$NCcQJ76BqH4IIL9iZrCylOViloKJKUD9tbkZzz1qDTu36/Mn786Va,7/9/2017,https://robohash.org/earumnobiseum.png?size=50x50&set=set1,false
215,Barnard,Edgeller,bedgeller5y@google.co.jp,648-950-1518,user,$2a$04$KgG1etJSV49Oq6UbcrQm9.tiJbVrupuRyJ8ZSfYC6ntC9cSgp1VOi,4/19/2019,https://robohash.org/quianatusab.png?size=50x50&set=set1,true
216,Danielle,Lorenzetto,dlorenzetto5z@chicagotribune.com,711-500-9712,admin,$2a$04$jpWoOabz5aBSuDwfIvY3huncPlchV/ctzz.vlOhftJP8tEVHGjgNO,4/23/2019,https://robohash.org/dolorumvelitmagnam.png?size=50x50&set=set1,true
217,Enos,Skylett,eskylett60@youku.com,706-163-3036,user,$2a$04$zcin.t2nqCZAzfIcZ/.yee/vXp5vDcyZ91t12y5YyaCH6yMeAlWou,1/31/2018,https://robohash.org/quirepellatsed.png?size=50x50&set=set1,false
218,Ilse,Tomkin,itomkin61@meetup.com,934-561-0904,admin,$2a$04$/uUtcB/tL.noyhWiIUUTwOZyKhQ7GbEXMQXV02Q0lqCmo1weaFgRO,5/16/2025,https://robohash.org/adipiscietsint.png?size=50x50&set=set1,true
219,Cathrin,Stener,cstener62@reuters.com,538-518-1231,admin,$2a$04$FHesXn5Vc0QIPwIpSe.wcuOqJpOUvyznWZuigkm0iziz/hmPKMzTa,12/4/2017,https://robohash.org/laboriosamlaboreofficia.png?size=50x50&set=set1,true
220,Clyde,Vasyukov,cvasyukov63@amazon.com,749-136-1267,admin,$2a$04$evRU9FX5Lpt6O8GLJes9DOyyco3DR4keKDeC4fshaPWvxsiScK0te,7/6/2022,https://robohash.org/explicabonatusnumquam.png?size=50x50&set=set1,false
221,Tandie,Plumbley,tplumbley64@admin.ch,759-282-5317,admin,$2a$04$ubAA1fIg/7Kd3su/ACoKn.1GhbHgSv74be7dy8Auwj/ZvG0E7KFLW,7/28/2015,https://robohash.org/asperioresprovidentest.png?size=50x50&set=set1,true
222,Burt,Cromett,bcromett65@dailymotion.com,724-215-6265,admin,$2a$04$t5DyaY0muYGu/OtSiq6urenbXZx6mMwipkLH.JscaQD9WwnB4Dbwq,4/19/2018,https://robohash.org/magnamrerumdolore.png?size=50x50&set=set1,true
223,Bernadene,Kiellor,bkiellor66@hugedomains.com,403-827-0081,admin,$2a$04$S/aYwLBALqI20r.du0vcnOXtx5FjJt3bqmp/4mOkYR38NhpkCvdza,10/18/2023,https://robohash.org/officiisdolorequi.png?size=50x50&set=set1,true
224,Karoline,Zucker,kzucker67@archive.org,538-533-2593,user,$2a$04$3Hz8S.0t3uizwlIn4zvWkekH.l9xeWGftuHx.KOer3iYw9bfiIopi,3/20/2019,https://robohash.org/velnonvelit.png?size=50x50&set=set1,false
225,Ugo,Meecher,umeecher68@google.com.br,766-719-4778,user,$2a$04$oFbp9V7qRAQghMZ6seSh7O0qYAwS39RKBrAmTXyjKDRdqX.KZkmmW,12/12/2022,https://robohash.org/autreprehenderitomnis.png?size=50x50&set=set1,false
226,Basile,Salvage,bsalvage69@technorati.com,570-258-4454,user,$2a$04$ByssUd1FBs91H0ZI/DPyM.UWzXMXHMQsqYzbcR9IfyJHNZwS17CSS,10/6/2023,https://robohash.org/involuptasamet.png?size=50x50&set=set1,false
227,Josias,Cussons,jcussons6a@globo.com,874-221-5724,user,$2a$04$gJ26TZONM9V.vmutcqGkwO2Jm./3rHweXeZg59Q9a/9AO9YbeXz96,3/6/2018,https://robohash.org/voluptasfugiatvero.png?size=50x50&set=set1,true
228,Shellie,Kopf,skopf6b@howstuffworks.com,277-914-8698,user,$2a$04$fWU18JLe0b0KDs0s3w65GefgEZNGQBIxmyWl/dP8e5gJK/rHxYKiK,7/29/2024,https://robohash.org/animiutasperiores.png?size=50x50&set=set1,false
229,Erwin,Jesteco,ejesteco6c@yelp.com,671-413-5934,admin,$2a$04$Am0GCPA1cD5j0auadLtWFOmCQYzHI.skWXixHb5GKEwZt8GhfY/nC,2/7/2023,https://robohash.org/nequevoluptateserror.png?size=50x50&set=set1,false
230,Gustaf,Nelmes,gnelmes6d@ca.gov,977-718-6648,admin,$2a$04$Y5KiTralxUIRtdycnD5RvOfYqLBO81GIR3ky/uRc3xx90AjM.v49W,7/26/2025,https://robohash.org/velsedoccaecati.png?size=50x50&set=set1,false
231,Prudy,Wellfare,pwellfare6e@g.co,474-168-8542,admin,$2a$04$DoVSA.Zz.bQZ1./rexHe4uBlDnFAAmhB7FbVNIpygb/.w9Fo5c4ve,9/5/2021,https://robohash.org/fugitnisiofficiis.png?size=50x50&set=set1,true
232,Dedra,Paternoster,dpaternoster6f@foxnews.com,735-305-3866,user,$2a$04$292YUwOI8QnoerV.zb0v7uKRAbe.yus1/U.bDqsFGIIBANu9rpPl2,7/7/2015,https://robohash.org/voluptatumeaquibusdam.png?size=50x50&set=set1,false
233,Mae,Boon,mboon6g@weebly.com,595-680-7406,user,$2a$04$zA0P/M4gpyUkcY2MtwwF5.wSgf.83kj9AgUxk8bWcsfXAYAZ3GX5y,9/25/2020,https://robohash.org/eaquequiet.png?size=50x50&set=set1,true
234,Loretta,Reinhart,lreinhart6h@freewebs.com,900-694-3751,admin,$2a$04$7aT96egcu5SquopATJCeO.mMHY8DmqQ1M3WQkrRF0UI0PtpwYr9CK,11/29/2018,https://robohash.org/idfacerearchitecto.png?size=50x50&set=set1,true
235,Konstanze,Moquin,kmoquin6i@ted.com,284-759-7531,user,$2a$04$KHPEdssdzZ.0X0NGdShGt.pQSVcQR6ccTqio.zV4wBKYeaGxde/oG,4/21/2021,https://robohash.org/teneturdoloribusenim.png?size=50x50&set=set1,true
236,Paulie,Kinsett,pkinsett6j@cbc.ca,735-114-7154,admin,$2a$04$R/0Yu67O9Ccbi0XeJN8rxOBQkzZgAEfPqYOy8cRaH9SPB3046Ojia,3/15/2023,https://robohash.org/sedquiasoluta.png?size=50x50&set=set1,false
237,Malinde,Crummy,mcrummy6k@unc.edu,258-305-3580,user,$2a$04$ESkMJ.0SvlAWVBuBMovXeeWhlM2DX546daJXJKgGDJIr6Fwlz8l/q,6/10/2021,https://robohash.org/quasseddelectus.png?size=50x50&set=set1,true
238,Cleveland,Waugh,cwaugh6l@wiley.com,426-786-4024,admin,$2a$04$YkCTvzJvo1nm1lDlvc/JXuEPJH4jnpeCaM/rEUTjOrTy57wavpG3u,8/19/2016,https://robohash.org/eoseumofficiis.png?size=50x50&set=set1,false
239,Loretta,Durn,ldurn6m@hibu.com,437-510-2540,user,$2a$04$Aq9Wlu1c6mN097czn3xFT.hqBbLy3Jh1NljNvooN6XPRjJTFc5e6u,3/3/2024,https://robohash.org/quaemagnamperferendis.png?size=50x50&set=set1,false
240,Meredeth,Hazeley,mhazeley6n@webs.com,486-648-0974,user,$2a$04$APBiS9B6TnAHuRXw8MqZ4e/Ob3nSUxIA94oN4tPJdw5wVt9tBakRm,11/14/2017,https://robohash.org/etvoluptatemsint.png?size=50x50&set=set1,false
241,Cherie,Litt,clitt6o@yellowbook.com,884-726-7724,admin,$2a$04$F4/trhFylNCPhZBUonWUze8M1P0fPDihuyS1eCsETmTlwYU6BKu7C,9/29/2015,https://robohash.org/utvoluptatibuseum.png?size=50x50&set=set1,false
242,Annamaria,Lanfranconi,alanfranconi6p@e-recht24.de,267-902-7470,user,$2a$04$1l6D0lTpTenURcQnghDD/urMjWIR7AMeGi7rXlEmp0TcFhvWb2n5a,11/25/2021,https://robohash.org/providentvoluptatemautem.png?size=50x50&set=set1,true
243,Zarla,Purkess,zpurkess6q@php.net,427-685-6891,admin,$2a$04$Iv7lN.TIm5z67eOtfF6JB.ufLzwtoTqkshzGrsRDwqobuZn8fzmrW,1/5/2024,https://robohash.org/excepturimollitiaillo.png?size=50x50&set=set1,true
244,Rahel,Jakovijevic,rjakovijevic6r@woothemes.com,600-443-1114,user,$2a$04$WJObuKjrbKaRyX/146Tnxe0mpnaRDrnul.lYXF.K11xtFfqdGHmnq,1/29/2015,https://robohash.org/molestiasaliquidid.png?size=50x50&set=set1,true
245,Teddy,Stathers,tstathers6s@weather.com,503-100-9087,user,$2a$04$fToXEkFyoEr8XRlSDyqGreI9DUGy0buHchr94.qp5XhEZphVDpqb6,12/13/2015,https://robohash.org/etmolestiaeest.png?size=50x50&set=set1,false
246,Leroi,Thews,lthews6t@cargocollective.com,225-708-2474,admin,$2a$04$pZ/g7LQ.oKtVIA6YwR2D3OVUMNcmfG9SlU2Ehq4Cjlhf.6xyxz37e,8/2/2022,https://robohash.org/atexplicaboharum.png?size=50x50&set=set1,false
247,Gerik,Chillingsworth,gchillingsworth6u@chron.com,482-551-7517,admin,$2a$04$msw1C.KUT/28H4aqJwgRD..TZ/UssWIsbIinpBFP289Tu1DefMH1K,2/6/2017,https://robohash.org/autemrepudiandaequi.png?size=50x50&set=set1,true
248,Andriana,Seawell,aseawell6v@livejournal.com,968-278-8288,admin,$2a$04$2B8fzJejukpWuvZbBirQxuxYbbqpMbY5F64ad0eRenjMdauo4Z5Au,7/10/2016,https://robohash.org/nemoaspernaturvoluptatibus.png?size=50x50&set=set1,true
249,Salomo,Veck,sveck6w@smugmug.com,493-365-5882,admin,$2a$04$Q6sIvrPbSMaOuqUGm6xTpOePKN9INjypa5EHZuXDyW4786nOjhktC,9/14/2022,https://robohash.org/atfugitcommodi.png?size=50x50&set=set1,true
250,Ronny,Rosenthaler,rrosenthaler6x@altervista.org,852-543-6714,user,$2a$04$hcZN3Ak7MW0s1hVYh6bvzebn/B.JW7GSiCfIgipTZy6cEgF/Vm1AG,2/14/2020,https://robohash.org/velitquosrem.png?size=50x50&set=set1,true
251,Gasper,Vickress,gvickress6y@usatoday.com,676-441-1742,user,$2a$04$ls9CyGZ2Fr1/icWgIDzV4OuiKxuqnAwkdOYFpAXSxl89R0TfU24bm,6/26/2015,https://robohash.org/voluptatumfacerenesciunt.png?size=50x50&set=set1,false
252,Tallia,Flannery,tflannery6z@state.tx.us,468-989-0446,admin,$2a$04$L6E4e3OAe.v5jSzjVVoOCuUedJIAPoaIuPeSuqucAqqNozuMV1p8C,5/5/2017,https://robohash.org/quoutaut.png?size=50x50&set=set1,false
253,Arleen,MacRorie,amacrorie70@xrea.com,137-237-9644,user,$2a$04$eqht9jPiv3UOFpBhsBe31OBqIEujiaXSUL0CjS6T7bYTjgh1c7MdK,6/6/2025,https://robohash.org/numquamquaenostrum.png?size=50x50&set=set1,true
254,Menard,Fee,mfee71@miibeian.gov.cn,977-224-8879,user,$2a$04$zFuzqqEHxCciEPxKoIXoOODBfAyKgrgvjA9XJ.cpQJGLqLqkhFuSq,6/17/2021,https://robohash.org/veroquiadipisci.png?size=50x50&set=set1,true
255,Norbert,Stych,nstych72@virginia.edu,800-190-4205,user,$2a$04$WkdqQN9JT4vptTFF//7EAOQDwQCm/FU1gafQwIanX0bf7ceG91G6S,6/16/2022,https://robohash.org/veritatisnonullam.png?size=50x50&set=set1,true
256,Jerrome,Cranidge,jcranidge73@fastcompany.com,589-133-9753,admin,$2a$04$Zwo0mXpB4a8st5PazOZOcOIYDdkBPyXU6o2cl5Th4lywYMC6HVsAa,4/2/2021,https://robohash.org/perferendisinventorequisquam.png?size=50x50&set=set1,false
257,Sasha,Bownas,sbownas74@spiegel.de,781-476-3728,admin,$2a$04$2AXeGIZQwmScmn7lwMKrPupTGt3Vo2f9cwz5PGMmn.wIOEJIiYMJu,7/30/2016,https://robohash.org/quiamaiorescorrupti.png?size=50x50&set=set1,true
258,Zulema,Lamcken,zlamcken75@drupal.org,569-547-7962,user,$2a$04$5IM/dwlg69bPorpZi.tiE.O0qFpLwOofKI8BTYvHHWJK3tO6IDOaC,2/4/2021,https://robohash.org/accusamusaliasporro.png?size=50x50&set=set1,true
259,Grover,Egan,gegan76@com.com,800-681-9290,user,$2a$04$LhPUrQ1aJtk9Lsl3y6IHCOMzdv/9v0BU7ZmXVNcYp0VacPfI5CVgm,5/6/2019,https://robohash.org/voluptateesttemporibus.png?size=50x50&set=set1,true
260,Teressa,Corwood,tcorwood77@nhs.uk,646-532-5310,user,$2a$04$tCQR9CKoYQ8wo54KDJPMFu802hJQ.vDlzBXHK0vp.fWt/BHdI76OO,11/1/2019,https://robohash.org/quieaarchitecto.png?size=50x50&set=set1,true
261,Bevan,Mirfield,bmirfield78@foxnews.com,949-781-7927,user,$2a$04$jK3aimHY2CMNlb3AVfbtlOjjgEVVcOsDuOvW21uE9nQhdR6gxck5u,4/16/2015,https://robohash.org/voluptasquaeratab.png?size=50x50&set=set1,false
262,Gothart,Sindell,gsindell79@hatena.ne.jp,436-340-4951,user,$2a$04$IkQH9O2/UrdrvBrr.z057Ok/6s5miFtwzU/hyA4KDcTruj5ZXOW7e,8/29/2017,https://robohash.org/explicabototamillo.png?size=50x50&set=set1,false
263,Loretta,Phelp,lphelp7a@theguardian.com,617-767-3895,user,$2a$04$GuS5rAUXE/H2GE6WkVnKjedSBdt3QAE3TCS1fSLy.MFrWOA0FV0jm,4/29/2021,https://robohash.org/velitcommodised.png?size=50x50&set=set1,true
264,Duffie,Hanbidge,dhanbidge7b@sitemeter.com,915-680-6919,admin,$2a$04$0M9qXPcUc6K.fwNdWYxn..ruJBZFI/TJQRvYcHEr38n7HyktVt/aC,5/31/2025,https://robohash.org/culpaestest.png?size=50x50&set=set1,false
265,Diane,McLoney,dmcloney7c@plala.or.jp,522-612-0187,user,$2a$04$JQTQFHHEMktjOtt5aDRb9eyes/oBPAKgItTEA.b4.rhgDBdyquKcS,6/13/2017,https://robohash.org/temporeeumdebitis.png?size=50x50&set=set1,false
266,Mavis,Hammell,mhammell7d@google.de,827-284-7857,admin,$2a$04$iY2c.gcWncLEGEW2zFmpRuQCUQZMgTp8tHMAEzDs.7MJAkKLuHpgu,8/16/2025,https://robohash.org/doloremsedaut.png?size=50x50&set=set1,true
267,Jewel,Guidelli,jguidelli7e@hexun.com,749-544-7822,user,$2a$04$NvesF9tN.hY.m1QG1ViEEOBlLVQ2mhpX1251TlQHeWjHvFn6IeWOi,4/23/2015,https://robohash.org/nequeducimuspossimus.png?size=50x50&set=set1,true
268,Daffy,Farr,dfarr7f@dagondesign.com,143-821-8967,user,$2a$04$PLBrv6uJX9NYsW6EvBwjU.fT900Qs0PeeKlYR1ofu7ai4ugttpfrC,7/14/2023,https://robohash.org/animiquiadistinctio.png?size=50x50&set=set1,false
269,Annis,Penswick,apenswick7g@netvibes.com,326-693-3900,user,$2a$04$NoFYI.hpTyQCPthOPUcE7.VHFoyAvleNsP2XNbc7SxB0hAn0J4iri,4/11/2022,https://robohash.org/mollitiaesseet.png?size=50x50&set=set1,true
270,Pascale,Dagworthy,pdagworthy7h@goo.ne.jp,501-439-8819,user,$2a$04$qPHKe4M89wgO9AjRSKBMmOUf1z0zaN5PEEydOJNOA/XUPIZFFDRiO,7/28/2020,https://robohash.org/etaut.png?size=50x50&set=set1,true
271,Della,Hornbuckle,dhornbuckle7i@constantcontact.com,525-150-9266,user,$2a$04$XewDbxYOoiFlGvqrSrVrx.zN7n5kksmiDkN0ZuAY3g0kmNtTIy9fS,11/7/2016,https://robohash.org/voluptasomnisdeleniti.png?size=50x50&set=set1,true
272,Ines,Wittke,iwittke7j@ebay.com,659-752-7469,user,$2a$04$T58JpnVbPu1wM4cG7oM1ruo4RHOuquNZA37iimTa4K4/4.Hakzcf2,8/12/2016,https://robohash.org/solutacorruptienim.png?size=50x50&set=set1,true
273,Grier,Smeall,gsmeall7k@wired.com,365-225-7557,user,$2a$04$JO.MBeuK0eE0aaxuZBq1QOP/LbD1yvf9B.KgRWoxPnzN.6MO95ykC,1/12/2021,https://robohash.org/quissedvelit.png?size=50x50&set=set1,false
274,Melonie,Beadnell,mbeadnell7l@baidu.com,772-764-1006,user,$2a$04$7pdHMg6hULwqbLnOEMRm2e/7QXS9Zy52XEO0ZOzSXe8U2NFzIW4wi,5/7/2021,https://robohash.org/voluptatemdoloribusid.png?size=50x50&set=set1,false
275,Egan,Blaske,eblaske7m@e-recht24.de,557-795-9839,admin,$2a$04$13QCrY0Mb9nnDblawXUwFe4ey2QxHztG6nR7FZcSOG3baM4KfWo/G,7/12/2015,https://robohash.org/uteiuslibero.png?size=50x50&set=set1,false
276,Chrystel,Collopy,ccollopy7n@xinhuanet.com,926-642-2480,admin,$2a$04$CHHw4MbT6rmDa13OYfplau8ZJnV6Y.zUX7iNnUwAVpjyUpC25ulyS,1/3/2021,https://robohash.org/fugiteaqueet.png?size=50x50&set=set1,false
277,Wylma,Keiling,wkeiling7o@imdb.com,118-263-2513,admin,$2a$04$lRn.n.LbwhdNCo6TEuF.AuyftJZ8fXOTgP1g3isT1rZwDdomFl44a,2/21/2022,https://robohash.org/numquamofficiiscommodi.png?size=50x50&set=set1,false
278,Burr,Du Pre,bdupre7p@nih.gov,773-863-3227,admin,$2a$04$5AQFp7QqqVhdgHxUYmr9mOEjxyil3KesiEuqY1TZO48s4U.r877rK,5/26/2021,https://robohash.org/explicaborationeid.png?size=50x50&set=set1,true
279,Nellie,Dods,ndods7q@slate.com,607-993-0688,user,$2a$04$Yw9y86/971j5pEXL7ZhWKOTnLkaPqWbhiN1/7k7SDVrzTl68FPd.2,6/11/2024,https://robohash.org/quonemoqui.png?size=50x50&set=set1,true
280,Anstice,Joselevitz,ajoselevitz7r@yandex.ru,622-603-6380,user,$2a$04$cldCywEblyS8yV5CWjHewOQYs8K9yHD8EOEkNm6JrfssSyFPtSVem,2/20/2016,https://robohash.org/quisquamconsecteturenim.png?size=50x50&set=set1,true
281,Maison,Leverich,mleverich7s@timesonline.co.uk,931-790-4421,admin,$2a$04$R8BqLAoP6cW9uep75o9EleXi9ottlfYEwbkSM8a1THtGK7pdDaqH.,3/6/2016,https://robohash.org/quoeumreiciendis.png?size=50x50&set=set1,false
282,Karney,Jervis,kjervis7t@chronoengine.com,410-285-5799,admin,$2a$04$d6Mn9QnVO53z5CnQZOYJLOgTpZ83ZBySccsvXvxPou5rJBPULM4CC,10/4/2016,https://robohash.org/dictarerumid.png?size=50x50&set=set1,true
283,Cora,Pogosian,cpogosian7u@ifeng.com,131-214-9108,admin,$2a$04$NNcF2qoejuqNAkOKOii.juCGVIXKjBq38OxuJnQn8qynmERbkGfz6,8/21/2024,https://robohash.org/harumerrorsunt.png?size=50x50&set=set1,true
284,Marissa,Staton,mstaton7v@google.es,457-137-4523,user,$2a$04$DsefyCxkmUdwkcsrBk//FuiF/DQSPO6BuhJhKJCNpItoLbmjR8OxC,11/24/2021,https://robohash.org/accusantiumveronulla.png?size=50x50&set=set1,false
285,Maryrose,Umpleby,mumpleby7w@foxnews.com,472-283-8961,user,$2a$04$gctOy5f3kImI86MWvZ6AiOdtEk0ZOosIhZ9/vrYONvEkgOJyXYIma,3/3/2023,https://robohash.org/ullamsintoccaecati.png?size=50x50&set=set1,false
286,Winny,Broadbent,wbroadbent7x@bbc.co.uk,161-173-0070,user,$2a$04$G3idt2jbaunfK7lkaQ9Unu5PvanBPQ8DhVsR7x/uhhkFKSmX7qfCy,9/25/2022,https://robohash.org/aspernaturminimanisi.png?size=50x50&set=set1,false
287,Corella,Matevushev,cmatevushev7y@mit.edu,640-275-5224,user,$2a$04$MDhnHhYIru3QX0Sdg43ENuE0lMHJtoIEmBaIbWFr0KF8vxrUiF1xK,4/28/2024,https://robohash.org/voluptasdolorestempore.png?size=50x50&set=set1,false
288,Jasen,Torrans,jtorrans7z@prweb.com,252-994-6579,user,$2a$04$XrYvZdYyQapL2HOCatUnRui5kjQ6K0nMawLl49rQx2BHjYygfjwoC,9/8/2017,https://robohash.org/dolorexnumquam.png?size=50x50&set=set1,false
289,Mal,Eskrigg,meskrigg80@nyu.edu,969-524-5694,user,$2a$04$PKdkUbUecCj7rdZnGuETGuEfjgd4Oao50SvztPUPcZgS6/tA2zhzm,2/3/2017,https://robohash.org/voluptasevenietquidem.png?size=50x50&set=set1,false
290,Valentia,Dawtrey,vdawtrey81@jimdo.com,347-828-0898,admin,$2a$04$.4qwU9t3V7AJUSSwc6nxG.xRawQ92KlYs3kMNvq6llmtScI3Xibgy,9/8/2025,https://robohash.org/velquastempora.png?size=50x50&set=set1,true
291,Verne,Ostick,vostick82@prweb.com,704-203-4246,user,$2a$04$0oqU.iuAxq6FDmXp3k1jZeL412oyEscfTDrEclPtH/V5Vg5mn7qqS,3/11/2015,https://robohash.org/eaofficiisrecusandae.png?size=50x50&set=set1,false
292,Yasmeen,Marzelli,ymarzelli83@hibu.com,312-440-6836,user,$2a$04$.XQ51CfHfMa6YymmgfHCyeqaFd2C3xfVHDFgY4rA/9cEH6RbZmDzy,8/30/2024,https://robohash.org/minussitconsequatur.png?size=50x50&set=set1,true
293,Tresa,Layburn,tlayburn84@cisco.com,850-714-0882,user,$2a$04$q.wjo6GQNRoBDaVWNwQ34OBS.rTawzUXQOM6JqQ.ti5V57ZyLfdue,12/28/2021,https://robohash.org/molestiaeeligendimaxime.png?size=50x50&set=set1,false
294,Hansiain,Ellams,hellams85@theglobeandmail.com,891-861-0275,admin,$2a$04$YDhq2KLVfBMMNIdKXUvMl.cU09tHio.Nea1LX7DSLETn26vWfacAK,3/7/2021,https://robohash.org/dolordoloremquecorporis.png?size=50x50&set=set1,false
295,Josefa,Phizaclea,jphizaclea86@i2i.jp,844-544-5755,user,$2a$04$gaUrk06BU0ofZmM.KL6jWOvBeBFaYHnf1b9YzJnwcV3utQy9dvIf6,8/16/2024,https://robohash.org/recusandaeomnisvoluptates.png?size=50x50&set=set1,false
296,Pincus,Rockell,prockell87@nyu.edu,730-636-3696,user,$2a$04$6ZPlMuoxfirfOd4SxqE9iOfIxx8rY1Knj5K7TPIdiWdNRXqH4FwIK,3/21/2019,https://robohash.org/doloremquequiaodio.png?size=50x50&set=set1,true
297,Laural,Sloat,lsloat88@telegraph.co.uk,289-385-8465,user,$2a$04$s1IFVnRMldWwxPcg6n6eBu1InciOZV4AxJmikOIm3oT0Y9yAx4sMa,4/17/2021,https://robohash.org/animitemporenecessitatibus.png?size=50x50&set=set1,false
298,Sol,D'Aguanno,sdaguanno89@dmoz.org,397-646-5745,user,$2a$04$5NmhLgqEfyzfED/ABs5yQ.vgl.OGRmS25L5vluwgIRboiz4OAx5cO,2/5/2023,https://robohash.org/consequaturautet.png?size=50x50&set=set1,false
299,Bayard,Taverner,btaverner8a@adobe.com,984-231-9602,admin,$2a$04$.fjKoBjgXIWa4a50kO4/1OkZa.uATqgD2snkhbCZF/NvuyYV/y6RG,2/21/2016,https://robohash.org/temporenequerem.png?size=50x50&set=set1,true
300,Merle,Bisson,mbisson8b@mac.com,111-273-5212,user,$2a$04$upyqsH7.mlSVL/MwRuya7.7KvBqJDn9NdLnzU1nRLn45oZQBMOVem,4/14/2019,https://robohash.org/etistedolorum.png?size=50x50&set=set1,true
301,Cooper,Jonson,cjonson8c@state.gov,490-480-7191,user,$2a$04$wFErxqJS3HMdHsaRVVCVM.ouvp4fBVQfYvxMbHecAhv89Prritg8a,8/12/2023,https://robohash.org/autemeumrepellendus.png?size=50x50&set=set1,false
302,Rikki,Ends,rends8d@lulu.com,231-925-6565,admin,$2a$04$GlHDw08cX7g3DLPPdUS0PeGvEnfBYk1hkNIUkxwtQwC8jeyaH4DtS,5/12/2016,https://robohash.org/autvoluptasnesciunt.png?size=50x50&set=set1,true
303,Judas,Raleston,jraleston8e@hexun.com,709-528-3241,user,$2a$04$p68iT1bnpPVBtYdQrMHSVO6g7MPKiRiil.AsPPbC5WwN8MX4Yi9jy,5/17/2017,https://robohash.org/quiconsequatureveniet.png?size=50x50&set=set1,true
304,Antonietta,Kolak,akolak8f@jugem.jp,754-686-2221,user,$2a$04$tMjkr3TMyft1kYVRtXdU2uziakkMkpacsp9sZ1dxxVt8hvpEK4hkC,2/6/2021,https://robohash.org/etmaioresrerum.png?size=50x50&set=set1,false
305,Nomi,Thunnerclef,nthunnerclef8g@examiner.com,947-948-9251,admin,$2a$04$p8fnrmtL1A1GxhLTEcvCn.e/s9dfVScsx9pWvAImvqFtHOjwxA0DO,2/26/2019,https://robohash.org/dolorummodilabore.png?size=50x50&set=set1,false
306,Dwight,Pyke,dpyke8h@wsj.com,947-991-1950,user,$2a$04$ovXkFtPR5buxpN3vGdunSOlPbgWT.H.vRKIv/IwCeTsKp1a5hrNy2,5/9/2023,https://robohash.org/maioresaperiamin.png?size=50x50&set=set1,false
307,Quincey,Zanotti,qzanotti8i@wikispaces.com,420-489-1874,admin,$2a$04$z3RRNAgcwMnXiBmmYFbrRe0j/rjOkkGDf/u3ibDamOUzwg8DsUeM6,2/28/2021,https://robohash.org/rerumsapienteut.png?size=50x50&set=set1,true
308,Leigha,Frail,lfrail8j@gravatar.com,718-194-4971,admin,$2a$04$J6F2ZPoiRNOyHUjJaiPUfOEcgjHjxFnszW0/6X.EwHi2LNQXZVOP6,7/23/2024,https://robohash.org/eosconsequaturest.png?size=50x50&set=set1,true
309,Merralee,Batsford,mbatsford8k@macromedia.com,399-999-5427,user,$2a$04$6PwZO8Z2Mheo8jMGJAK1CO2lzofiwvIZOhr2DANNHyyYc0FsDetoi,6/2/2025,https://robohash.org/eaquefaceremaxime.png?size=50x50&set=set1,true
310,Stanislaw,De Anesy,sdeanesy8l@go.com,213-892-1095,user,$2a$04$w0dxVJZcJexGSa/q307EQe2nYNlfJJOQlfb0i6lZMXeBAHAHzEMGO,2/19/2020,https://robohash.org/temporeutquidem.png?size=50x50&set=set1,false
311,Lisabeth,Pydcock,lpydcock8m@usgs.gov,993-786-8701,admin,$2a$04$vC.DRdZVRAxyVoFPMfHtFekPxJqtcGn1nVN4OXRs9aHV0OJ0B/chC,1/25/2025,https://robohash.org/quasasperioresexplicabo.png?size=50x50&set=set1,true
312,Kara,Lemon,klemon8n@360.cn,656-911-7117,user,$2a$04$G94l9EPVosFstRq2SxEKH.hq7TUOoyzeC0EtjfzVWwdkBM1QiMdzy,6/27/2016,https://robohash.org/voluptatemeosvel.png?size=50x50&set=set1,false
313,Con,Kittman,ckittman8o@google.com.br,304-991-2509,user,$2a$04$9Owe7xUsdgfSsJJuAUKXdeAKu.1wXuKRkI.57dJdQaC9rq5mFpk6q,5/15/2017,https://robohash.org/quidoloremqueet.png?size=50x50&set=set1,false
314,Ruggiero,Kelmere,rkelmere8p@wp.com,883-392-6827,admin,$2a$04$xQcjcv8vIP4JqMriGJcT3OfoGJiK4ppBcIHrpDMFuuQ5B3zIwV1vi,2/21/2019,https://robohash.org/autemaliquidsunt.png?size=50x50&set=set1,true
315,Ricki,Routhorn,rrouthorn8q@ft.com,730-482-8604,user,$2a$04$QLbjfs6Zqg8S7a8T8tDj7ucCzYNOPihPaNBRpSE7gMKA5EIn9XadK,5/28/2017,https://robohash.org/consequaturnatusvoluptate.png?size=50x50&set=set1,false
316,Ernie,Franzewitch,efranzewitch8r@tuttocitta.it,262-462-1419,user,$2a$04$4fiZfmwtyYFZrILG7KjHm.vG2LvrpzM157/JMfCwxSB2Vz9VKq.CS,8/16/2025,https://robohash.org/quiadolorsapiente.png?size=50x50&set=set1,true
317,Star,Phateplace,sphateplace8s@mozilla.org,970-144-2072,user,$2a$04$S8TULZokVCdpqIC7n1BZ0eCOWQP/9J8rEBv5Lw3/A3brt051Cnpoq,12/18/2018,https://robohash.org/quodinciduntqui.png?size=50x50&set=set1,false
318,Shirl,Lobell,slobell8t@indiatimes.com,172-239-0516,admin,$2a$04$CBKyj0PFuLOtp9/ynjMeAubHs.7yue938wiIDGrO0QyVqnfa4xoSm,4/13/2015,https://robohash.org/voluptaseumet.png?size=50x50&set=set1,false
319,Dennet,Eagan,deagan8u@china.com.cn,696-262-3643,user,$2a$04$V5CzIKd3mPZJGetC/U4lWeCSw2lClRlGtbIMhRWYOIGlTN57pFlQC,8/21/2015,https://robohash.org/fugacumquesed.png?size=50x50&set=set1,false
320,Correy,Cobbin,ccobbin8v@time.com,916-813-9537,admin,$2a$04$R8ccjMoLJaHoeTPdxalDHegunKG2FrMsicGtR0VxriC7zYU8k/fQW,1/19/2023,https://robohash.org/dictadoloresplaceat.png?size=50x50&set=set1,false
321,Judy,Sussems,jsussems8w@netscape.com,320-603-2241,user,$2a$04$EUWmetkG4ninA/0OQnMUseQ8XqElBs4ZmOwP4C0LFMRNfW5ATd60y,7/26/2020,https://robohash.org/doloremadrem.png?size=50x50&set=set1,false
322,Zacharias,Gloy,zgloy8x@usnews.com,831-121-1400,user,$2a$04$nl.rxnE/ZCV9ISJDVsLU0uFlr1wmzDd9RRUYlPXQ3q918Yj1bdUdS,4/2/2018,https://robohash.org/molestiasmolestiaecum.png?size=50x50&set=set1,false
323,Bartel,Somers,bsomers8y@creativecommons.org,296-116-1146,user,$2a$04$uSvjJ.QHnq2nVj7UeM8TE.NohdmuR9PpMxPyHpUXj0QLsnGWxDF4.,10/7/2019,https://robohash.org/quosconsectetureum.png?size=50x50&set=set1,true
324,Kincaid,Tumbelty,ktumbelty8z@forbes.com,178-337-2681,user,$2a$04$pLmMSmoW1jBDrQ7GimaIDuzDMBj3u3eT4Q5znofncnxBkB9nixWpS,6/26/2024,https://robohash.org/nonfugitenim.png?size=50x50&set=set1,true
325,Rhetta,Midson,rmidson90@blog.com,153-168-4223,user,$2a$04$MYEitxXVUbw82bkNBZW3Y.ZhuGDUlsKQWriTYLwgeJKZPIXiP0Myi,8/27/2015,https://robohash.org/utdoloremab.png?size=50x50&set=set1,false
326,Delphinia,Lamperti,dlamperti91@shinystat.com,704-280-9798,admin,$2a$04$OTkc/VQGr/Y43D/IwBNxLOJ/qReOHVH585FP/Ade/e0lsxVkb7gJe,5/22/2016,https://robohash.org/repudiandaedoloremquequia.png?size=50x50&set=set1,false
327,Gannie,McIllrick,gmcillrick92@columbia.edu,169-747-3175,user,$2a$04$pPJIy21RfumVs4QV.ePiBOhCPJKXPQPqDAxU7eJKmNkZ8lmaja5/m,3/17/2017,https://robohash.org/utaccusantiumdolores.png?size=50x50&set=set1,false
328,Eloise,Blackhall,eblackhall93@washington.edu,758-261-8167,admin,$2a$04$DSrJKXQGrzYHv./dtjJttO426vZtLoNRKQz9FPo1TbPQfHwzlu6gW,4/13/2019,https://robohash.org/autautemet.png?size=50x50&set=set1,false
329,Jeremy,Son,json94@wisc.edu,616-186-9120,admin,$2a$04$nVpCaJHMz3m.mdMlKgD5TOmALqWtLdLnU9N3nLs4iIfru.IL/94Ga,5/18/2025,https://robohash.org/explicaboindeserunt.png?size=50x50&set=set1,false
330,Doretta,Bertolaccini,dbertolaccini95@fda.gov,285-967-2174,user,$2a$04$T7w8qXvMw2k8lxxrnN35Guvn7svQj.NIA4Uet.6yWW2OQXeo8yjH.,4/21/2015,https://robohash.org/idquisquamsequi.png?size=50x50&set=set1,true
331,Stacy,Bisseker,sbisseker96@cnet.com,354-434-3060,admin,$2a$04$o7DpUBS72/31R2gZxUws8e0.x6dwUa5R/frT.sr6vtdOs1SB5mv/W,5/7/2020,https://robohash.org/voluptatemautemfacere.png?size=50x50&set=set1,false
332,Forrest,Flowers,fflowers97@theatlantic.com,681-957-1765,user,$2a$04$vNkIGiYJcylcBzNw5yEEaeT8uxxAlvY2gRUssMzZTWeW7MKLIVIkK,9/15/2024,https://robohash.org/expeditaestdolor.png?size=50x50&set=set1,false
333,Coreen,Whyman,cwhyman98@discuz.net,986-306-7319,admin,$2a$04$OApS95WvpcEvkE5VpjESVexND6mR.CDNVKLK.j3Pp5JGyUdTjjR5S,6/10/2022,https://robohash.org/similiquequoslaboriosam.png?size=50x50&set=set1,true
334,Link,Deetch,ldeetch99@admin.ch,271-850-6896,admin,$2a$04$.vnFioBXwhI7Eo4iy21lNuvYcOoPHln.CruiLu4Sc9qmnTBovu8ki,5/28/2024,https://robohash.org/explicabofacilisex.png?size=50x50&set=set1,false
335,Carling,Agneau,cagneau9a@theglobeandmail.com,231-707-6187,admin,$2a$04$yknFfNxvQs9HJJIXNv1mA.QNQOFoEFNAWudgmFs0K63mgviSqjdsy,5/15/2020,https://robohash.org/sapientesolutaab.png?size=50x50&set=set1,true
336,Justis,Phippen,jphippen9b@sogou.com,282-249-1132,admin,$2a$04$c.uSXejVmHm4zXzJNjZTuO6WAXs3QBampyt1lVEGX2PS41fTvwE0C,12/30/2021,https://robohash.org/autdoloressapiente.png?size=50x50&set=set1,false
337,Rosalynd,Fair,rfair9c@prweb.com,851-892-5196,user,$2a$04$qN9Ui.hFu9/fAto5Lr7xruuzxn848uFNGEecGVqo70DwEhBVbJEyO,10/25/2020,https://robohash.org/inperferendisasperiores.png?size=50x50&set=set1,true
338,Skippie,Truss,struss9d@washingtonpost.com,368-848-4745,admin,$2a$04$rMY1mpyxTm6egTtA1goAlulNGwgyhrGduesSQvLZKhuVlLw4PaR8.,2/4/2025,https://robohash.org/debitisquodratione.png?size=50x50&set=set1,true
339,Alister,Brilon,abrilon9e@cdc.gov,291-540-5021,user,$2a$04$kuWRAZ0GxwJWm/GQ8sXA2uPs/IWI0nVjBI7L7kPTIq0ubRXry1fEW,7/6/2023,https://robohash.org/rerumametanimi.png?size=50x50&set=set1,true
340,Queenie,Mansell,qmansell9f@hatena.ne.jp,527-923-0523,user,$2a$04$eA9auGvsjJTr6dHTw17alOA/v3Mp1NftiWm/.MlJy7Zn670x7cBvC,12/2/2015,https://robohash.org/sedeosex.png?size=50x50&set=set1,true
341,Tiffanie,Elcombe,telcombe9g@jugem.jp,413-814-4535,admin,$2a$04$I3sF5tGZ5adRJYmPrPoLb.SS0HqvurRA7qK6uLaQ76n9Vgi/Ty2yK,8/20/2019,https://robohash.org/repellatiustoeos.png?size=50x50&set=set1,false
342,Korry,Addinall,kaddinall9h@cnn.com,276-682-3855,admin,$2a$04$KsgGPjBS2av6Hz4ZQDmjVevcuBq2.hO3g.f.DbdpeuQZZMncfD3SS,1/20/2021,https://robohash.org/voluptasdoloresvoluptatibus.png?size=50x50&set=set1,false
343,Terrill,Gallone,tgallone9i@seattletimes.com,626-733-4514,admin,$2a$04$dk637klezTo3Yw1OkZXae.y0BtFKZ54.lFAaAd9fTZ1IyvICNC6la,1/26/2019,https://robohash.org/impeditfugitsequi.png?size=50x50&set=set1,true
344,Patrizio,Sreenan,psreenan9j@imdb.com,447-733-2825,user,$2a$04$c9OYpFvgDeB8EPGFnj/qg.JuM6EaGZaKyiYbXtzmUC23ZOHXrR05C,12/17/2024,https://robohash.org/asperioresliberorepudiandae.png?size=50x50&set=set1,true
345,Mab,Ianelli,mianelli9k@businessweek.com,117-616-4667,user,$2a$04$JCQvAwkHAs.Qzc8t5e9bQu5KQTPCtBq4TFL0kjil9jGdtWwzFW9DK,1/5/2023,https://robohash.org/culpaetsint.png?size=50x50&set=set1,false
346,Thornton,Swetmore,tswetmore9l@uiuc.edu,396-471-3685,admin,$2a$04$l8czm5cvwCWtCVsdND/Cne6vCj5AwON6WDDLk2ow1Io.GLewlQOXC,12/30/2017,https://robohash.org/rationeeadolorem.png?size=50x50&set=set1,false
347,Elwira,Farge,efarge9m@parallels.com,139-578-9027,admin,$2a$04$h6eW.SURLWDoeMOCEpV0iufqnhCrvhS1k4bRMTVEtFNqLyVSRbF/O,6/11/2021,https://robohash.org/voluptatibusliberoeos.png?size=50x50&set=set1,true
348,Ellette,Wankling,ewankling9n@clickbank.net,119-129-0033,admin,$2a$04$emVK3kPeyl6bDnt9JvddVOjo7bPh6Q3Uy1MCOGlPXem9Vu/8kltQi,7/22/2019,https://robohash.org/vitaeestut.png?size=50x50&set=set1,false
349,Emery,Cobb,ecobb9o@unicef.org,787-996-9617,user,$2a$04$kq1N9aMHqTHQxrF2Qwvs0OEvtkt12qzTesb/.TbnkevpZtUbsbn3O,9/13/2016,https://robohash.org/idaliasaccusamus.png?size=50x50&set=set1,true
350,Teddy,Renneke,trenneke9p@indiatimes.com,194-329-0566,admin,$2a$04$X4a9UTkU2pqzdwEOBb7oW.drtWrbGti9DCzK5Ao5u.94EREjZbl3K,2/14/2023,https://robohash.org/sitsedquia.png?size=50x50&set=set1,true
351,Toma,Warboy,twarboy9q@github.io,659-485-4717,admin,$2a$04$B8vhHAfzur7pNXsBWGggYO5/to1IJZCXRHYJ4hdVmaJ6Rxb0SOd8W,8/15/2024,https://robohash.org/beataequaenecessitatibus.png?size=50x50&set=set1,true
352,Xena,Ambler,xambler9r@nydailynews.com,906-375-8134,user,$2a$04$XO0nPYUOgiYGqtZU1TznQubE3lSEvmz2Jb/jxeyfAFS.lDoJO15bK,9/23/2018,https://robohash.org/consequaturetmolestiae.png?size=50x50&set=set1,false
353,Udale,Bowmen,ubowmen9s@jiathis.com,819-777-1126,user,$2a$04$27nzhyYa6X9GUnSKqOkT/./44vqEMl34jP4/uXXX8oVRRXLcaUsNa,1/29/2017,https://robohash.org/quodistinctioet.png?size=50x50&set=set1,false
354,Greg,Hauxby,ghauxby9t@a8.net,520-807-4497,user,$2a$04$qzYWA5R96IDlpvAwSgV5lue/C8ZkfGcVk1vYLmymZF9OYkXCWdOBm,5/27/2022,https://robohash.org/voluptatemanimirerum.png?size=50x50&set=set1,false
355,Franchot,Mainston,fmainston9u@nationalgeographic.com,945-230-8148,user,$2a$04$awP01sgp4uH4W8vlh2oSi.jh43q.MpX5ZJcXlKN.SCl7HV2BDOtB2,9/11/2024,https://robohash.org/quaeratistequi.png?size=50x50&set=set1,false
356,Charlot,Duesberry,cduesberry9v@alexa.com,660-779-3626,user,$2a$04$8EqLwmlCrbKBRFHu52WWTusORb02ic2uGrVq8ydJjvvCXuu1HsxDi,7/18/2017,https://robohash.org/eaoccaecatianimi.png?size=50x50&set=set1,true
357,Kali,Gye,kgye9w@theguardian.com,851-868-7791,user,$2a$04$UDrvYcwmZH7.aQ2qQvu21elL4eKj7ZabT.s.nxeR3pS35bjfvAhbi,11/9/2024,https://robohash.org/adsuntet.png?size=50x50&set=set1,true
358,Christie,Lichtfoth,clichtfoth9x@ifeng.com,152-684-0075,user,$2a$04$L0g4eeGH4slA/53giGyfjOD092g80FOvi1lpBVyiAuxoAraATHmeC,1/5/2023,https://robohash.org/doloristeet.png?size=50x50&set=set1,false
359,Thea,Brickett,tbrickett9y@phpbb.com,848-106-8855,user,$2a$04$umZYnsgryjcsp4af7rW.t.PfTpru5gLSlHPJeh8ndGpHroCmsFYMG,3/18/2025,https://robohash.org/ipsaeiusconsequuntur.png?size=50x50&set=set1,false
360,Cherey,Pendred,cpendred9z@biglobe.ne.jp,279-695-4698,user,$2a$04$FDN3LTt/mJHcab8x2WdqquudaTZaxPg280UWMbWIFeEOXobnST8Tq,2/26/2018,https://robohash.org/magniquoquaerat.png?size=50x50&set=set1,true
361,Frederique,Lambricht,flambrichta0@harvard.edu,458-613-2341,admin,$2a$04$8uPtfRvcRguTmxeVL4TaiuB.dfXxZ6yK9SYrn6C/HEkEYLv6Ewgea,3/16/2024,https://robohash.org/saepevelitet.png?size=50x50&set=set1,true
362,Jessamine,Heaps,jheapsa1@scribd.com,576-279-4805,admin,$2a$04$znjGQ5ZcHxJtQUXkq/TaaO1mFrcCa13QcWpTmBdrFV/It9NWC37AG,5/30/2019,https://robohash.org/oditminimalaboriosam.png?size=50x50&set=set1,true
363,Ansley,Iacovuzzi,aiacovuzzia2@jugem.jp,904-632-8184,admin,$2a$04$QBtdaY8eypQPtYmdo.8knuZczY757vWnuleW3v5fqliwU4TChe8TW,3/11/2025,https://robohash.org/veniamnamqui.png?size=50x50&set=set1,true
364,Temple,Dawtry,tdawtrya3@yandex.ru,662-662-1469,admin,$2a$04$./MqjtXTteyuXq5OccyTVuF9bm5VrNq9yZccm6PdmUqA75RRmiG2G,9/9/2020,https://robohash.org/corporismolestiaeest.png?size=50x50&set=set1,false
365,Vassili,Corking,vcorkinga4@nba.com,220-229-8852,admin,$2a$04$63tHKzrKSwynU9S8tCy2l.0KxRU/o87HSfoNLup3gA.Grt7J.1yEe,3/18/2025,https://robohash.org/sedautemplaceat.png?size=50x50&set=set1,true
366,Gena,Leckie,gleckiea5@123-reg.co.uk,149-452-3208,admin,$2a$04$fMa5TokX4.fFR7igo/rsK.S.yZqTTp5NQ2NDedy4mh3gf3AkswSnC,10/25/2024,https://robohash.org/ipsumeaqueaut.png?size=50x50&set=set1,true
367,Adrea,MacInherney,amacinherneya6@unesco.org,532-162-2315,user,$2a$04$6lEizpvm/oEqPLws2nXCHejLaoJGV7VNgbA1z2l24pM3GbgCCjG0e,2/10/2021,https://robohash.org/idarchitectodeserunt.png?size=50x50&set=set1,false
368,Birch,Fulker,bfulkera7@wordpress.org,547-167-3326,user,$2a$04$V/uIBl94hG.3gC1AiB/Rzexk4gTj9sAwVmTHjDu19xo/LftywgV3a,2/12/2020,https://robohash.org/noninventoreipsa.png?size=50x50&set=set1,false
369,Davita,Prescot,dprescota8@admin.ch,888-573-5964,user,$2a$04$IEayIKuAKvb.mJL6u87cROT74pnXS6beGcANPQhyrUT0N1cXrlZQ2,9/3/2017,https://robohash.org/quinihiloptio.png?size=50x50&set=set1,false
370,Amory,Mansfield,amansfielda9@google.co.jp,436-585-3239,admin,$2a$04$yATEL1o/aoTsFHvAsU3ucOsbe14ryLCxO.bhyC8FzYtBL3D6bTlqK,6/23/2022,https://robohash.org/errorvoluptatemveniam.png?size=50x50&set=set1,false
371,Georgina,Mongain,gmongainaa@trellian.com,499-850-7158,user,$2a$04$1wYgCKV5HZLP70b0PXRJxeuY/k5bQJI.lldMN9RV4aJUyEj4haKhq,7/22/2017,https://robohash.org/nequeimpeditdeleniti.png?size=50x50&set=set1,true
372,Thaine,Linley,tlinleyab@springer.com,328-615-0640,user,$2a$04$wskdoTc4mrUeFy2xvvW9OOm/Mv8mZhw/n0LAVifrHNJnphsLxpdgy,1/12/2015,https://robohash.org/utodiomolestiae.png?size=50x50&set=set1,false
373,Iorgos,Labden,ilabdenac@msn.com,879-925-6339,admin,$2a$04$9i2hi9lzhYi7DtdKP0zEGegACtBhl.GRMXYK1MDdcFkZnx1S3k66a,10/3/2019,https://robohash.org/liberoeumut.png?size=50x50&set=set1,true
374,Nonnah,Rowley,nrowleyad@jalbum.net,245-571-2827,admin,$2a$04$2vQ5JTHaRnzRQcE9ZRVtDeETV1tkbhFwLpZXAJP.uABdxfHTuAL3C,6/13/2025,https://robohash.org/delenitiquodolor.png?size=50x50&set=set1,true
375,Ferne,Newlove,fnewloveae@i2i.jp,637-796-5529,user,$2a$04$QBVaCiVomWoVYlMVE6clL.5.tWim.EUTF608RYPKpDioDrzPW9Tpe,10/18/2018,https://robohash.org/voluptatumeiusvoluptatem.png?size=50x50&set=set1,true
376,Matelda,Cumber,mcumberaf@jalbum.net,927-843-8693,admin,$2a$04$LuQNCCusWsjdK/4YECQy7Oz86Ymh6W8mprZiWKEdXn63pKNbny2gS,8/21/2015,https://robohash.org/solutaetnon.png?size=50x50&set=set1,true
377,Aubree,Proud,aproudag@myspace.com,212-621-4864,admin,$2a$04$3nHKiKIRshT3ZNIFQEMkuuqhbJNu7TnSsSiim4QtmvUGW0iCir7pi,10/24/2015,https://robohash.org/dolorestotamnatus.png?size=50x50&set=set1,false
378,Carlin,Whenman,cwhenmanah@wunderground.com,845-801-7747,user,$2a$04$uk.sg/ipQ8Y/YkNo6cNKfO9FA8SQQOpvvIDzDW7lzOMkVxTK7DFey,11/5/2025,https://robohash.org/erroraliasipsum.png?size=50x50&set=set1,false
379,Maison,Beviss,mbevissai@mit.edu,486-644-6191,user,$2a$04$u0biBh8E/RpyNUetXSsZY.ireHwUf307Fq2t2.iIg3vJR.2JgHFWK,1/28/2019,https://robohash.org/inmodised.png?size=50x50&set=set1,true
380,Berri,Wort,bwortaj@simplemachines.org,887-570-1132,admin,$2a$04$ZfRIJNMdQRmzabTZtnmc4ugTZnpgBVvLFsMUXCfCqrStO/vmunbhe,11/5/2015,https://robohash.org/exvoluptatummolestiae.png?size=50x50&set=set1,true
381,Ced,Dudeney,cdudeneyak@printfriendly.com,432-905-7177,admin,$2a$04$oKoqZJ3GLQo9UrxTSzEiA.ktI1qGKMpKlL6eZZ/im69FHURFcOHd6,9/27/2019,https://robohash.org/dolorumblanditiissit.png?size=50x50&set=set1,false
382,Libbi,Pooly,lpoolyal@opensource.org,193-643-0623,user,$2a$04$Q6feZeeSx9wSFDJT83nvNOTm90zHbxE2bv20t8zJReP6J9ev.msba,1/4/2017,https://robohash.org/doloremfugiatincidunt.png?size=50x50&set=set1,false
383,Pearle,Kerwin,pkerwinam@quantcast.com,643-808-5012,admin,$2a$04$.Ohx3TdRqWf8iDc6MRS7yuFe93Z5on33JLI86pHy5XaZi3IB4NbEu,3/9/2021,https://robohash.org/etnullaid.png?size=50x50&set=set1,true
384,Kimberley,Lucas,klucasan@globo.com,190-770-9103,admin,$2a$04$lKuxHnBRqifFnlqJoKUBYebRE4zJz5gFvrb4FOh.5hdf1Qlp47HJO,12/25/2024,https://robohash.org/corruptieaquibusdam.png?size=50x50&set=set1,true
385,Theressa,Sexcey,tsexceyao@blogs.com,776-549-8080,admin,$2a$04$5QX/MCbznmcDGWQBntaCIusP9EecJsmjoJaP/MlOOb7Ecl1XWxtBC,5/20/2022,https://robohash.org/modisedaut.png?size=50x50&set=set1,false
386,Dorrie,Perfitt,dperfittap@fc2.com,583-841-8933,user,$2a$04$u.2k2LH09eJlkBRI3k33u.GLMr4NX6ndbHAk.IwrUhCu0Q89C1TPa,12/10/2016,https://robohash.org/beataedolorpraesentium.png?size=50x50&set=set1,false
387,Sebastien,Olyfat,solyfataq@auda.org.au,524-769-3744,admin,$2a$04$I9bh/axu7LiAW0lLWkb2L.Uz82n6WPXLuoDeAMRdq5VC0VIEcxRVK,8/20/2023,https://robohash.org/nihildoloriure.png?size=50x50&set=set1,false
388,Waylen,Gomm,wgommar@craigslist.org,394-944-9102,admin,$2a$04$gXSx8mM/c6cB7f/tMtZbLOoO8v4L1xEg5wFI24NAuZUoulVZm/xgi,9/20/2023,https://robohash.org/excepturioccaecatiquia.png?size=50x50&set=set1,false
389,Jule,Ziems,jziemsas@stumbleupon.com,918-148-5405,admin,$2a$04$NDXS/2pyoxRDyXZEy7fP0edbaAiPT3UjtWX.7QbGGxgjF8kqjGVoG,8/24/2016,https://robohash.org/etsuscipitlaudantium.png?size=50x50&set=set1,true
390,Sergent,Potier,spotierat@miibeian.gov.cn,433-670-0836,admin,$2a$04$dvDT6xhtrt1Tc/p/PY9Cyuucy739X1XjC/ULlSoj.nmoOAf/4kBwu,4/12/2015,https://robohash.org/providentnonneque.png?size=50x50&set=set1,false
391,Jenelle,De Pietri,jdepietriau@freewebs.com,942-729-5640,admin,$2a$04$ZfOXYqvLqUXjrlcTUGsfEuGutEKyAJ9jDacmi/yJcnPuH7xXzgaMm,1/24/2024,https://robohash.org/laborumaspernaturdoloremque.png?size=50x50&set=set1,true
392,Haven,Ganforthe,hganfortheav@boston.com,233-245-1076,user,$2a$04$BBxRbsP4V5rGKBjLxAyg4OKtpyJpk0ukABPk3S9DvbJlgnxApYD4e,11/23/2023,https://robohash.org/itaqueetdoloribus.png?size=50x50&set=set1,true
393,Peyter,Dilnot,pdilnotaw@unc.edu,402-885-3122,admin,$2a$04$eiQ/5niulC.Lz255XWiiR.BdDBcwneX9QcWpXbU.meGXieT7IpdIW,11/4/2020,https://robohash.org/sequisapientevoluptatem.png?size=50x50&set=set1,false
394,Karlotte,Dadswell,kdadswellax@bloomberg.com,146-155-9307,user,$2a$04$zwsIhga4HXH3AC.0S9LieefH7eGIcavJheDobXu...YYzVAAar8O2,5/14/2022,https://robohash.org/incorruptiipsam.png?size=50x50&set=set1,false
395,Hillery,Guitel,hguitelay@mac.com,626-256-2195,user,$2a$04$1GFINqlyocp/sXbjpYcbs.aRGSrnPuOMiOEIWRMYdhIQQ/lxXkgzS,10/28/2024,https://robohash.org/repellatcorporisitaque.png?size=50x50&set=set1,true
396,Phyllis,Warboy,pwarboyaz@ustream.tv,461-141-7850,user,$2a$04$d5a4ajE/t/yHPwXWPAY2p.Jz66xJJ1OXC0zt36EV0Ip0qm583zDOC,9/20/2015,https://robohash.org/isteautdignissimos.png?size=50x50&set=set1,false
397,Anestassia,Deavall,adeavallb0@yandex.ru,566-465-7220,admin,$2a$04$M29VebiYiu/Lgso0q.qTfO1QXdpvLfmIKC6pgNnqPRn7e45IR..6G,8/10/2025,https://robohash.org/consequaturquisuscipit.png?size=50x50&set=set1,false
398,Margit,Flack,mflackb1@odnoklassniki.ru,621-294-0486,admin,$2a$04$yOdaVvwx2iRd8R/0sFjAtuNsEhT8uqwkWftkYJ0xI6bsstKSIVs3y,1/26/2023,https://robohash.org/temporibussuntexplicabo.png?size=50x50&set=set1,false
399,Cyb,Biernacki,cbiernackib2@disqus.com,169-173-6935,admin,$2a$04$MhI7O0s6m4i/0Zh7NPAy5./xquCSvvfYcG/K3gySM2VJwIKUQgbd2,7/29/2022,https://robohash.org/quiasuntquam.png?size=50x50&set=set1,true
400,Rhonda,Derkes,rderkesb3@tmall.com,515-373-0430,user,$2a$04$UdF3gdwStoikOPgHKTwj4.qeQuilMzDQlqBCN39UHBhW7J4cQuFga,7/10/2015,https://robohash.org/nemorepellaterror.png?size=50x50&set=set1,true
401,Eilis,Jouanny,ejouannyb4@buzzfeed.com,583-801-5059,user,$2a$04$r/IFjNsX4q8yeqdV3PUPbeDRtcHCx0AupWTaShZLA1ucHP4P6hEDO,1/1/2019,https://robohash.org/suntaperiamaut.png?size=50x50&set=set1,true
402,Emmy,Giacaponi,egiacaponib5@instagram.com,692-885-7708,admin,$2a$04$Q9cEOPIAe9g825NH0JZtv.sbfpPYw/NoAR2DNbkKtn2eNiKsvxQeG,3/30/2016,https://robohash.org/aliquamquosreiciendis.png?size=50x50&set=set1,true
403,Lenci,McKintosh,lmckintoshb6@ft.com,599-567-4474,admin,$2a$04$463NsXap4UFQoPUx7fcMtuKOF5Kwqn48w2WcSLZj22d/i859SanDi,12/10/2025,https://robohash.org/velitsedest.png?size=50x50&set=set1,true
404,Rice,Damrel,rdamrelb7@nationalgeographic.com,202-342-9622,user,$2a$04$KamZUz0Y59j1emMc9aUoBeyLLV7d8VFPz0U5UaGESd6mDN1FuPPpG,3/20/2023,https://robohash.org/quoetquo.png?size=50x50&set=set1,true
405,Jedediah,Andri,jandrib8@si.edu,829-444-7506,user,$2a$04$wlDqGW.dTl83Gkf3pTmfOutF96TtXKLSXJiSHDDMwyZnmS.G2CxTO,10/14/2020,https://robohash.org/quiavelitfugiat.png?size=50x50&set=set1,false
406,Phaidra,Liversley,pliversleyb9@simplemachines.org,324-930-6890,admin,$2a$04$pdiC9XEE1lwwsw3Adqn5M.xAt0T.mx6LEtC2EMNMKV81Mjbn3kJBS,2/11/2025,https://robohash.org/rerummaximecupiditate.png?size=50x50&set=set1,false
407,Minny,Olivier,molivierba@technorati.com,782-788-1228,admin,$2a$04$uk3NpPSblqnsMoAc.h7YeOaOLKvV/S8LRGaj5DHZqZ5jcP4cek0P2,11/1/2023,https://robohash.org/voluptatemmolestiaeplaceat.png?size=50x50&set=set1,true
408,Manolo,Georgeot,mgeorgeotbb@discuz.net,366-726-7089,user,$2a$04$oLHPTiZxVoMiUimyzi/Z4OwLfQoQTsdV1VOZ3KIlHHv5rkbrO4pwe,2/20/2018,https://robohash.org/quasautemea.png?size=50x50&set=set1,false
409,Kameko,Dominichelli,kdominichellibc@google.ru,565-802-0248,admin,$2a$04$FiJi7QP7rsig1vzjCgDFNOFDzoGIUPg0PsWThv0CFiEOMsc5hLzr6,2/22/2015,https://robohash.org/sednobisenim.png?size=50x50&set=set1,false
410,Tomas,Jobson,tjobsonbd@patch.com,732-299-8741,user,$2a$04$0V41Qu6RI3nsh/PajqyS..0Xsnf9qs1CxQmvifbJy98GTjR0w6QXq,7/12/2021,https://robohash.org/veniamsuntculpa.png?size=50x50&set=set1,false
411,Moore,Bollam,mbollambe@amazon.co.jp,772-100-8610,admin,$2a$04$ctlTBsWswfIQfmqVxP9/Remwyn6rkWkY6aiPWHitoFIKujK0j.KJW,10/5/2019,https://robohash.org/molestiaeblanditiisnon.png?size=50x50&set=set1,true
412,Dalenna,Bayston,dbaystonbf@google.it,855-106-3752,user,$2a$04$tRJqobFXmq2MbuMpCG8eEurFjwBR5IURUIA8j7gX0JGCiFFU/0n/m,12/21/2025,https://robohash.org/blanditiishicenim.png?size=50x50&set=set1,true
413,Goddart,Price,gpricebg@cornell.edu,910-728-6444,admin,$2a$04$6WAV0Ful0xk9mamxN/UUOuht5fJjrrPq0U38rhRISCobOauH7KQta,5/4/2023,https://robohash.org/necessitatibusnullaab.png?size=50x50&set=set1,false
414,Francyne,Targe,ftargebh@nih.gov,139-537-8528,user,$2a$04$IZzfRQuCRcmMlwJeuHdbyevOhU96o9eP8Sgv0E/W2ctpxNSzvMArW,4/9/2023,https://robohash.org/accusantiumnullaquis.png?size=50x50&set=set1,true
415,Prudi,Beneze,pbenezebi@toplist.cz,747-437-1572,admin,$2a$04$gnO6Kifd4p9ClvXk5EakjOc3BlnCK9fgsxIKCH7JQf2O15jPLf1Ai,1/16/2023,https://robohash.org/easedtempore.png?size=50x50&set=set1,true
416,Selinda,Tidball,stidballbj@mediafire.com,281-101-2552,admin,$2a$04$nWpNvoAV7ktXb2v09cnEdeIewObIiAbRzTZOIKxYCHyLlVS/OiulC,12/24/2020,https://robohash.org/quidoloressaepe.png?size=50x50&set=set1,false
417,Othilie,Wayper,owayperbk@free.fr,251-989-6185,user,$2a$04$EKCvzwNleNCc8HPeWZMalezOZUwsn8mlgM09Vm8qLXlA3tsN2aVIm,8/29/2018,https://robohash.org/utvelest.png?size=50x50&set=set1,false
418,Neale,Baiss,nbaissbl@indiatimes.com,585-795-8998,admin,$2a$04$ynf5Ru3cGa1WJV/unVJZHujkQ6WBz6zZFIpNm4Bab6X2jeAbjgng6,3/7/2021,https://robohash.org/itaquefugaullam.png?size=50x50&set=set1,false
419,Ker,Rabb,krabbbm@usnews.com,945-755-9425,user,$2a$04$W8uEqa2b2clP5beTTEfmke67z5WU/nzJMkOfKA7GrRQCtyd58d1s2,12/2/2024,https://robohash.org/suntmaioresvoluptatem.png?size=50x50&set=set1,true
420,Whittaker,Petrulis,wpetrulisbn@wsj.com,182-710-3793,admin,$2a$04$OnN4j69YdscewUuCkWbzL.gzy.HnVd9VpBuwVNPOQ27wM71BokBhS,6/3/2020,https://robohash.org/quiaodiodoloribus.png?size=50x50&set=set1,true
421,Giralda,Gulk,ggulkbo@prweb.com,532-898-5199,user,$2a$04$rN.0I8oTLp9r0AP7H27P0uc.wiN85ahmy5viVgRMXGBf7ATzQq9b.,12/9/2018,https://robohash.org/utmolestiaeillo.png?size=50x50&set=set1,true
422,Vite,Wilmington,vwilmingtonbp@discovery.com,685-356-3781,user,$2a$04$PlSbd4CMlJ9Ub7iKVUJVOeQHHTUFhpqH10aB.gQeBRgKJ/ztimZVW,4/20/2022,https://robohash.org/eaquequasipsum.png?size=50x50&set=set1,true
423,Christalle,Humpherson,chumphersonbq@altervista.org,772-151-1734,user,$2a$04$cB.1lKs87NtALxoSsoN3P.qrkF7f.gDiwuGnDv65YWvffDt0yvd7u,11/22/2020,https://robohash.org/corporismaioresaut.png?size=50x50&set=set1,false
424,Barbi,Climie,bclimiebr@google.fr,204-781-1671,user,$2a$04$1iHfTVfOSy2i86RJeVDE4.ClVykqaa5QzoV7BkObnPsCrhBAA8Hp6,9/22/2015,https://robohash.org/etsinteos.png?size=50x50&set=set1,false
425,Kristan,Scarrott,kscarrottbs@oaic.gov.au,446-557-7254,admin,$2a$04$V88xWO1BAVoKg.gqvpdYfOp.volDeu3fMSAm.SO/XiofnlhED.fwa,3/24/2019,https://robohash.org/errornatusmaxime.png?size=50x50&set=set1,true
426,Artus,Ygo,aygobt@digg.com,564-926-2294,user,$2a$04$Ko6ylV9.lS/zy9zvt0WBc.mnCPqnLIvpc3F2TqSRKqZ9sJbkzhuEW,9/19/2016,https://robohash.org/possimusnatusut.png?size=50x50&set=set1,false
427,Letizia,McGaraghan,lmcgaraghanbu@ibm.com,248-488-8118,admin,$2a$04$WXJf1nMYF4SLGIKXll3/J.6uCFubOXg6g8qI88M/zZ6DV9u4SEXNe,8/19/2025,https://robohash.org/magnamquiscum.png?size=50x50&set=set1,true
428,Nicole,MacFayden,nmacfaydenbv@is.gd,241-578-2108,admin,$2a$04$LaUqCribGsopVjzAfb2UkuyoDTrCsDSMoKGsADGCUOinqqVQ8Ioaa,6/14/2022,https://robohash.org/harumimpeditporro.png?size=50x50&set=set1,false
429,Patty,Corkhill,pcorkhillbw@disqus.com,861-862-2084,user,$2a$04$XJkCx.ejl3i7ZiqODp8xruvA0jtyUqaCe8tR70t.2gC6MZ6LwkP6O,1/11/2025,https://robohash.org/cumfacereiure.png?size=50x50&set=set1,false
430,Fulton,Silveston,fsilvestonbx@washington.edu,896-448-1026,user,$2a$04$XUwnbHwF6DDguPgkjIudmuUGnQDX/Qt.OHIHiPK5aX//P0SwgWbx2,9/14/2016,https://robohash.org/voluptatenemoconsequatur.png?size=50x50&set=set1,true
431,Merlina,Durning,mdurningby@nba.com,451-914-2137,admin,$2a$04$edGeQuhTMLX.mVGPy6rNYezUZ1BEjgIAZCeu0uAyL4Tm8NfD8DggK,8/29/2025,https://robohash.org/delenitiquaeratrepellat.png?size=50x50&set=set1,true
432,Hamel,Palatino,hpalatinobz@blogs.com,255-838-6128,admin,$2a$04$r..pXjrsDjVy4XRSZ94qsuPcULShW1FEMTFHEICLBWY3ZU.RoVMSi,1/1/2015,https://robohash.org/accusamusenimquo.png?size=50x50&set=set1,true
433,Bealle,Yon,byonc0@prnewswire.com,163-298-3840,admin,$2a$04$0YcPVDH.Ge0IbtBmkSlBwebJfawSCp0kUuFpMu5mTcLs1BNPT/iUu,12/29/2023,https://robohash.org/eosetsequi.png?size=50x50&set=set1,false
434,Nester,Golson,ngolsonc1@rediff.com,564-950-1066,admin,$2a$04$CJo2Brov.K9RVsmz8PKSNu7OsCBexPiGeBJWpRmZEmyJVzCEUwlrq,10/31/2023,https://robohash.org/aliaseatotam.png?size=50x50&set=set1,false
435,Chadwick,McNickle,cmcnicklec2@washingtonpost.com,372-913-7652,admin,$2a$04$273c1l8tsC3nXx6fj5vRjeb.Mpo4cn9wzXtzW387OJU6K6NtpQA/O,7/9/2015,https://robohash.org/voluptatemfugitqui.png?size=50x50&set=set1,false
436,Barton,Butten,bbuttenc3@cnn.com,420-578-7427,admin,$2a$04$L8uQ/iyy/3pSEWT/m2CRs.nJLQSTK9a7j2j3HzUKT/ioiHjm8/haO,9/26/2021,https://robohash.org/esseautnon.png?size=50x50&set=set1,true
437,Isobel,Ewington,iewingtonc4@sciencedirect.com,985-234-6589,user,$2a$04$zwgtAbDwPsBgOqO7lU7Sy.xxIDZC.CVZk8wRnuNNIQMGpn77/4w1.,2/12/2015,https://robohash.org/distinctiosimiliquealias.png?size=50x50&set=set1,true
438,Windham,Shakle,wshaklec5@biglobe.ne.jp,124-307-3856,user,$2a$04$sbdsql5MJGoKdJ4oGz9.peIymrbvbqW7KUZb/KQn/IBvn3M6HHffa,6/17/2018,https://robohash.org/hicperferendiscumque.png?size=50x50&set=set1,true
439,Pier,Nilles,pnillesc6@vkontakte.ru,615-131-3878,user,$2a$04$zS5AYMNdjHm4HNNjbgdp2efjAbZRjAEPT6dFx/M3e8kSZvaoXVZRi,9/11/2022,https://robohash.org/autemessequi.png?size=50x50&set=set1,true
440,Jerrylee,Marke,jmarkec7@smugmug.com,526-587-6720,admin,$2a$04$LM5P5.A0ZkP5bv4zhvGLZO0y.U4yMvyxO82Rb3rgHTNrvsV13oOBe,4/17/2016,https://robohash.org/ullammolestiassed.png?size=50x50&set=set1,false
441,Sibbie,Harnetty,sharnettyc8@dedecms.com,116-490-6884,admin,$2a$04$28ySjkhue8CWQQVSqi4n1uIDca9mMEV7S21YXpcI/BhKm9kciylG6,8/28/2015,https://robohash.org/doloribusofficiisrerum.png?size=50x50&set=set1,true
442,Stanly,Gong,sgongc9@ucsd.edu,655-351-8824,admin,$2a$04$cGYZf1nlcI27YcmktHZMsOHEam9W0vbqs4zxNB7dcyePCF42DiJlO,5/24/2024,https://robohash.org/etlaboriosamdistinctio.png?size=50x50&set=set1,true
443,Manny,Giddings,mgiddingsca@wiley.com,719-570-3054,user,$2a$04$3TB1yf3oVOiFESZ1QCnPR.D.dp1G7wMHt0fj6aCH.5x68nLoVzTTu,12/16/2016,https://robohash.org/quiaquisquamin.png?size=50x50&set=set1,false
444,Steven,Skelly,sskellycb@reverbnation.com,794-311-4091,admin,$2a$04$yTxqMl0s36mwDfOoN7Dc4eoALvKgnQIHM6v0pLsu1NKEWXKOjlXjS,2/11/2017,https://robohash.org/illofugalaborum.png?size=50x50&set=set1,true
445,Shaylah,Mannie,smanniecc@example.com,559-766-4543,admin,$2a$04$tZ0QfXt.cAXPacbbJIYqzeEZXIpSRkFUAW3UFFzwDMjaF2SyNAUmm,3/29/2019,https://robohash.org/rerumexercitationemquis.png?size=50x50&set=set1,false
446,Harriot,Sollam,hsollamcd@joomla.org,305-968-8826,admin,$2a$04$7PbmMbiiXJi6GmKua73wL.N1Uo7aM56um1KFJ9vuEemQIL4.XGQ7q,8/19/2024,https://robohash.org/asperioresdictacum.png?size=50x50&set=set1,true
447,Madella,Thackwray,mthackwrayce@dailymail.co.uk,618-742-9100,admin,$2a$04$5hKMpEydgIEZmzEnHXhwB.vWf2jzMoE6EbBsNcAzXFjr/UOBK.5qq,6/27/2016,https://robohash.org/possimusenimut.png?size=50x50&set=set1,true
448,Jehu,Took,jtookcf@gravatar.com,703-289-1585,admin,$2a$04$NUpYtMsEHSaWXczFuMDOdukyGcqdARRwn9PHzrhGu675WV6fDmmC6,5/7/2016,https://robohash.org/abomnisvoluptatem.png?size=50x50&set=set1,false
449,Gwendolen,Tomashov,gtomashovcg@pcworld.com,187-364-2992,user,$2a$04$SaOkD.hbOABvSc.7hWhB1.nh4iqn4lqS8J7Y7FS17VIPJeaxyWgia,8/28/2022,https://robohash.org/nullalaudantiumconsequatur.png?size=50x50&set=set1,false
450,Hirsch,Brehat,hbrehatch@latimes.com,149-551-1842,user,$2a$04$74lEAURrBPQ0sFCJdiMZiesttJh5T19SfoSlx4iabLoN6Fj4tnx0i,1/26/2015,https://robohash.org/estutcum.png?size=50x50&set=set1,false
451,Tyrone,Cradock,tcradockci@shinystat.com,777-636-4806,user,$2a$04$gY2P8KMcPd5QqzfArPb0huof/xRUIft0ZRe3Q7n8Luh1oHTNoYJhq,6/12/2018,https://robohash.org/modinecessitatibusvelit.png?size=50x50&set=set1,false
452,Hakim,Lidbetter,hlidbettercj@alexa.com,367-169-7741,admin,$2a$04$Txsx7iMNtRhvm/cfILwHnuHZmNqbgvijDe6Mu7oh5jlyJ7X9kCTB2,12/27/2015,https://robohash.org/doloremquereiciendisnecessitatibus.png?size=50x50&set=set1,false
453,Nanni,Ahmed,nahmedck@rediff.com,856-259-0000,user,$2a$04$OB2CKUexo1kcJQyEM/Y8w.EbkZPjdoGAQ3Zrrif0uVh/zJSCDUNA2,5/17/2018,https://robohash.org/odioeumdeleniti.png?size=50x50&set=set1,true
454,Marie-ann,Habberjam,mhabberjamcl@163.com,700-298-2286,admin,$2a$04$B4I.bURAFovk8fdkTVxuiOO2K5OaA3WMxB7wRpjbaiDjJi.hEGX7O,6/19/2019,https://robohash.org/harumquominus.png?size=50x50&set=set1,true
455,Emily,Benbow,ebenbowcm@dedecms.com,734-582-3856,admin,$2a$04$O0l7X0OUCml2Rde3hVRuE.ox6dLcKfCYUWRaYeCwesKiYp.OIqD5u,6/4/2018,https://robohash.org/autemquasiqui.png?size=50x50&set=set1,true
456,Howard,Di Bartolomeo,hdibartolomeocn@reference.com,548-827-8094,admin,$2a$04$REzTUZKRzvPrVtDYKE.N7ulPo5zKeH/SAUu/PVFDijLH2V9invmU.,1/3/2021,https://robohash.org/innullasit.png?size=50x50&set=set1,true
457,Keely,Bonde,kbondeco@macromedia.com,485-875-9800,admin,$2a$04$xRvPSs/reGKjWim2Z7MEVO/hBLyG2LbBETvZaUpvp9D11kliKKEOC,4/30/2016,https://robohash.org/sintmodieaque.png?size=50x50&set=set1,false
458,Hermine,Preist,hpreistcp@comcast.net,923-993-5988,admin,$2a$04$ITid9dXYIWh0Jm7R5IV9JuBuDNwXr6JUwOeVhsAiZ9ZE1wT9EipwG,3/2/2019,https://robohash.org/atquevoluptatibusexpedita.png?size=50x50&set=set1,true
459,Rance,Grindall,rgrindallcq@tamu.edu,183-422-4428,admin,$2a$04$QYL0EsmCUhYs4kggfo62/e78ueLXU/hyIhlUIkHEsmdgGSJrWrrJa,3/24/2018,https://robohash.org/rerumquisfacere.png?size=50x50&set=set1,true
460,Pierre,Crystal,pcrystalcr@microsoft.com,666-657-1865,user,$2a$04$Qe4.L9WKwWTqH7qMmu4MRu5ObtpkzuDZbCFgidD4auKLxevJFLEH6,12/27/2022,https://robohash.org/etasperioresreprehenderit.png?size=50x50&set=set1,false
461,Crissy,Pennigar,cpennigarcs@tinypic.com,614-142-5769,admin,$2a$04$eEAzOwsPKVN/5p1nzrOR3uq2jZG/TnmN//vGhzHjZ1oiNGdWd/mAu,8/8/2019,https://robohash.org/quodtemporibusquas.png?size=50x50&set=set1,false
462,Raff,Grestye,rgrestyect@wikia.com,444-923-0133,admin,$2a$04$48rEsk3HpXG6A7GOHHYoGuztQ8cOffvqOH.UF.EMhSowk0V4vWeLG,4/1/2017,https://robohash.org/asperioreseoset.png?size=50x50&set=set1,false
463,Archibaldo,Karlolak,akarlolakcu@wikispaces.com,901-506-8707,user,$2a$04$WSA.Xi8FiGSaxM00vOrzvOGtLtYjgTvWPf2cgwxR8j7iI/O5/5EZm,1/14/2019,https://robohash.org/isteperspiciatisrem.png?size=50x50&set=set1,false
464,Crista,McGiven,cmcgivencv@purevolume.com,182-181-8524,user,$2a$04$XuQYUSQUi1CDtHo2xKo9V.AbPl/iDMQG0sU9rQodu.RUC9LKlOeTm,11/14/2018,https://robohash.org/accusamusdoloremplaceat.png?size=50x50&set=set1,true
465,Moyna,Jindracek,mjindracekcw@bbc.co.uk,650-258-9270,admin,$2a$04$wM9GwrtpTi.pOHW5RmMO2etuctXdmSJ078a8y/MOkO1OyajMq7tXO,1/25/2021,https://robohash.org/perferendisvelvel.png?size=50x50&set=set1,false
466,Cynde,Syplus,csypluscx@prnewswire.com,843-140-7812,user,$2a$04$Lqzo9bdItv0gdx0aFeG9oOofl/V1yRsTwkfGE6IU1KA.quoM7dmIK,7/8/2025,https://robohash.org/accusamusquibusdamquod.png?size=50x50&set=set1,true
467,Lezlie,Larchiere,llarchierecy@oracle.com,548-923-3151,user,$2a$04$Is.vBvp/w47w4wEiVGhTQu88agI57k0f8jCBtmQhPJzkgrIy0nDN2,5/13/2016,https://robohash.org/veritatisomnisdolor.png?size=50x50&set=set1,true
468,Kinnie,Bushen,kbushencz@howstuffworks.com,458-172-0573,user,$2a$04$EXvxFkXLIEUj9RmKjsBlFOdZz.7gk5GdhX3pOdPsQCvXDA/ocpSS.,4/30/2022,https://robohash.org/etsitest.png?size=50x50&set=set1,false
469,Sisile,Glashby,sglashbyd0@nih.gov,961-202-5988,admin,$2a$04$FU4HwIs9od3MJWSUKkrwuOKkkLG852TFhq4m3tZK8FhNBA.T02fmS,5/27/2019,https://robohash.org/etineum.png?size=50x50&set=set1,false
470,Francyne,Tommaseo,ftommaseod1@stanford.edu,561-817-3607,admin,$2a$04$zmv1lXorbZeSVXh.SSwY/u8CBv1271MR7tJqbl8PcvYNaJlgtw53K,3/6/2025,https://robohash.org/ipsamvelitplaceat.png?size=50x50&set=set1,false
471,Lucas,Patience,lpatienced2@symantec.com,754-376-7319,admin,$2a$04$zb3dMLKwCW3B2eORwbU43eHmhlyqL04P2EfaJUnetc4OHYN2JwqeG,10/7/2025,https://robohash.org/quaerecusandaeaut.png?size=50x50&set=set1,false
472,Herve,Comins,hcominsd3@noaa.gov,179-408-4359,user,$2a$04$EOhhRCEZ5TH87skkQMY0QehkEJRtns/P7wQKB7HgKrcMXKun3kdf6,4/25/2025,https://robohash.org/occaecatimodierror.png?size=50x50&set=set1,false
473,Ambrosio,Covolini,acovolinid4@etsy.com,228-806-9690,user,$2a$04$Sk.rHbvX272.NNT5fUAX4Oh5dLZtnQmoSszdbEbEg/7FMRyu1BGj6,9/16/2016,https://robohash.org/aliquidmaioresmolestiae.png?size=50x50&set=set1,false
474,Pooh,Hexham,phexhamd5@slate.com,214-386-0742,admin,$2a$04$X1LEXkrQMabHnCLVG8nMGO8rpu156vegxJhsz23JtM9fByw149m3u,11/10/2025,https://robohash.org/quiutin.png?size=50x50&set=set1,true
475,Dionysus,Lenoir,dlenoird6@exblog.jp,496-890-1296,admin,$2a$04$GDVV9M/TYvvLBnZbP6JJkOUXMD/PkA3ZTcbKTD9t/KW7.c6KcbSjK,1/5/2022,https://robohash.org/cumquequaesoluta.png?size=50x50&set=set1,true
476,Allis,Bere,abered7@sfgate.com,587-792-6353,admin,$2a$04$sy7aP/gQMbpO7rH4mLO6LeBjws0IBa9WlUXvVKs.NIVBWGXOB4xTK,5/19/2016,https://robohash.org/officiisestcupiditate.png?size=50x50&set=set1,true
477,Sully,Straine,sstrained8@stumbleupon.com,632-177-8903,admin,$2a$04$RFgEAwMvEn2QQwIuIxLHy.q1ap8rKgZDqeGnG3G3DXvYlPZOph3jC,11/17/2017,https://robohash.org/quiquidemveniam.png?size=50x50&set=set1,false
478,Audy,Durbridge,adurbridged9@google.co.jp,710-514-9177,admin,$2a$04$FY.ZrN.eHfCKWOzP1PIG8uEv4Xi41KwrHmxR3Qhxnb1MIF8vVzuNS,4/27/2016,https://robohash.org/temporeesseest.png?size=50x50&set=set1,false
479,Marty,Castleman,mcastlemanda@usgs.gov,959-733-7309,user,$2a$04$hkheHsT5wbSKIj9jgjBgfeyt6XEHWBdqoyucrUhNXzUD28b0kQNS.,6/6/2018,https://robohash.org/vitaeevenietmaiores.png?size=50x50&set=set1,true
480,Cordie,McMyler,cmcmylerdb@mlb.com,144-293-4752,user,$2a$04$7JYVrx31xhUDNUbeu.SQCe5EXGnIXtpBrjgatnXX8P/EnQcHS4NgS,4/30/2021,https://robohash.org/etvoluptateiste.png?size=50x50&set=set1,false
481,Sammie,Beldon,sbeldondc@google.com.br,374-571-6534,admin,$2a$04$yDZOpG4pmCsQH/7Ni0zFxOro16fT2QvKlP7k1ZIhjrTGz7exnIJ3O,10/9/2021,https://robohash.org/adipiscidoloresrerum.png?size=50x50&set=set1,true
482,Marieann,Vince,mvincedd@twitpic.com,329-472-6167,user,$2a$04$hHcQUMUKK5MTp3F.TXWnP.TNNYWaRKYCWXa5MghBeBjiE0CG6KNZy,11/9/2021,https://robohash.org/quibusdamdoloremut.png?size=50x50&set=set1,false
483,Worden,Pankethman,wpankethmande@bing.com,856-317-5503,admin,$2a$04$tTOoUWEsoWKsX/ibyI51puMz6YcvNwr4RMGUfYmVA.mwLmtpezlM.,2/2/2024,https://robohash.org/perferendisvelnatus.png?size=50x50&set=set1,false
484,Calv,Edwins,cedwinsdf@harvard.edu,219-574-5590,admin,$2a$04$rsLXp2EhrLkxa1B5wscvK.kbloldc544EULTsl2S9xZCF6e03Kv0u,4/17/2017,https://robohash.org/estquidemea.png?size=50x50&set=set1,true
485,Lesley,Betts,lbettsdg@bloglines.com,405-181-5729,admin,$2a$04$PF2gmtAIZbHCLuE8LAqpA.yVJU9jwAl3pGTAKXJh8ocdrkTSE5VPS,10/10/2024,https://robohash.org/totamvelreiciendis.png?size=50x50&set=set1,true
486,Major,Phorsby,mphorsbydh@nydailynews.com,494-189-9235,user,$2a$04$vJOxtHcS1cH6UjYat9xJzeG8uHm.C4ysF5//W3fYWduK9WL9.UL3m,10/8/2022,https://robohash.org/ullamatnam.png?size=50x50&set=set1,false
487,Claudetta,Safhill,csafhilldi@moonfruit.com,298-633-1259,user,$2a$04$zelQq6sSmptxosq5z0S.TuqYHe659faKe2IRMFgvM90PSWLcsBShC,9/2/2021,https://robohash.org/quonullaullam.png?size=50x50&set=set1,false
488,Hamlen,Baudrey,hbaudreydj@spiegel.de,817-784-8981,admin,$2a$04$wOnqoVkd.23TaY5537Su2uBc3mwlobd7HC7MO6Zsx2kj8x0nfSXPi,8/10/2015,https://robohash.org/etquilabore.png?size=50x50&set=set1,false
489,Olympe,Dayton,odaytondk@samsung.com,566-849-1381,user,$2a$04$PAZN96kGCJncSU7FznxD3.IoVkF6BuJa.IRYNKu2HgxrnYUQcnf4.,2/22/2019,https://robohash.org/dolorepossimusveritatis.png?size=50x50&set=set1,false
490,Miguelita,Barukh,mbarukhdl@state.tx.us,823-736-3575,user,$2a$04$jIqUDPuCVS4PVWNIOwOjwOTmoMYuE/.TA.M.Z3EDkn1lfBsTfAr0e,5/22/2020,https://robohash.org/aperiamveloccaecati.png?size=50x50&set=set1,true
491,Josy,Sumbler,jsumblerdm@webeden.co.uk,347-297-8984,user,$2a$04$PGe2Dgngt6YEAU8ImnxThOG4aa1ZpUPO05XRRxy0pQRhfgiY5FRKu,12/22/2020,https://robohash.org/nonutaliquam.png?size=50x50&set=set1,false
492,Raul,Cortnay,rcortnaydn@nsw.gov.au,842-229-3986,admin,$2a$04$q54vr5ZByzJb3C9TC8K1meD68lTW2/h3okKLHklIzY2H6czNVgxd2,6/18/2024,https://robohash.org/reprehenderitautemrepellat.png?size=50x50&set=set1,true
493,Sasha,Bukac,sbukacdo@is.gd,328-467-6020,user,$2a$04$3r40f5O.8ugV5.y5rKYwMOQISTp8zl809niI.CYrrIFoNAMe1DdSC,7/19/2016,https://robohash.org/iddoloremfacere.png?size=50x50&set=set1,false
494,Ted,Preshous,tpreshousdp@youtu.be,715-785-0634,user,$2a$04$QrgTLAHLxDf3AKJcn0UpUuoDGnDzBmyCnMTfwn7ZiM0qwB6BV0PLe,7/21/2025,https://robohash.org/odioeumprovident.png?size=50x50&set=set1,true
495,Jareb,Hocking,jhockingdq@irs.gov,892-196-4647,user,$2a$04$Liy5RKRPHT.PNV6xQ0Tzp.ePxpBpuheOIHobwGSTzI0QCz3ARx3D.,12/21/2018,https://robohash.org/accusantiumautemlaborum.png?size=50x50&set=set1,false
496,Katharine,Rowland,krowlanddr@geocities.jp,368-304-9307,admin,$2a$04$gLGbO.rnnbMePTaBEfjmc.Smy5iGdSs/hCC31G0ZMRAQYEhKSYQzi,6/8/2021,https://robohash.org/solutaautet.png?size=50x50&set=set1,true
497,Sofia,Linn,slinnds@surveymonkey.com,775-808-2827,admin,$2a$04$G1GkdrydSeEFmhv4PB0VJeOCqncTKCHR0oyZcFhWw4O9GGzvnNrjO,9/16/2021,https://robohash.org/quosmolestiasaut.png?size=50x50&set=set1,true
498,Udell,Croyden,ucroydendt@123-reg.co.uk,222-782-2537,user,$2a$04$4zHTSsnBlWbtjKwBDR.KyugwyPqsg9aCOE3mxSkKiqjiqBf9hDfNm,5/21/2017,https://robohash.org/saepeaspernaturautem.png?size=50x50&set=set1,true
499,Cyrillus,Deguara,cdeguaradu@washingtonpost.com,175-220-3365,user,$2a$04$vM0a3F1okqdzbjifb3z2QOZPe3nhyogzJr66HzpXpx64J7d7QcwiC,11/11/2020,https://robohash.org/nullaevenietsunt.png?size=50x50&set=set1,true
500,Hilliary,Jenks,hjenksdv@webmd.com,942-600-0270,user,$2a$04$ElqMhx42OZ8yeoKIHD5FfO0rXsO/gOCL2a.Zo49ZJnfuD.SV7VxzS,10/21/2018,https://robohash.org/inventorevitaequi.png?size=50x50&set=set1,false
501,Penni,Jaskiewicz,pjaskiewiczdw@economist.com,337-173-2379,admin,$2a$04$YQEVeDOZPOnS7id84IawaOhyaz8rTiGsV4Drio8BO.PhDSo7WyfLq,12/9/2019,https://robohash.org/namillumoccaecati.png?size=50x50&set=set1,true
502,Harold,Hardacre,hhardacredx@prlog.org,224-706-8147,user,$2a$04$BfGCO.wc7AvELWA4c65Oe.szyrIfdExnajOYVCbQqjt9krsXXvosC,3/22/2024,https://robohash.org/eiuseosquo.png?size=50x50&set=set1,true
503,Lydie,McQuorkel,lmcquorkeldy@edublogs.org,418-718-8632,user,$2a$04$izEmcVfubWdoVm9ujW2H/OQP376s7EnLMkQjl/dZdIZxZtdhHOoRq,1/12/2017,https://robohash.org/occaecatiquasiporro.png?size=50x50&set=set1,false
504,Grata,Van Hesteren,gvanhesterendz@harvard.edu,670-241-4104,user,$2a$04$HwrMAF/bjCYGeTEqYKWI3eUjzvnseJ1xVASuvqkVTHkcGy5SAwH4S,9/22/2015,https://robohash.org/quaeratoptioodio.png?size=50x50&set=set1,false
505,Brigid,Sterndale,bsterndalee0@wisc.edu,722-595-5612,user,$2a$04$ZW0pmqQZk9XPizWSTjNWZO305pAMXTVnbqBnk43a8RnGz.H4BtZYO,12/4/2016,https://robohash.org/delenitidoloremquesint.png?size=50x50&set=set1,true
506,Ailey,Paiton,apaitone1@myspace.com,684-910-1411,admin,$2a$04$QCRa60IC9pE4vdd/P6KQWOF703fW3IR0sAGh4WkxlgPvzMJi8ATOG,5/9/2023,https://robohash.org/assumendacommodiunde.png?size=50x50&set=set1,false
507,Giffy,Bringloe,gbringloee2@51.la,117-251-8017,user,$2a$04$Yq..sPa9JaYec7Fxy/f5keeItZt3UesTQRX45HFfhl83YnZkEVzja,5/31/2018,https://robohash.org/suntvoluptatemquidem.png?size=50x50&set=set1,true
508,Baily,Duplain,bduplaine3@cargocollective.com,485-804-4988,admin,$2a$04$CWawoxqrLGj/isRNx9a59uV6YmWDCGcSzf1XLyQQAgEcBz8W2iNT2,5/7/2023,https://robohash.org/teneturdolorumvel.png?size=50x50&set=set1,true
509,Perren,Klesl,pklesle4@yellowbook.com,252-260-6559,admin,$2a$04$x4s4JRbhMfXmLCJIgrwXiOSoRdGbUB..wVGZM7ZUsY.1URMrK8/HS,5/3/2021,https://robohash.org/culpadolorumodio.png?size=50x50&set=set1,true
510,Robby,Pendleton,rpendletone5@java.com,217-376-3779,admin,$2a$04$ugzKANz.Qg959wPtmSvQA.uH.Q//lyY/.ue9oS/fHTWtOYtKnhwRu,5/5/2017,https://robohash.org/veniambeataeeum.png?size=50x50&set=set1,true
511,Maurise,Yeowell,myeowelle6@epa.gov,543-403-9093,user,$2a$04$.nM5ccNxCeOmZNBqFJRUe.nQppVUVtjHYkqVDgGQjOknn19jAD3ba,12/20/2023,https://robohash.org/corporisetreprehenderit.png?size=50x50&set=set1,false
512,Sheba,Hentzer,shentzere7@amazon.de,382-973-6382,admin,$2a$04$PZ6A3PMlNimOtT5Pl2k/b.dHltGekP6yotM8Q5mNb76k7AyOY8ZBu,7/30/2015,https://robohash.org/consequaturaliquidiusto.png?size=50x50&set=set1,true
513,Alfreda,Lowndsborough,alowndsboroughe8@wikia.com,242-605-8730,admin,$2a$04$dMZ1gVpB4taZdfFm0CmYEufp/UvUia.MVpRHsAfP7BggspR4Xz1VW,5/12/2022,https://robohash.org/repudiandaenumquamexcepturi.png?size=50x50&set=set1,true
514,Lorilee,Eastam,leastame9@hud.gov,133-604-7851,admin,$2a$04$yI8bphim/kvcSghTKEFPuOk7STqoX7/1uKj7QQZb5wiSgK9UGVyU6,9/4/2021,https://robohash.org/inventorenonfacere.png?size=50x50&set=set1,false
515,Bevvy,Allnutt,ballnuttea@usda.gov,528-715-3859,admin,$2a$04$sodBKMQNJVyewyW69MaSNuxdUt2zrewKXtAffLtJU1m71X4E3h2FK,3/2/2015,https://robohash.org/sedquiaducimus.png?size=50x50&set=set1,true
516,Rubina,Smithson,rsmithsoneb@com.com,660-526-2322,user,$2a$04$gva61Ki25hTO8gHJpWS8culgii3diNyLYM9iS8ORKzUitge8SkV1a,7/3/2021,https://robohash.org/nullaerrorqui.png?size=50x50&set=set1,false
517,Jen,Worshall,jworshallec@thetimes.co.uk,529-678-4544,user,$2a$04$OLa7tTbQPGdf2XNj8Iiz3eKw9YWO7ZQbhtRqsVNKQ8HPnt/J6tNxK,7/11/2017,https://robohash.org/aperiamnonet.png?size=50x50&set=set1,true
518,Vanni,Offield,voffielded@ustream.tv,120-303-1917,user,$2a$04$.JdWOG5kkQ1YGhyrXOCUaOnlkSKc0Aq5IFh/mFP8f.YlYBI2oQ93m,2/6/2021,https://robohash.org/ipsumnobislibero.png?size=50x50&set=set1,false
519,Winny,Jeanes,wjeanesee@comcast.net,380-983-0328,admin,$2a$04$8gl/Nxd.qNNcB/.Ex6R8HuPg8aWASZNYZDeqsQingoCNdWdlkv7tW,5/9/2022,https://robohash.org/repudiandaeaspernaturanimi.png?size=50x50&set=set1,true
520,Magda,Beggi,mbeggief@howstuffworks.com,812-700-4446,admin,$2a$04$zP/w2EakADzD0mTAG3LZj.WZHl8ToD1oyb9ckjiuKK32ZUaS8wG3y,10/24/2018,https://robohash.org/laudantiumteneturipsum.png?size=50x50&set=set1,false
521,Onofredo,Elford,oelfordeg@zdnet.com,832-402-5076,admin,$2a$04$dljOirj.L9Rs7raNIb4wBu4gS2L59kZgT4/Ofs5O3sCFeR41oKbUW,1/14/2018,https://robohash.org/inciduntremalias.png?size=50x50&set=set1,true
522,Cordell,Ryall,cryalleh@wikimedia.org,345-943-4606,user,$2a$04$gBaurNEm6/y0elNfAXLLpefvMy6rozqr4K65U8y8ZhODmHnoI7X2K,3/25/2015,https://robohash.org/similiqueautemaut.png?size=50x50&set=set1,false
523,Beverly,Chomicki,bchomickiei@paypal.com,887-985-0188,admin,$2a$04$7PhMqLIpgeaSgugEG9htXuGBf8QN48PtOMzIZNJiUhCt.IDErvOVi,1/1/2020,https://robohash.org/cumquevoluptasconsequatur.png?size=50x50&set=set1,true
524,Tuck,Inott,tinottej@wp.com,299-483-4596,user,$2a$04$w7v/niy87yAL35kXRELfiurY9NNblJ2wmrXrjYwrnmKt72HmtISHO,10/20/2016,https://robohash.org/aliasexpeditanumquam.png?size=50x50&set=set1,false
525,Freeman,Aronstein,faronsteinek@hibu.com,748-796-3605,admin,$2a$04$8Ly9L9VOXukp6jH.SWiQQuccqLB3mGzuRpIkY.rgQEK0AkYo1/gtW,8/31/2020,https://robohash.org/eosaperiamsit.png?size=50x50&set=set1,true
526,Kati,Pescott,kpescottel@posterous.com,566-973-6515,admin,$2a$04$.X4WiFIDT4lDAMM7p/PQWezeuOocpzatNxzAGApF7YwIconpgLiEW,2/19/2019,https://robohash.org/rationeautpariatur.png?size=50x50&set=set1,true
527,Loleta,Janus,ljanusem@cbsnews.com,127-710-1123,user,$2a$04$0ZcnnEaoGg2bj7UuYU3m3.7kiC5mFXz9IClLRFDC7B/NuNtOyzp7u,1/19/2024,https://robohash.org/omnisconsequunturiure.png?size=50x50&set=set1,false
528,Terrence,Hovenden,thovendenen@goo.gl,711-468-3960,admin,$2a$04$Ygy5.3qYHtHGUPX/WD/Bnugf2mJJEg35HHqVVk4AOQIfkv9SuhclC,6/22/2025,https://robohash.org/atbeataea.png?size=50x50&set=set1,false
529,Penn,Biernacki,pbiernackieo@bloomberg.com,291-455-6763,user,$2a$04$7HyS9lP298JMV7xJHrgsCe4iowyXbOO9PDQrjQjBolesXIwd3Fidy,7/12/2025,https://robohash.org/veletdolorem.png?size=50x50&set=set1,false
530,Shandee,Luckcock,sluckcockep@parallels.com,661-751-1646,admin,$2a$04$1kEMP3.1Ztlp5.PIQP6zl.81hr3u0cPLIB6j5duHJrZTECS4hcyEu,9/17/2020,https://robohash.org/doloresremculpa.png?size=50x50&set=set1,false
531,Harley,Gommowe,hgommoweeq@arizona.edu,122-879-1820,admin,$2a$04$LVXo9QJsPNQV.LHy9QNPv.rTG.p1zLq.8sImHRkWemBUhFMznRI2.,6/8/2016,https://robohash.org/quiaetadipisci.png?size=50x50&set=set1,false
532,Cameron,Widger,cwidgerer@latimes.com,973-260-7286,admin,$2a$04$2sX9vqX/N4cMsQMIXiNAD.d8cLyJI2O6F1RoHCFVEcn0xP2qM6alO,11/4/2019,https://robohash.org/sintsedveritatis.png?size=50x50&set=set1,false
533,Riccardo,Hurt,rhurtes@wp.com,750-619-1347,admin,$2a$04$Nc7hKNSe70puWSLsHEqcuOEIkGYfVtPSo68tb/T436RmEtGQ4NQyO,6/5/2025,https://robohash.org/eaquequorecusandae.png?size=50x50&set=set1,true
534,Benjamen,Ayling,baylinget@wiley.com,565-462-9989,admin,$2a$04$.3jgLxpLEquF4zzaui/6tOfXlqCet9KVSqzmk/dGId0f1hNvA.LHC,3/4/2016,https://robohash.org/experspiciatisquo.png?size=50x50&set=set1,false
535,Corrianne,Drakes,cdrakeseu@adobe.com,703-456-9581,user,$2a$04$4YGiGoJWYMurqZrOGmwVf.ys/MuEqoNNAZqj6uq0obkGm0NaR7mGe,12/25/2020,https://robohash.org/officiiseteos.png?size=50x50&set=set1,true
536,Dyna,Pfertner,dpfertnerev@feedburner.com,983-679-1456,user,$2a$04$CRG2B3TzrLftX0YgsibaG.FItgjubI9tczeYHGTBl7m3z/zriOvmy,2/25/2024,https://robohash.org/omnisquisimilique.png?size=50x50&set=set1,true
537,Cheslie,Humbie,chumbieew@buzzfeed.com,394-501-7811,user,$2a$04$L9uqyfWKsGCoWEIgw3rlmOOjlYzMyhkIGReql50QkEBBLYwvlZkni,3/26/2021,https://robohash.org/eumquaspossimus.png?size=50x50&set=set1,false
538,Marina,Tomankiewicz,mtomankiewiczex@hubpages.com,504-548-8595,user,$2a$04$xuerGywUtDNptHFUl00lZubToMq1ja/opEuUUc0qH0ro.Q7yhTtxm,10/30/2015,https://robohash.org/dolorumaliasofficia.png?size=50x50&set=set1,false
539,Melisenda,Bontine,mbontineey@uiuc.edu,201-706-7718,admin,$2a$04$WN6Dp631/jYDbc.Gefn2mutP6cV0BsdN3say.iEVENytGBPLxkCAO,7/11/2017,https://robohash.org/minusullamoccaecati.png?size=50x50&set=set1,false
540,Norina,Muldoon,nmuldoonez@cafepress.com,223-394-3064,admin,$2a$04$pcmWZ94ZOTpJcujatUuFHuyuetw.tXUHVDc3EhDgrvwkS.7USfe/K,9/12/2023,https://robohash.org/etsintnecessitatibus.png?size=50x50&set=set1,false
541,Arluene,Hales,ahalesf0@sina.com.cn,722-755-3587,admin,$2a$04$40WYWgmCJ/V1oziylMHTv.Up8JXxvWXvchMVYUISZQI.EC81J.Y1K,10/13/2021,https://robohash.org/nonvoluptatemvoluptate.png?size=50x50&set=set1,false
542,Corenda,Hesbrook,chesbrookf1@soundcloud.com,684-999-5079,admin,$2a$04$psxghzrL9cO0djUhEP89LOfDaBgLF8jOmiJkI5ulEmg9QNtwr8qzW,6/26/2018,https://robohash.org/temporereiciendiseum.png?size=50x50&set=set1,false
543,Marius,Normandale,mnormandalef2@sourceforge.net,213-817-4325,user,$2a$04$Hseje8sRr/CmqaCpAMjrBe0vlflSN4qeLqZMDEvO8Gb5SEbXrgZQm,10/19/2020,https://robohash.org/adnullaperferendis.png?size=50x50&set=set1,false
544,Nichole,Pourvoieur,npourvoieurf3@weather.com,374-503-9416,admin,$2a$04$bES2NPiVvyUvj2K.XyVOAu80fa8Z7Jjxpe0syZf0yoU/WNJrF/UJW,11/17/2022,https://robohash.org/eligendidelenitiratione.png?size=50x50&set=set1,true
545,Emelen,Crudgington,ecrudgingtonf4@mit.edu,983-107-9860,user,$2a$04$vI/qWI2OMCyPadEsAwmaWeTfsXKEgveXAd.DzE/6hBRg2FffLZauW,11/10/2021,https://robohash.org/quisinteos.png?size=50x50&set=set1,true
546,Aretha,Bolzen,abolzenf5@phpbb.com,368-566-2185,admin,$2a$04$YZdPFCmg8mdIcLmArbU1Y.qGawLNaVotoRL1fYk/1xj5vJiyr0IW2,7/16/2021,https://robohash.org/eligendietut.png?size=50x50&set=set1,true
547,Shaylah,Edwardson,sedwardsonf6@usa.gov,683-538-1625,admin,$2a$04$eSXnVr3J9ZiwhxAIIaWE.uAzY06I79x7t4TDtZinkUrDNOL6AKFOG,8/14/2016,https://robohash.org/repellatminimaomnis.png?size=50x50&set=set1,true
548,Deva,Pfeffel,dpfeffelf7@mit.edu,503-664-2522,admin,$2a$04$ZmO4VvU9Axmu2O1g2TD7ceKjW5lyUEQh3rCIBj3.rSze9Tqx3VqjS,3/1/2023,https://robohash.org/assumendaaliquidautem.png?size=50x50&set=set1,false
549,Lezley,Derycot,lderycotf8@bloglovin.com,777-443-9148,admin,$2a$04$J0cFxcyKrswAuhLsNW5RweJg3M8duea9/eg5o9YJpSY4OoSqySjeC,8/19/2024,https://robohash.org/deseruntvitaequi.png?size=50x50&set=set1,true
550,Merrilee,Hulle,mhullef9@yelp.com,742-847-5830,user,$2a$04$Dx21XsYCDLn8ELd2GxvD6eOEk2F3fgn64nwE4WrZix4ZhN6fSwRmu,11/2/2023,https://robohash.org/autevenietexplicabo.png?size=50x50&set=set1,false
551,Orella,Lente,olentefa@ucsd.edu,481-938-3349,user,$2a$04$45fGtIa6rjKNJsbuTEZID.I2zT/Js28a0Fe85xjCu6uNm3J5YOl7i,2/7/2019,https://robohash.org/quiaimpeditomnis.png?size=50x50&set=set1,true
552,Ame,Monier,amonierfb@uol.com.br,627-323-4319,admin,$2a$04$1e8DP9nlRP47tBjhVjRwx.O.6TkCE8e9szHrhHjljD541La9vr6Ni,8/12/2016,https://robohash.org/explicabonequevoluptas.png?size=50x50&set=set1,true
553,Linnell,Marzelle,lmarzellefc@domainmarket.com,507-841-8200,user,$2a$04$oHz8h6LraKELlz9WhaTOg.RbU.0SfOmqocecnExXaDb/iKP0BF3MK,12/15/2022,https://robohash.org/ducimusaccusamusvoluptatibus.png?size=50x50&set=set1,true
554,Lisette,Klink,lklinkfd@blogtalkradio.com,496-970-9536,admin,$2a$04$NWZdvbgep0QhwYzEmGtK0ORqhjzXagLHP2drTehipWVB/juNpYWpe,10/16/2022,https://robohash.org/providentavoluptatibus.png?size=50x50&set=set1,false
555,Lyle,Simmers,lsimmersfe@edublogs.org,956-500-7080,user,$2a$04$JR7rncUIHDV9aYodiBmCQ.fiIXT1U9CYkl.BVeHzNwUSLXBQQ2gAa,4/20/2016,https://robohash.org/illoestomnis.png?size=50x50&set=set1,false
556,Lemmie,Iban,libanff@tinypic.com,305-138-2025,user,$2a$04$OsPmIaD/ijGFKsyyy/FdjeuR9ktFCOxZ7z0wwNApysGQfsD.7SQMa,2/13/2019,https://robohash.org/expeditaaspernaturcum.png?size=50x50&set=set1,false
557,Noby,McLae,nmclaefg@hao123.com,724-758-5668,admin,$2a$04$D2amAmKwxSqkS1x6N0o5zOR4ZLltp0Nx0GYHLL.0Rn.B2XGvAoIAi,1/25/2016,https://robohash.org/quidemquoplaceat.png?size=50x50&set=set1,false
558,Jdavie,Eddison,jeddisonfh@chicagotribune.com,986-224-0577,admin,$2a$04$YUvvFiPJ4Fpr7n8ENdghoOhb8V13oRrjohXsfca7oIkKG6hF1OMPa,5/31/2023,https://robohash.org/itaqueveniamsed.png?size=50x50&set=set1,true
559,Ardyce,Edgley,aedgleyfi@posterous.com,381-773-5469,admin,$2a$04$AoAsX/tLkfAiAY4d1gCWZO6jOgQ5aCbjIAa.Ygj9fkPK.DqgZ3t3G,7/10/2019,https://robohash.org/temporibussintrerum.png?size=50x50&set=set1,false
560,Caye,Veelers,cveelersfj@engadget.com,148-750-4234,admin,$2a$04$RleDFvk4w41msMBw5dqzHeCo61uHPu9x78nrKymmeCCR1G9/GGB3S,1/8/2017,https://robohash.org/iustoeosaut.png?size=50x50&set=set1,true
561,Russell,Stepney,rstepneyfk@devhub.com,952-982-6076,user,$2a$04$dcQl6OUf7tBhM9MzpYTCB.ORLTbvrfG6/3rKyJnMJMsxoISPlPEKC,1/7/2016,https://robohash.org/molestiaequiautem.png?size=50x50&set=set1,true
562,Roy,Maplethorpe,rmaplethorpefl@chronoengine.com,999-438-5201,user,$2a$04$eGhrakLGX9DBNwgXPB.h2etCNGa3OtvEpY8pYhhA.PJY58gNHRvHK,3/19/2019,https://robohash.org/doloresvoluptatemfacere.png?size=50x50&set=set1,true
563,Blanche,Reside,bresidefm@vistaprint.com,341-481-5040,admin,$2a$04$S3fYyqfLaL3wpHUdyux/uei1FYxKoZvNjRu2fshzpiPHB1xftantK,6/4/2021,https://robohash.org/eaprovidentvoluptas.png?size=50x50&set=set1,false
564,Bernarr,Crockley,bcrockleyfn@sitemeter.com,153-169-3259,admin,$2a$04$QBBxl9To/3INau6p0E8qX.rFD5EtXlL8UIJac4Gt9JqkhZeNxa0Ue,6/26/2015,https://robohash.org/remadipisciquia.png?size=50x50&set=set1,false
565,Phelia,Kilrow,pkilrowfo@house.gov,849-964-3694,user,$2a$04$ohFAbJJv.3ynejkLkM8w0OcHCDDyM.G0k30tSBi8b43IwwLx4hHUS,3/4/2021,https://robohash.org/rerumeumvoluptatum.png?size=50x50&set=set1,false
566,Randell,Drinan,rdrinanfp@wordpress.com,742-855-5635,admin,$2a$04$VxmOWEcP1nVdHQSKhtedLeJJbNZiQ7Y/UOmn38PXMzgGM1OkgFVny,8/19/2016,https://robohash.org/dignissimosvoluptatestempore.png?size=50x50&set=set1,false
567,Francoise,Adamkiewicz,fadamkiewiczfq@paginegialle.it,379-991-7355,admin,$2a$04$bt57k4sIJtieSErd7RtuYO5AMtFTzViPSPWYa7kfWEfO6keXaQvS6,12/21/2021,https://robohash.org/debitisrerumlaboriosam.png?size=50x50&set=set1,false
568,Tiertza,Lazonby,tlazonbyfr@mapquest.com,725-338-1752,user,$2a$04$xAKyGrM33WyXeXrCE5CvBOdDFgHACQK7Odas3y9G4/HMdc5d2WpuO,8/6/2017,https://robohash.org/sapienteautsaepe.png?size=50x50&set=set1,true
569,Adaline,Scotchmoor,ascotchmoorfs@columbia.edu,730-564-1937,admin,$2a$04$cyFVEjkWM8DYehbfuCkHPex3hsYyXlzZvxMvdbIKgeLq1NT6zqeJC,7/18/2022,https://robohash.org/maximeearumut.png?size=50x50&set=set1,false
570,Dicky,Cossam,dcossamft@nih.gov,570-439-7918,admin,$2a$04$sLeVJCYVgRO2ctdvGOI3hOzxtD0MjeojhactEacPUbM5abkX9mll.,6/26/2022,https://robohash.org/estnamet.png?size=50x50&set=set1,true
571,Frazer,Pariss,fparissfu@odnoklassniki.ru,868-331-4696,user,$2a$04$kmd1IcLSUuy4TRunHeoH6eDjP4drIEEo0Lh9eS/AxRR9ytyNvHesO,7/21/2017,https://robohash.org/illumundenemo.png?size=50x50&set=set1,false
572,Kristi,Priddle,kpriddlefv@reddit.com,844-173-6760,user,$2a$04$aHn0s4tuvFEf/HWt5zlEpuvBL2.L1hgFXb2vcWmv1A2eE28Zt963e,8/7/2023,https://robohash.org/cupiditatequamdolor.png?size=50x50&set=set1,true
573,Goldie,Barbrook,gbarbrookfw@theglobeandmail.com,342-950-5042,admin,$2a$04$eZP1jsoVVbfV3He8f3c.MOFGVU9LNq7ds3wZmKMD6RGC54c4n9yRq,5/20/2024,https://robohash.org/veniametvel.png?size=50x50&set=set1,true
574,Chen,Tesh,cteshfx@squidoo.com,952-560-0465,user,$2a$04$JIyZlvY2eX.SPmqfonuf/ONKR94oOw7mwyWBpd.d7vu22BUH4EYlq,12/6/2015,https://robohash.org/occaecatirationeeius.png?size=50x50&set=set1,true
575,Kurtis,Le Gall,klegallfy@bravesites.com,713-802-1549,admin,$2a$04$KisXZAFTUSdtEL3vPfqVKulsvgCgin0B77RMJ/1CVvtusfzOfzhdi,3/27/2024,https://robohash.org/quaeratvoluptatibusperspiciatis.png?size=50x50&set=set1,false
576,Deerdre,Vasser,dvasserfz@hubpages.com,807-626-8594,admin,$2a$04$FYCXDMaer0Qi1WlZ8kCU3.EAeNwdRRHyVuGbGN0vqZrzaDEKObqU.,5/2/2022,https://robohash.org/doloresfacerequia.png?size=50x50&set=set1,true
577,Francesca,Tonbridge,ftonbridgeg0@google.ca,820-390-8577,admin,$2a$04$CIGf02hAtIGOaGCjFsPHCu5ax0ARpDiyFUOC5mVC0snfnDJzPu/be,12/16/2016,https://robohash.org/quiacommodinatus.png?size=50x50&set=set1,true
578,Granger,Henriksson,ghenrikssong1@loc.gov,509-436-8549,admin,$2a$04$s38aDK409JMOHnbCJ07SX.pyjAaP8eVnyUoUEZ.EJ9/5379sjB03a,12/22/2018,https://robohash.org/asitrepellendus.png?size=50x50&set=set1,false
579,Bertina,Ghidelli,bghidellig2@google.pl,386-280-6093,user,$2a$04$UJWXrcO2TlmRz3eRzWRKQO1/olKr7APelYKWXBm4CRzLBkV4vsUZi,10/3/2016,https://robohash.org/laboriosamquiid.png?size=50x50&set=set1,true
580,Eulalie,Grosier,egrosierg3@amazon.de,325-620-7133,admin,$2a$04$9n2ju9PeLUaiIZA9Dx3S1uW3HW02jrNt6QNFXXooRBfOzD2Ltlbr2,9/3/2017,https://robohash.org/earumveroaut.png?size=50x50&set=set1,true
581,Frans,Brevetor,fbrevetorg4@slate.com,996-310-8455,admin,$2a$04$wYzpfkQwmSW3FFhl0lTGsuomX7z2R8lQZ6jLtjXloVWksfOz1Lzoa,5/23/2020,https://robohash.org/officiiseumomnis.png?size=50x50&set=set1,false
582,Caroljean,Ginner,cginnerg5@pbs.org,163-556-7616,user,$2a$04$nV2e3huLrkhUN3n5LGAsw.AH0DoQ1IbIepwzVSFbweXLc9DF8mX6u,12/24/2024,https://robohash.org/aliquidestquisquam.png?size=50x50&set=set1,false
583,Hewe,Billham,hbillhamg6@ameblo.jp,337-886-4536,admin,$2a$04$oWuvOmHIIj1mccOGLUtEaecKqe1HbJm9lXRelcgMC9zLr8089qRsS,2/5/2020,https://robohash.org/rationeautillo.png?size=50x50&set=set1,true
584,Josephine,Hiom,jhiomg7@webmd.com,637-732-8419,user,$2a$04$frx5t6ktBSrBtjxftQ3V5.6ZShcEJYsGZKHlJbbL0p1RscryOGkR2,4/22/2019,https://robohash.org/nonsintvero.png?size=50x50&set=set1,false
585,Ty,Jellicorse,tjellicorseg8@pagesperso-orange.fr,600-583-4375,admin,$2a$04$nZtDMpXJ.VQrP.arexejkOhgz.gsB6KQJ1cjacC7XG4TwBA48nVe.,12/27/2024,https://robohash.org/aliquidquamexercitationem.png?size=50x50&set=set1,false
586,Janela,Gianuzzi,jgianuzzig9@sciencedaily.com,134-406-2490,user,$2a$04$zBDkpbR53S0IJWve1yJDJu6Jw.CyqWP/Kb.w5o0wYQoNTW9UDenB6,6/8/2015,https://robohash.org/molestiaeconsecteturconsequatur.png?size=50x50&set=set1,false
587,Selestina,Deny,sdenyga@cyberchimps.com,437-390-5001,user,$2a$04$e3LDD74dcgnyLLl3gA/HPeZm2nwl8v3BfGtpvGenH.AsmY3KmIudG,10/14/2019,https://robohash.org/abporrosoluta.png?size=50x50&set=set1,false
588,Yovonnda,Mintoff,ymintoffgb@ezinearticles.com,281-867-8669,admin,$2a$04$Fnxeyz219fTA9SU0wWgszOS0BRx8jLgi2Y0umm4PIU/m6hDdiYomW,10/11/2018,https://robohash.org/illumearem.png?size=50x50&set=set1,false
589,Valeda,Lotherington,vlotheringtongc@hao123.com,780-716-9423,admin,$2a$04$NYQDlWH.Q5MI4.NoP1AJS.knHj8DilW7kvuVI/FFvD7EawsXoRQx6,9/22/2020,https://robohash.org/voluptatesdolormolestiae.png?size=50x50&set=set1,false
590,Aveline,Rochford,arochfordgd@barnesandnoble.com,565-870-5153,admin,$2a$04$8wRU4v1srNZFw32JAIIiHeSJ3B3tnP78G4/svHotNI/QtrdYW712C,8/3/2021,https://robohash.org/similiqueidrepudiandae.png?size=50x50&set=set1,false
591,Daisey,Bawles,dbawlesge@amazonaws.com,496-852-4219,user,$2a$04$3wKQJ3RO7DttLkm.xPMNqekCvoDRyAa1CVwQLAMuWU2wAbjURtqTO,2/24/2022,https://robohash.org/asperioresquamrem.png?size=50x50&set=set1,true
592,Harper,Gwinnett,hgwinnettgf@friendfeed.com,526-198-8048,user,$2a$04$YR1vNEXXexvZF7AnnkrS4egob/C2RaKS3YFwE6peUGUAcg5HllMw2,8/10/2018,https://robohash.org/isteatqueullam.png?size=50x50&set=set1,false
593,Munroe,Tonner,mtonnergg@plala.or.jp,771-303-2398,admin,$2a$04$PXlxCgryMqkqa6AMkBqTyOTR7z.fJaz.HJCjNJRPO/OB1s8uIazgO,3/17/2020,https://robohash.org/eumreprehenderitnam.png?size=50x50&set=set1,true
594,Hetty,Bickardike,hbickardikegh@hugedomains.com,656-708-8057,user,$2a$04$OQeVecUX59oUOGn23ROmmOdixnrBw5ErMmUEaXbD28rdbUibGcnVG,6/6/2025,https://robohash.org/natusdoloremqueaut.png?size=50x50&set=set1,false
595,Valera,McCrisken,vmccriskengi@sciencedirect.com,345-762-6196,admin,$2a$04$I68K.U8sPfFCv0O0iSbDkeJz8KODgkC836VDxUa43JQ9b4B64auSq,10/20/2015,https://robohash.org/aliasetaut.png?size=50x50&set=set1,true
596,Boniface,Winterscale,bwinterscalegj@webs.com,905-187-5759,admin,$2a$04$STBGbSefJJ1j/4Cvhxso3eIiu.4CFpBCPhR1XyqGjdNMH9RREvN4O,6/18/2024,https://robohash.org/temporibusdelectusvelit.png?size=50x50&set=set1,false
597,Gerrie,Wardingley,gwardingleygk@utexas.edu,715-436-3784,admin,$2a$04$4GrdFCziG9VWUrrcVBJkWuIpQ8W6iZdUo2NCQfbd86bbqHHl7oF/u,12/23/2017,https://robohash.org/optioametlibero.png?size=50x50&set=set1,false
598,Hube,Kuller,hkullergl@mediafire.com,778-363-5685,user,$2a$04$h9guBtB1VP/VMhiPommbYOoD9cf7FPFjAvvl0nqF7S.8mJXIvKM7a,7/11/2021,https://robohash.org/quameumvoluptatem.png?size=50x50&set=set1,true
599,Vince,Knatt,vknattgm@fastcompany.com,744-123-9420,user,$2a$04$g28W5WxTR1cAIPbF1B81vuyArEY5ts0xvtjZjubMhY/1VModwhJNS,7/7/2019,https://robohash.org/natusveniamet.png?size=50x50&set=set1,true
600,Ange,Canny,acannygn@sogou.com,425-310-0463,admin,$2a$04$c6CYuOMOxyTrLcUXNT2XDev1QesKhcexHB70DSHGREslbmUMpLejy,5/8/2019,https://robohash.org/blanditiisquisit.png?size=50x50&set=set1,true
601,Xymenes,Dudney,xdudneygo@nyu.edu,745-180-0152,admin,$2a$04$abqUjsGxjhF2Z9wG1SpI1.dwW.IevclXr1hp4sQ6/f7D1BgeYFXJ2,5/20/2020,https://robohash.org/delectusetconsequatur.png?size=50x50&set=set1,false
602,Meriel,Avrahamy,mavrahamygp@ycombinator.com,269-259-9570,admin,$2a$04$ajUEO.QLKZyF5NDRx4jGL.V4ZiKNlbANIjEFsRU/UYBOtQSXNjmqa,3/2/2015,https://robohash.org/sintvoluptatelaboriosam.png?size=50x50&set=set1,false
603,Stearne,McGowran,smcgowrangq@gov.uk,325-201-9836,user,$2a$04$TFEfujWW8ulb0OdCjYQNOueyoteac4NZFTmcOhMxzvO1XQbvVhJYW,11/28/2020,https://robohash.org/deseruntvelitvelit.png?size=50x50&set=set1,false
604,Beverie,Jewell,bjewellgr@behance.net,877-443-2834,admin,$2a$04$tx3XeSRDaqQRRbs4EBMv5urjZauNZHvkv/GF5BAmmMCeWlhpmAKBe,11/18/2022,https://robohash.org/utvoluptatesquae.png?size=50x50&set=set1,true
605,Ottilie,Ackery,oackerygs@reference.com,879-688-7986,admin,$2a$04$Lyss.FAZgVl8QiU32yzOruEAM7fUABmBIj0LHeIGjW4GKW0RKZVbG,7/26/2025,https://robohash.org/praesentiumsedillum.png?size=50x50&set=set1,false
606,Orren,Slad,osladgt@uiuc.edu,402-804-6236,admin,$2a$04$vwqXj4glF9yAgGuUZLrDgu6/duMV23yRANj0ZyNk.Iqi7iIpSQv92,3/9/2019,https://robohash.org/dolorumomniseum.png?size=50x50&set=set1,false
607,Meris,Rainsbury,mrainsburygu@hubpages.com,550-261-8209,admin,$2a$04$CSTrng.mdwQpWdLsih5goeK.3k9L/hUgoi/bn2p9VIHLjqrfhR/Gy,2/13/2016,https://robohash.org/veniamvelitvoluptas.png?size=50x50&set=set1,false
608,Caresse,Itzcovich,citzcovichgv@wordpress.com,530-665-1624,admin,$2a$04$lswW0IrvezIru84O0/Bx3Of3dk.b3G0wuHYcZSS/x2vA3eDa5xVz2,11/4/2017,https://robohash.org/repudiandaeveniamvoluptatibus.png?size=50x50&set=set1,true
609,Kerrie,Phippard,kphippardgw@smugmug.com,956-811-2205,user,$2a$04$J2vhwuOdezJP2xlzEAAac.XsVgFqx0nn8cbWkUNYLOGuIOkRuZaY6,9/6/2025,https://robohash.org/repellatvelitest.png?size=50x50&set=set1,true
610,Rycca,Van Hault,rvanhaultgx@networkadvertising.org,618-802-0081,admin,$2a$04$ON83HBkw/x0p8lxAm/N3/O9PbCYaIsjjG6qd/ri5h2XcxvtbMTkQ6,1/16/2016,https://robohash.org/necessitatibusaccusamuseligendi.png?size=50x50&set=set1,true
611,Giorgio,Cheng,gchenggy@wired.com,410-665-9422,user,$2a$04$s49qiUd85sTS2kcbYORdQueYyYU30JrcHdXgaVoZQ9HEUSt9Ypeiy,11/10/2020,https://robohash.org/explicaboinfugit.png?size=50x50&set=set1,false
612,Lucho,Scholtz,lscholtzgz@gmpg.org,586-736-4450,admin,$2a$04$EgCfw7DFsNzteX43rT0S.e3rZIVrq2fqtC/ThDHmN.5uPzNiiScdy,6/24/2023,https://robohash.org/voluptatibusnonconsequatur.png?size=50x50&set=set1,true
613,Claretta,Sergent,csergenth0@elpais.com,154-962-0357,admin,$2a$04$yFVB12BVwlQL/NMC0tokT.thTDQM0teL9XIwsaNZ1e5a8.D.MvoMi,11/10/2019,https://robohash.org/dolorveleligendi.png?size=50x50&set=set1,false
614,Rem,Whiting,rwhitingh1@live.com,615-878-9024,admin,$2a$04$t.cH04EbeQcQ52pRCttPfuudf.hgwmwzGEsHP4TyDmDr22n1Mrjme,5/16/2016,https://robohash.org/illoomniseius.png?size=50x50&set=set1,false
615,Yankee,Trevallion,ytrevallionh2@cmu.edu,526-246-1233,user,$2a$04$J20WytNjCWg/WxU3hq0O/OUme8e54VMfFtGYef.KOS.kFKeje0m2q,9/14/2025,https://robohash.org/molestiaevoluptasullam.png?size=50x50&set=set1,false
616,Robbin,Odams,rodamsh3@paginegialle.it,814-241-7756,admin,$2a$04$S5AV6o8vZpcoXmQHyWDhOuI0nhI2b6jBQC4g3dOjj1IAW46iTX9mC,5/31/2019,https://robohash.org/molestiasvoluptascorrupti.png?size=50x50&set=set1,false
617,Monah,Mulvey,mmulveyh4@who.int,945-704-5611,user,$2a$04$a9Z7EtsFKjgKcquatHL6Z.SFmget7kpj891dz8qG2sZX/R41QvHCO,3/21/2019,https://robohash.org/enimavoluptas.png?size=50x50&set=set1,true
618,Raven,Zamora,rzamorah5@wix.com,266-108-4424,user,$2a$04$fkJThfaEORbPUDpP7fz.u.2VJZaAjNzsjtMv9NPGeW5mr/CFMokHq,9/23/2019,https://robohash.org/cumsolutaeaque.png?size=50x50&set=set1,false
619,Winna,Lakenton,wlakentonh6@etsy.com,685-688-5375,admin,$2a$04$rqkZHGNUc2Swm8x4p4ghLudfoNfYdIt1JSNO68jZEarrlUvtn.6ae,9/29/2025,https://robohash.org/quiquivoluptatibus.png?size=50x50&set=set1,false
620,Barr,Finnan,bfinnanh7@surveymonkey.com,717-978-4256,user,$2a$04$IrXaIBCtBfTgRKgNYum8KOiTvGMJ5Gt1j36Nt1axJtXEUGQC98ts.,10/17/2020,https://robohash.org/voluptaslaborumet.png?size=50x50&set=set1,false
621,Rory,Elms,relmsh8@hugedomains.com,327-631-9887,user,$2a$04$Xa0u/27tvOhpk1LXCJVH5eMAbPhVyU5D.HPq1VZgppwlXCPG9vkmC,12/10/2025,https://robohash.org/officiamolestiaevero.png?size=50x50&set=set1,false
622,Winfield,Arlidge,warlidgeh9@spiegel.de,678-461-5927,admin,$2a$04$G6zhupQRgPd6nXKui0dJSOq0QVF7c9c9c4f6vpIEx1R/M5KAku/2W,11/9/2020,https://robohash.org/excepturinumquamquisquam.png?size=50x50&set=set1,true
623,Bethina,Moxstead,bmoxsteadha@mozilla.com,794-961-3012,user,$2a$04$NMH9DKOU7DExX5vbLA0ahOtARVggUcq63g9N7MxAQyci60EGtgTUu,11/7/2021,https://robohash.org/evenietvoluptatibuseligendi.png?size=50x50&set=set1,false
624,Tobin,Gidney,tgidneyhb@etsy.com,651-545-4596,user,$2a$04$p7X.ic/OyrSsdphLXKHZX.OdKpm6M1cAwUiZKhr1KEtKfcAyPGTEW,12/18/2021,https://robohash.org/aspernaturexcepturiest.png?size=50x50&set=set1,false
625,Ashton,Maggs,amaggshc@ftc.gov,996-653-8283,admin,$2a$04$jVrLZHNkAGjJBxjAF0PYSOsRhxWJPLkA7XwcxFkHHa4MpbUBVyZxK,7/26/2025,https://robohash.org/odiovoluptasofficiis.png?size=50x50&set=set1,true
626,Karina,Arendsen,karendsenhd@sciencedaily.com,516-176-5404,user,$2a$04$Gm/o2eYJBkhU17d9.CRAdeBZrZgN/457xvCBfa.Q8M25cJIpFzqmK,2/20/2023,https://robohash.org/uteosblanditiis.png?size=50x50&set=set1,true
627,Riordan,Juris,rjurishe@digg.com,529-866-3910,admin,$2a$04$/iD23hguhknxXAtVGeOJrulaxh/WEHz77C1sZ0esKgOe3DuLCZIBW,8/19/2019,https://robohash.org/laborevoluptasquia.png?size=50x50&set=set1,true
628,Isaiah,Dyhouse,idyhousehf@eepurl.com,451-238-0718,user,$2a$04$2j1X5ov95pta9fKgRt84q.1geUb99ewyzdGE5/wZ4n1OtzxjM1NQ.,12/5/2018,https://robohash.org/teneturcommodiquae.png?size=50x50&set=set1,false
629,Merl,McDoual,mmcdoualhg@163.com,766-497-8803,user,$2a$04$kWsyqgs7jMq7EFwY1K5j..x2xeLvU8EuDIuMqQ.9rv19ls.kgeyES,6/7/2019,https://robohash.org/similiqueavoluptatibus.png?size=50x50&set=set1,true
630,Johannah,Jacke,jjackehh@eepurl.com,268-542-5686,admin,$2a$04$U9h23CPTH1uzmOGg0GJ2CeozaKoWyDNdcUh5HfbbA.REUT7/5zn9i,8/4/2017,https://robohash.org/autdolorumquod.png?size=50x50&set=set1,false
631,Josepha,Mattiazzi,jmattiazzihi@i2i.jp,695-701-2376,user,$2a$04$zODWtNNd8SuqZ5Zr/JKKQO28g5ZfMB7rfzIV8JP72fmfQBvsFQXy2,10/15/2024,https://robohash.org/quidemoptiobeatae.png?size=50x50&set=set1,true
632,Guillemette,Bulfit,gbulfithj@cyberchimps.com,401-867-6316,user,$2a$04$UenoYFPMInaR5KFvd6Zmcu90nwWWGhm2lNawmqGC6Gu.9n86vxxKW,9/21/2025,https://robohash.org/facilisiustodolores.png?size=50x50&set=set1,false
633,Melisa,Steanson,msteansonhk@furl.net,582-741-1414,admin,$2a$04$mRfjo1L3Vb8ZiEZCMA9wr.L.2z0tFXsYgwr9mHuRkVxhLLhS.QY5a,4/1/2017,https://robohash.org/auttotamblanditiis.png?size=50x50&set=set1,false
634,Kellie,Asgodby,kasgodbyhl@baidu.com,587-986-4145,user,$2a$04$0Pv9ToHCFjfKFAUWJc0ID.1rTqPPFqNLSQWaQRi3XsVX5/ZraRHxO,8/18/2021,https://robohash.org/excepturiquaeperferendis.png?size=50x50&set=set1,false
635,Palmer,McLellan,pmclellanhm@tmall.com,155-726-4462,user,$2a$04$jzngTrsJ4EC2u8M6IA9OeuiGzfsYV6RBYC1isKAgEqYBPQu/1bnLC,1/31/2021,https://robohash.org/consequaturundeasperiores.png?size=50x50&set=set1,true
636,Engracia,Elan,eelanhn@fc2.com,552-999-3968,admin,$2a$04$HmsJLDbWj0Z9MaIABCte.OYLVMFj/.4ne/DG99qCUvc5E5eRFVCQK,9/13/2025,https://robohash.org/etessedeserunt.png?size=50x50&set=set1,true
637,Philly,Pesek,ppesekho@de.vu,497-949-0771,admin,$2a$04$Vvf6fUISIO9MikO6D1Mb/ea32uXOba70EdxoDMB4tiMhbUP4djFCi,6/6/2016,https://robohash.org/invelitquibusdam.png?size=50x50&set=set1,false
638,Rod,Luisetti,rluisettihp@ehow.com,243-641-5040,admin,$2a$04$SO/BoJbio3ZiiPgSPoPOZuATUbozQZbSwYNQQhp2deeam3mwpygaW,7/29/2017,https://robohash.org/consequunturpossimustempora.png?size=50x50&set=set1,false
639,Erina,Quarrington,equarringtonhq@geocities.jp,568-175-4017,admin,$2a$04$HzrXcMWgjBUtzRf7glN8WO.hQEfDjR2Sh11halaGCmBglcMESpZOC,3/31/2023,https://robohash.org/solutaeiusdolore.png?size=50x50&set=set1,false
640,Dale,Hegg,dhegghr@google.nl,806-482-7082,user,$2a$04$QAmomjZvWKZeUpdSf6dL.OAh0Tci4UCQWfr4.HSzGKFqnvfNJx0wi,9/29/2017,https://robohash.org/illoharumquam.png?size=50x50&set=set1,true
641,Erda,Pembry,epembryhs@hostgator.com,464-232-2345,admin,$2a$04$pI4FNEPRakxzBWLJ7y4uDOHY8z9q7VVQQmcqzjB0g932Ch9xD5EJO,4/21/2017,https://robohash.org/nemorerumnihil.png?size=50x50&set=set1,false
642,Pen,Le Conte,pleconteht@ucoz.com,812-971-3164,admin,$2a$04$8ueHTLrrRiJAnaog/m9idex88hly3/cqi/B2cjuGRUTpLuai6TrVu,2/4/2021,https://robohash.org/sapientevoluptatemadipisci.png?size=50x50&set=set1,false
643,Vivi,Liepina,vliepinahu@exblog.jp,607-749-2123,user,$2a$04$8uAYxbGNXlJDkzT7UVB2SOSGGxTPOmMNN5KKT8OH1Rv1J97Pi6EYO,6/3/2015,https://robohash.org/pariaturpossimuslaborum.png?size=50x50&set=set1,true
644,Anne-marie,Strainge,astraingehv@europa.eu,503-889-4690,user,$2a$04$yH9HtBwStYOpJI45fcivlOaPS.M/BPeq7auElqpsnCWdyDkKofFgO,6/27/2017,https://robohash.org/dolorutvoluptas.png?size=50x50&set=set1,false
645,Manya,Doudny,mdoudnyhw@auda.org.au,573-418-7441,user,$2a$04$gjXPhLfTVzLDknaf1T1pF.Zkqo5AC3GL1Dx3ajwJbzD9B/g/jHCPO,7/20/2021,https://robohash.org/eiussuntpariatur.png?size=50x50&set=set1,true
646,Riane,MacCracken,rmaccrackenhx@yandex.ru,621-462-5253,user,$2a$04$x4CKa6l4CgO308GxJxKYpeHoLgLZTneD69gZJ2X809fnqDWzFOyLG,5/16/2015,https://robohash.org/rerumrerumsit.png?size=50x50&set=set1,true
647,Ax,Rhubottom,arhubottomhy@aol.com,949-913-6151,user,$2a$04$sXZZJNAAMBzjIDT9.Cy9COl1UB4Q9KR8FUsdFYekfAlQc3QEkjwna,9/14/2025,https://robohash.org/etetodit.png?size=50x50&set=set1,false
648,Rikki,Blasius,rblasiushz@alibaba.com,181-431-7914,admin,$2a$04$i//9PahwxA9dUFLOLxcTr.lKM5jU8tu2u5W/Oz2exepdZDnl57O4a,6/14/2024,https://robohash.org/voluptassaepedolorum.png?size=50x50&set=set1,false
649,Abra,Wass,awassi0@chronoengine.com,882-944-7385,admin,$2a$04$Jr4n/xs8HRz46gL3wZSvau7B/U8TOYXWSlWL9zFHfjPw9lEK7Mr9.,3/24/2021,https://robohash.org/repudiandaeadipisciearum.png?size=50x50&set=set1,true
650,Sheilah,Chopin,schopini1@google.ru,318-817-0916,admin,$2a$04$CN6WOOYFi9Dg8cIiE4F14.klTR/LgJrmER31tyRHQiClZU3oMI6gC,1/3/2020,https://robohash.org/pariaturlaboriosamut.png?size=50x50&set=set1,true
651,Rickert,Pickwell,rpickwelli2@unicef.org,772-473-4553,admin,$2a$04$.0gkyEW.s0eqTYukByByS.YmXTG.m4EJk0uvu08yJcZDk4SeTBIQq,7/1/2025,https://robohash.org/temporeetdelectus.png?size=50x50&set=set1,false
652,Ernaline,Adhams,eadhamsi3@pinterest.com,142-469-6887,user,$2a$04$kfJ7nDJkejBsj4t6s9w/leLtI7pljEqPiPQfS3HnjG78zBVb.8w1y,3/7/2016,https://robohash.org/etenimquo.png?size=50x50&set=set1,false
653,Doe,Connell,dconnelli4@google.fr,639-753-3424,admin,$2a$04$/U6ozaoaRp6RIgIJ9kJRduMqwJJwGEMJ2HJQZ5B.mClUbWGsh5f7a,10/26/2022,https://robohash.org/delenitienimaccusantium.png?size=50x50&set=set1,true
654,Morie,Gilder,mgilderi5@bravesites.com,743-409-4228,admin,$2a$04$2bsIAdLz4.0k2TxL5iUfu.T0sIDoSmgfjm5lymkCkmD4SKx9Gh2ka,6/7/2022,https://robohash.org/molestiaeidaperiam.png?size=50x50&set=set1,false
655,Anatol,Luchelli,aluchellii6@qq.com,867-971-1138,user,$2a$04$htOUXGKXN20hCRdx5rkAnelKpT3oN9b01aq.EocfeLKtZlRNiEbcO,1/11/2020,https://robohash.org/modiutet.png?size=50x50&set=set1,false
656,Marion,Fullilove,mfullilovei7@mail.ru,226-284-2670,admin,$2a$04$w/2DIyNxwJLsxYaJVCJ/DuGfX5LwLRbVqgUbtc4teKR4c5r6OQTpq,3/11/2015,https://robohash.org/doloresutin.png?size=50x50&set=set1,false
657,Quintin,Tesimon,qtesimoni8@symantec.com,387-792-2886,user,$2a$04$A3Lu9NubxiHtWX3TqqeqCu3ldowU97cUpr0ny9MoFli0tpPS2bjkW,12/5/2024,https://robohash.org/consequaturillumvoluptatibus.png?size=50x50&set=set1,false
658,Winn,Canlin,wcanlini9@cnet.com,685-664-0519,admin,$2a$04$3sBMsYOai9qGwbPbO2VOmeGLv6TjbzJ9sGZA8UFkqUaHwKOrA6dDu,7/17/2023,https://robohash.org/ipsamestsit.png?size=50x50&set=set1,false
659,Muire,Shawdforth,mshawdforthia@bluehost.com,456-867-7767,admin,$2a$04$tk.oWkrwNWTtkJYuWucKbujGeiXxghD51UZVEY.JbHo3kZv2oPL6W,4/11/2017,https://robohash.org/facerenequeaccusamus.png?size=50x50&set=set1,true
660,Katine,Castaner,kcastanerib@google.com.br,183-146-5553,user,$2a$04$XljjQiDDh4GgQs3VGii4bukcMbCkMKQ3trNm4kr50mU/43OWfuEgm,5/1/2018,https://robohash.org/culpaoccaecatiiste.png?size=50x50&set=set1,true
661,Nolana,Mathewes,nmathewesic@dailymail.co.uk,511-181-5038,admin,$2a$04$v.KGelc/vuClqTsm25sYTeCugsHeIclaABC1YhT.8bj59EDUi1RHu,9/9/2016,https://robohash.org/impeditrerumsed.png?size=50x50&set=set1,false
662,Nertie,Crennan,ncrennanid@amazon.co.uk,916-613-4207,admin,$2a$04$r/EcMmIzM2SRg9XXCrVmzOYwpWUJ2STTr/l3LrLB1ZcbF1hJ3Qnei,12/17/2016,https://robohash.org/quiaquamaspernatur.png?size=50x50&set=set1,true
663,Hertha,Zmitrovich,hzmitrovichie@bandcamp.com,817-669-0630,admin,$2a$04$A/zz0dA7ERS1Niu.QMuRVO7fpR8jSVlxDynRxExXVZJUpzhoi3RbW,11/24/2021,https://robohash.org/maioresillumimpedit.png?size=50x50&set=set1,false
664,Joell,Troillet,jtroilletif@xinhuanet.com,465-522-5635,admin,$2a$04$QG3f0BJPykWdruNY9nc35eWVpm1pqThqybrOAOcNahQbmUv9RY3iK,7/18/2022,https://robohash.org/estetsint.png?size=50x50&set=set1,true
665,Ebenezer,Gainsburgh,egainsburghig@ezinearticles.com,896-690-2423,admin,$2a$04$Z7N5dmuDSvMmPRdXALWapObAHJpLo1cG2wHCzDGVFp.jatzB25ciK,3/4/2021,https://robohash.org/omnisquonecessitatibus.png?size=50x50&set=set1,true
666,Sheryl,Points,spointsih@icio.us,919-231-9457,admin,$2a$04$YF7c2ju8ZshMeFTdqQwTtOwx0pXtv6JtzHJtw7OWCm/KaDbDe6wuK,10/12/2021,https://robohash.org/asperioresquodicta.png?size=50x50&set=set1,true
667,Igor,Everiss,ieverissii@answers.com,133-840-1891,admin,$2a$04$ZItxKAVu2O4B33Us.sQGCOvUrEAtmEhXbwmpxyWMfVWq9xSC3QppC,1/30/2017,https://robohash.org/nullaerrorut.png?size=50x50&set=set1,false
668,Winni,Lambe,wlambeij@mtv.com,296-511-8939,admin,$2a$04$MF5IlHsrpIEPcfKaVQ.N2uGFS8FVO80TcSGX4wgegPc7C4MXBEwRO,8/7/2025,https://robohash.org/voluptaseiusquidem.png?size=50x50&set=set1,true
669,Skippie,Grindall,sgrindallik@weibo.com,350-444-2498,admin,$2a$04$Ec8FxgrTZeGhrr43tsbbwOIaiN88hV2AAuL51.NdiQbB4VrDiv6KK,8/7/2023,https://robohash.org/exaccusantiumea.png?size=50x50&set=set1,true
670,Rodi,Fann,rfannil@friendfeed.com,902-924-7002,admin,$2a$04$nKedIJa7u0wRxhe.LDxoCefzVabG8ZDQebBHYrW6Dkj/5yX.UYGtW,1/12/2019,https://robohash.org/explicabovoluptatesnon.png?size=50x50&set=set1,true
671,Ryann,Hawkswell,rhawkswellim@google.pl,777-802-2751,admin,$2a$04$75jxNb90x26pz7nhCjGhue1yHVzDckuDrHuVRuiuAAYeUWbCtt1Te,6/11/2016,https://robohash.org/suscipitoditet.png?size=50x50&set=set1,true
672,Kaleena,Davisson,kdavissonin@skyrock.com,995-687-4145,admin,$2a$04$9Qb0Nm3ZITrUF/fq8EO20eETmPiIiVLkKQOo4mDVwxae2.Fk8W0pi,10/23/2017,https://robohash.org/distinctioquosdolorem.png?size=50x50&set=set1,true
673,Holli,Whartonby,hwhartonbyio@lycos.com,919-812-5280,user,$2a$04$cCfBIMbiJrMoo9ZHFZYdEe48Mh8VpscSKppAjs1qLB2e1YMjpMl6S,3/26/2019,https://robohash.org/adadipisciautem.png?size=50x50&set=set1,true
674,Calla,Yokelman,cyokelmanip@aol.com,233-250-4011,admin,$2a$04$itx5blDzyMwB3QEoIaSCGumSUjF9MzhzoLHWAqkHNr1cT.LogTE4O,1/12/2020,https://robohash.org/sinttemporaquidem.png?size=50x50&set=set1,true
675,Susanne,Caddie,scaddieiq@live.com,151-948-5707,admin,$2a$04$ZOPIXIXBcLueXXGLDPJ3AuiznTa7cPWZ2kFjM8fOhRvLz7SoUJvwe,1/21/2023,https://robohash.org/minussuscipitdolorem.png?size=50x50&set=set1,false
676,Kanya,Edginton,kedgintonir@baidu.com,774-637-5087,admin,$2a$04$mIrATMMwaz3iT8dEjF2ejuN1Wt7d3FaoARRuIv5L3GK5VBbBGlK6G,8/26/2025,https://robohash.org/aspernaturaccusantiumpariatur.png?size=50x50&set=set1,true
677,Ives,Clamp,iclampis@uol.com.br,212-985-1272,admin,$2a$04$li/v9lAmz798xuuTEeLXmu2n/tcQZfs6k6nQaN7KdP0xOQWN9DEQ.,8/11/2021,https://robohash.org/autdoloremea.png?size=50x50&set=set1,false
678,Selma,Yanele,syaneleit@freewebs.com,684-619-8628,admin,$2a$04$rETKvRp/z1TYXw2IJyT0setm/ypN3lRNg4utyzXgtu4T7q.epDxDK,3/19/2018,https://robohash.org/exrepellateos.png?size=50x50&set=set1,true
679,Brien,Dorkens,bdorkensiu@thetimes.co.uk,750-277-6164,user,$2a$04$h9yLswJKXDtl04zabI2DjOsd20xuLmZgQFnmRGi/rAjTLYEYPfJTi,5/30/2016,https://robohash.org/mollitianihilnostrum.png?size=50x50&set=set1,false
680,Roseline,Galletley,rgalletleyiv@constantcontact.com,701-811-3539,user,$2a$04$VZ5argQQs51kWk1qYuen4e7fxq05OR3TAGDDDFNHEibEkYb6bUQ6G,4/17/2022,https://robohash.org/eligendiquiamaxime.png?size=50x50&set=set1,false
681,Tedie,Kitchenham,tkitchenhamiw@indiatimes.com,522-150-4068,admin,$2a$04$LdmOaFOmrdtlT03VMOrGOuDOfSlOerKSjElYbhkUsGXpAqkJMWaiC,8/30/2015,https://robohash.org/ipsumcorporisperferendis.png?size=50x50&set=set1,true
682,Esma,Barthorpe,ebarthorpeix@npr.org,961-593-4202,user,$2a$04$cZR5S.ZAKW1WxI8Q5XyMMubxHA3MWH4h12xnaBpcBEB3qCHQ.Dh3O,10/25/2022,https://robohash.org/enimatquedolores.png?size=50x50&set=set1,false
683,Hildegarde,Trobe,htrobeiy@businessinsider.com,500-192-2902,user,$2a$04$xdIvlImN1vcVP1t1hsdeLu2uUvOC8SoxWqBqlLhhKZKadcqLUAt6m,11/27/2015,https://robohash.org/quasestdeserunt.png?size=50x50&set=set1,false
684,Mohandas,Swatland,mswatlandiz@reuters.com,649-355-2443,user,$2a$04$7i.kgu7/psTNo9AvhhhTOuxhBD4t6///8HPoxc3tBYZDdqKdc7NpK,9/30/2015,https://robohash.org/excepturisequidicta.png?size=50x50&set=set1,false
685,Candida,Drillingcourt,cdrillingcourtj0@stumbleupon.com,198-781-2939,user,$2a$04$qlWCEmEvgrztEQpFBUiDiOHDqVJiO6sxgNj1y/rUT/5UORQK2Ede.,8/20/2019,https://robohash.org/quiabaut.png?size=50x50&set=set1,true
686,Hogan,Cust,hcustj1@blogspot.com,475-523-0337,admin,$2a$04$iMG2zJfs0uzOg3rL7U5IuOJLhvYu9dqAqDWTV55OJSCSBH4PL4C8W,8/2/2025,https://robohash.org/sitpraesentiumquia.png?size=50x50&set=set1,true
687,Theresa,Saltmarshe,tsaltmarshej2@sphinn.com,759-331-3850,user,$2a$04$fcnYeoMkgv96smY07fQn8Oe6BFaP3eMpYu8hLgRMQ0./IzsWEMSLe,5/25/2024,https://robohash.org/utdolorumdelectus.png?size=50x50&set=set1,true
688,Colin,McWard,cmcwardj3@yolasite.com,793-312-2832,user,$2a$04$9xDnkxZG/v8h7h4okRCKo.dr8NH07gzb18n.OhqTWw.heuVsLZUfC,11/4/2018,https://robohash.org/vitaeporroeius.png?size=50x50&set=set1,false
689,Rozalie,Pickavant,rpickavantj4@parallels.com,446-918-6251,admin,$2a$04$oCiIqZdwbP2gkdpARxo5XOWfNjKLm8NtvF0F2CniTbDiNxQFj63DC,2/11/2015,https://robohash.org/porrosintcorporis.png?size=50x50&set=set1,true
690,Ham,Pumfrett,hpumfrettj5@sciencedaily.com,954-355-4572,user,$2a$04$Wvk9TZxRVr6QehrGBPGoie.pM8hqvf4UCDfpKRy1/wLVizRHoCU7K,5/30/2016,https://robohash.org/perferendisearumvitae.png?size=50x50&set=set1,true
691,Bliss,Jakeway,bjakewayj6@digg.com,145-938-4728,user,$2a$04$qHd0BeTJ9IcQbOHLmApJ0um4A688ln7WAO2oi8v9C7GqR7eT2PVB2,9/26/2025,https://robohash.org/totamnobisfugiat.png?size=50x50&set=set1,false
692,Katuscha,Shallcross,kshallcrossj7@youku.com,871-503-6133,user,$2a$04$jQHGD3zWgBQistHMfiwezepRMA6SN1pHrQAqlXAizHLqSf5TEpTfK,1/20/2022,https://robohash.org/aliquamiureeligendi.png?size=50x50&set=set1,false
693,Annis,Gilpin,agilpinj8@hubpages.com,738-149-3936,admin,$2a$04$/v/7cig.qdGl8MTZFt1JDeF1L.FucHZIdNbrwQtWLniMr3UqFsIie,4/30/2022,https://robohash.org/etdistinctioquae.png?size=50x50&set=set1,true
694,Malanie,Jameson,mjamesonj9@desdev.cn,621-667-0220,user,$2a$04$WKlfDAoGxxsLHv5Wdq4VWuAalqbHsNElxxmiDCyc0UctyfQoezQ/W,8/19/2019,https://robohash.org/velitquamipsam.png?size=50x50&set=set1,true
695,Nestor,Norsister,nnorsisterja@canalblog.com,312-246-7839,user,$2a$04$SGO8RNXT0rTa.gUZwAFV6OsGszPp8LP7fxcZyQi5AKFQWvB4fMBRe,9/8/2024,https://robohash.org/quasestperspiciatis.png?size=50x50&set=set1,true
696,Vinni,Rymmer,vrymmerjb@merriam-webster.com,587-737-4903,user,$2a$04$9EEs0IHzdAXDPqHyKkQywuU4dIfKzWyPyfp7xkNOym6Yg9r3/vCCy,11/25/2024,https://robohash.org/utsuscipitcommodi.png?size=50x50&set=set1,true
697,Lesya,Ivermee,livermeejc@va.gov,738-681-5910,admin,$2a$04$S91gjYmn5lFywwp1DqG/oOFrRqsEn62Pn2Dh17fByUodBWn.JQG02,9/25/2017,https://robohash.org/explicaboblanditiisenim.png?size=50x50&set=set1,false
698,Lexy,MacKonochie,lmackonochiejd@about.me,330-467-0381,user,$2a$04$zHGd4MGrfRKj5Iiz9jQGSuquIX7pPqxkEe8N0P4XJfETaQ04Phz/G,8/28/2021,https://robohash.org/excepturinatusquam.png?size=50x50&set=set1,true
699,Gerik,Williamson,gwilliamsonje@wikispaces.com,638-575-5590,admin,$2a$04$bzKumiK4QTTP8cXKzjpeheUTNebb5.t9UNXApvrojyd6Qmo/ezu5S,9/22/2022,https://robohash.org/etdoloresblanditiis.png?size=50x50&set=set1,true
700,Piper,De Biasio,pdebiasiojf@google.com.hk,245-878-5539,user,$2a$04$/Xv.DCaeY6kwDBhVAXzex.ugp6fr6GUO3A1pCKhYTeRKKUWQGHOg.,6/19/2021,https://robohash.org/impeditaliquamcupiditate.png?size=50x50&set=set1,true
701,Lauree,Soames,lsoamesjg@smh.com.au,189-474-0005,admin,$2a$04$FFMkvMXtM4eFSP8u5s8gVOYcjVuBV7Stky4GHQPoB9FH8nq0OI4TC,8/29/2022,https://robohash.org/quiseumautem.png?size=50x50&set=set1,false
702,Zola,Agronski,zagronskijh@sohu.com,314-376-0380,admin,$2a$04$mhifO//DRU9bDfAa6duU1uyPQUuhTzLi.eZ3y4GMHieo7qMcfU5a6,10/7/2017,https://robohash.org/voluptasveroconsequatur.png?size=50x50&set=set1,true
703,Worthington,McArdell,wmcardellji@istockphoto.com,645-155-1875,user,$2a$04$xdc/6V/Ub4w4U/roDzSgh.ti5VmOFLb.V369poPg9DwUihKICXLB2,8/9/2021,https://robohash.org/fugiatipsamperspiciatis.png?size=50x50&set=set1,true
704,Federico,Carley,fcarleyjj@eepurl.com,963-774-1603,user,$2a$04$LL86eaZlRpBvvYZjdzHuJeacVigCp3bloU4D0oOMhgSvC1Ux7chiS,3/24/2022,https://robohash.org/ametevenietnon.png?size=50x50&set=set1,false
705,Gil,Layus,glayusjk@paypal.com,210-822-2951,user,$2a$04$0bKlT1NZd7MIv6weZ/kN4ubxlE1NAP4KbwdYk.JX2cQh5pLpEPqVi,10/10/2024,https://robohash.org/rerumporrovoluptate.png?size=50x50&set=set1,true
706,Adorne,Bawcock,abawcockjl@globo.com,785-629-4779,admin,$2a$04$ks/pRom8bqdaZNtVkq28EOPenwopO8Mx.vSRhReJgzVjky4nrgrne,11/9/2021,https://robohash.org/iustomodiquia.png?size=50x50&set=set1,true
707,Hatti,Free,hfreejm@cmu.edu,905-367-5064,admin,$2a$04$5oGqgXc.dMiBpsmx5EnEv.xe4wyZAwHwAOPjXyFGpAQSavf5WbBd.,3/17/2016,https://robohash.org/evenietconsecteturodio.png?size=50x50&set=set1,false
708,Annice,Prichard,aprichardjn@adobe.com,981-114-6495,user,$2a$04$tRmQnQOGKIHC6Jkgmn.iVeWgiCrsB/K9YQ3NYRUX470LoiZN5t86.,12/4/2022,https://robohash.org/consecteturquiain.png?size=50x50&set=set1,false
709,Victoria,Verbruggen,vverbruggenjo@comcast.net,983-684-8941,user,$2a$04$CHA.g6nlJOTdVL/3LXzBs.9yr8EkGUydb.IxI/bb/WIglHo3W8JFG,4/25/2023,https://robohash.org/undeerrorrerum.png?size=50x50&set=set1,false
710,Waldon,Costelow,wcostelowjp@sourceforge.net,842-925-6119,admin,$2a$04$ZJnIY/e9APPQNq8wCiXBgOnIwTw8DA2PZhHqj7Wr56/G9xJvIeWW.,8/1/2017,https://robohash.org/temporibusnihildelectus.png?size=50x50&set=set1,true
711,Crin,Poon,cpoonjq@zimbio.com,594-761-4114,user,$2a$04$eYQIAKrJ1DaEuUPfWSVAe.mSbsPEU9Rvy/tSeUT7EbEyEXcJTRFbS,4/15/2023,https://robohash.org/distinctioinventoresuscipit.png?size=50x50&set=set1,false
712,Jackquelin,Bennedsen,jbennedsenjr@acquirethisname.com,242-648-4145,admin,$2a$04$lBIsy1VxGjEyQ0B3GymXgO2PE/kbfHES4TmOHf8Z0udpvE4V8yq/a,10/16/2024,https://robohash.org/doloresexercitationemeos.png?size=50x50&set=set1,false
713,Dionysus,Cogzell,dcogzelljs@bloglines.com,143-161-5589,admin,$2a$04$udCskyB/uyJopRCz0bo2ne1raevIgNraqbuHWDnrvHggQR6yUem1i,6/14/2022,https://robohash.org/minimasolutareiciendis.png?size=50x50&set=set1,true
714,Sigismundo,Castanaga,scastanagajt@vistaprint.com,266-504-7059,admin,$2a$04$Z4e6c59HBLhZyvizMp/j1e2vMJuzp2mq1.LsSA5mTvlCQuEG5YUte,9/4/2019,https://robohash.org/etundeincidunt.png?size=50x50&set=set1,false
715,Bette,Slyvester,bslyvesterju@home.pl,604-923-6622,user,$2a$04$30D1.nUGTDCq7id0qlzis.EnWvkcmEyRS3fyYhPqtEOBFbZZ5iOqq,2/13/2020,https://robohash.org/maximenatusdolorem.png?size=50x50&set=set1,true
716,Boone,Fundell,bfundelljv@w3.org,842-857-7628,user,$2a$04$xV9zj4czzV3j3PuG.iY7hu2AYJ6W7oOAjMY.lLvjhPZIQXJvCQvYC,3/30/2019,https://robohash.org/quianonmolestiae.png?size=50x50&set=set1,false
717,Yehudi,Blowin,yblowinjw@answers.com,495-414-3236,user,$2a$04$5TKQsZ8T2KSviUIUBZBT5.7Hl2sMIrszATtkbMqvpWPpVtHWX.uvy,12/12/2016,https://robohash.org/doloremveniamsed.png?size=50x50&set=set1,false
718,Marian,Hevey,mheveyjx@globo.com,643-622-8002,user,$2a$04$d2IqULUIqjTxcCkQ0gBmKOREdbHAktSMmD0xfX/4x4Je8iMOP/Ole,1/24/2017,https://robohash.org/accusamusesseenim.png?size=50x50&set=set1,false
719,Paulo,Creasey,pcreaseyjy@si.edu,861-382-0844,user,$2a$04$ULQfneGcusCFxWqkq6.q/u1avXw2zfaZBF9eDARVuAbUjO3vy3L4G,6/1/2019,https://robohash.org/doloremplaceateligendi.png?size=50x50&set=set1,true
720,Dynah,Coghill,dcoghilljz@elegantthemes.com,944-634-5911,user,$2a$04$asDJq7h9m5kn2mQyywhGZ.cVqDhi45FmFTnAO2Idsti9osnYt2gS.,3/24/2020,https://robohash.org/earumquiadeserunt.png?size=50x50&set=set1,false
721,Jill,Chiverton,jchivertonk0@wikia.com,642-227-2083,admin,$2a$04$9320RNbNu2pcsBywrls8zOK0LvwTgp/S3iL1rRWd17ukOiZkCedTK,3/25/2019,https://robohash.org/dignissimosplaceateligendi.png?size=50x50&set=set1,false
722,Dorotea,Stivey,dstiveyk1@spotify.com,229-706-2770,user,$2a$04$2LlTnKKpQb1YxM.vXij52OrwttQwTl3kpdZTXYCJDkFF8bgYZU0nu,6/10/2020,https://robohash.org/voluptasreprehenderitrem.png?size=50x50&set=set1,false
723,Cam,Sapseed,csapseedk2@marketwatch.com,502-946-5998,user,$2a$04$rgg9rNps8Jrqw164A8HfZOPJ28ab72RbIkv995geI3r1Oiom1OH92,11/3/2023,https://robohash.org/culpaofficiisrerum.png?size=50x50&set=set1,false
724,Brandtr,Hurche,bhurchek3@spotify.com,101-919-6494,admin,$2a$04$lD1HApI8NN34EadhXkuEzOdY8x.JTR0Sjb/YFirSmfTJ5xycHfzYC,8/10/2018,https://robohash.org/facilisquostempora.png?size=50x50&set=set1,false
725,Wittie,Hulburt,whulburtk4@scribd.com,872-429-5223,user,$2a$04$4l6iH9wlb2/kmtrDlUQt2u7NaPvJwavF6klAtrBv.RRwuBGQnvBFy,5/22/2015,https://robohash.org/sedquicum.png?size=50x50&set=set1,true
726,Tyrus,Innman,tinnmank5@google.es,980-949-6080,user,$2a$04$EGQQT/0WXWoZZSZWdsDVhutC0EB1AD/xJotW0If6e854jTIjhlLqS,4/1/2016,https://robohash.org/doloribusmaximequisquam.png?size=50x50&set=set1,true
727,Janela,Juliff,jjuliffk6@sohu.com,444-182-6406,user,$2a$04$YUmlnmwRvGEhB3u3zcXkXORPo/sBkq6b/BxUQKK6qeqrSXzFvxslW,12/8/2022,https://robohash.org/deseruntrepellatrerum.png?size=50x50&set=set1,true
728,Gilemette,Wager,gwagerk7@ning.com,442-771-8908,admin,$2a$04$fpx/.fjzx4N3aVAYD.43OOzohrpXk5z5AO6QvBONXTlzRrmdkWhtO,2/18/2023,https://robohash.org/odioquiaid.png?size=50x50&set=set1,false
729,Anabel,Keighly,akeighlyk8@auda.org.au,702-236-6510,admin,$2a$04$/rP497pyB89B0I6sJ8Ti7eLxItS61StrHisN/r4E9u4KlPtjy3DYS,7/29/2017,https://robohash.org/consequaturipsumut.png?size=50x50&set=set1,true
730,Rhona,Jaggi,rjaggik9@telegraph.co.uk,882-854-2780,admin,$2a$04$nwZUzpEn5uvEZ.RjKoEMIOuET1SxQa3BGWESM.e8ipisG6iAKRO5y,5/13/2024,https://robohash.org/modiidlibero.png?size=50x50&set=set1,true
731,Hunter,Buesnel,hbuesnelka@webs.com,405-270-3934,user,$2a$04$NdBSeWs6AkF1PRrNBftN7eP4AaLGTQmHdYJe3KetAh17dJvCaAB3a,7/11/2023,https://robohash.org/nostrumadipisciaut.png?size=50x50&set=set1,false
732,Dyan,Lock,dlockkb@163.com,587-751-4961,admin,$2a$04$Gv5gz96KHyV51JZdZPqrj..BJzK46amvoYnv0dVhzdTBE3QIAMf2i,4/8/2018,https://robohash.org/errorutperspiciatis.png?size=50x50&set=set1,false
733,Rurik,Moring,rmoringkc@icq.com,553-812-0886,user,$2a$04$zBKyxHLj6h27pF0mQN5RruzLMNbHGgAhwGvLnbwkLIJC3H4NxaPoW,6/22/2016,https://robohash.org/quifugiatnam.png?size=50x50&set=set1,true
734,Lorna,Morde,lmordekd@house.gov,404-327-6418,admin,$2a$04$qO/QlBRVn/glWzmE4Ht4WuAVtqIaz51.XwrmmyhrI2UfMdVRkNLR2,10/10/2019,https://robohash.org/dolorumsintnumquam.png?size=50x50&set=set1,true
735,Sanford,Coraini,scorainike@aol.com,940-522-1608,user,$2a$04$IJwUmdr1JCZTiGtEyLEZL.eIQ/X8xxpKI87m8J65bStRBRdjBlkVy,7/18/2017,https://robohash.org/accusantiumlaudantiumsequi.png?size=50x50&set=set1,false
736,Jobyna,Okill,jokillkf@soundcloud.com,756-869-6929,user,$2a$04$tHYbG56brhM4av4.EN/M9uuLJ6BfdfUgbQvuI8emsGlr8DfveNHzy,6/20/2015,https://robohash.org/sequidoloremquealias.png?size=50x50&set=set1,false
737,Harrietta,Filippi,hfilippikg@loc.gov,714-470-4627,user,$2a$04$39qE6PeptIixvd.v6x5wYO3Ye5v64dVMm1kLc6QNruNQMJieKy5z2,8/22/2016,https://robohash.org/idetut.png?size=50x50&set=set1,true
738,Konstantine,Beeble,kbeeblekh@ucla.edu,959-836-2546,user,$2a$04$WgVsKQh6DRiA9s3iqM/TWeV9ZGLdddgiGadV3/zjTyvhk/GOaDKU2,10/18/2023,https://robohash.org/aututquae.png?size=50x50&set=set1,false
739,Ketti,Matejic,kmatejicki@wikia.com,355-939-2385,user,$2a$04$iPWwGlXQ6BC.wit/XKyuXuOQ90h/bLQA6EASVAdO3wfqJI/WVt69a,7/6/2018,https://robohash.org/quoddictaconsequatur.png?size=50x50&set=set1,true
740,Vivie,Doleman,vdolemankj@sciencedirect.com,151-695-9789,admin,$2a$04$FXge/dD/R7/ldPAAmLzWZO4Jkokp9wAhp3aIxvavNZdWcBxUhh7k2,1/15/2017,https://robohash.org/quissintquos.png?size=50x50&set=set1,false
741,Demeter,Corneil,dcorneilkk@cpanel.net,225-711-8929,user,$2a$04$htIQbb0GKaMezn5fRbLueuS95ZF/aQ2ezk2FWnJpn.8mHojmtVz4O,2/5/2022,https://robohash.org/quibusdampariaturqui.png?size=50x50&set=set1,true
742,Ingemar,Siddell,isiddellkl@jiathis.com,663-363-1464,admin,$2a$04$8KoX3vvqwNxC1gldXiypf.3bsH3IFM4Qna/E6UxOSdNQY0EjZCHSa,3/13/2024,https://robohash.org/indoloribusanimi.png?size=50x50&set=set1,true
743,Worthy,Niesegen,wniesegenkm@de.vu,736-696-3056,admin,$2a$04$/znKcyjuU2EIJBsQHEzDCOCokube6MQmtvGL5nutdYC7GydGmNShi,10/7/2020,https://robohash.org/sedrepellenduset.png?size=50x50&set=set1,false
744,Olivier,Mcwhinnie,omcwhinniekn@chronoengine.com,444-701-7771,user,$2a$04$5eUAT5vyZCv80q2DU2NTi.xpUOMgNv0XpYsEphuj3CoVoFlOQo9M6,10/23/2021,https://robohash.org/quiquisdignissimos.png?size=50x50&set=set1,true
745,Byrom,McLeod,bmcleodko@ihg.com,947-810-0871,user,$2a$04$2IaFFfQW/jvSP0mUfqQtzeDj2MX06W4UDGDTzhHTBty8G1UqUM.Em,2/6/2019,https://robohash.org/utestoccaecati.png?size=50x50&set=set1,true
746,Anallese,Teeney,ateeneykp@issuu.com,589-369-8181,admin,$2a$04$CTSrpzru8i3Pi3Z1lnflHeRIhTNIvq470vnXkDDZCbDBYtQZZY2M.,9/12/2018,https://robohash.org/utnihilquod.png?size=50x50&set=set1,false
747,Diane,McRuvie,dmcruviekq@liveinternet.ru,100-457-9631,admin,$2a$04$9/Bb3OCi5xQOUFgb9k/7qOy/RmZUAujp8FMCA3I1aUKVStLJFHU.W,4/16/2019,https://robohash.org/eoscumdignissimos.png?size=50x50&set=set1,true
748,Kiley,Cannicott,kcannicottkr@tinypic.com,351-463-1033,admin,$2a$04$thSQLHXYcZiDmXebZfzT1Od3OnBmV2QA.LNMR.5YTr1jelVZQGHey,12/27/2022,https://robohash.org/essedoloremquesint.png?size=50x50&set=set1,false
749,Mozelle,Poone,mpooneks@guardian.co.uk,719-819-8120,admin,$2a$04$OwwfNEfQJBXtoMJYEiKk0e4V3xpPXNViaMBMu9YMS3JSNbhVCenyW,9/9/2023,https://robohash.org/consequunturfugiatsoluta.png?size=50x50&set=set1,false
750,Woody,Nappin,wnappinkt@seesaa.net,493-501-1323,user,$2a$04$sXmabPxw2PtGbLrdqSJ8ZeqQRjq3cvfGo5L5Zf6vIela6oSsCBw2q,4/5/2016,https://robohash.org/nemoaliquidomnis.png?size=50x50&set=set1,true
751,Erastus,Edscer,eedscerku@sina.com.cn,817-783-6954,admin,$2a$04$vrmPA.EQGIWiBlO1jW8Db.H06ccZs/gOSA3BxZCGz0H7SfKe9oqje,12/31/2018,https://robohash.org/voluptasdeseruntet.png?size=50x50&set=set1,true
752,Anne-corinne,Henrych,ahenrychkv@economist.com,475-765-6909,admin,$2a$04$o40iX4nR.wi5D3m0paAHbO2bziaPdnblK5KhHpQFNHK2xXDPVPHIW,5/1/2017,https://robohash.org/delenitiipsamolestias.png?size=50x50&set=set1,true
753,Clem,McKnish,cmcknishkw@home.pl,781-879-2737,admin,$2a$04$DOarOXbzCkZjb.31QSCPkuJtOk6H1XKnXuF.k5o5OQEbhut2zqiaG,7/16/2019,https://robohash.org/autreprehenderitet.png?size=50x50&set=set1,true
754,Kevina,Kohn,kkohnkx@businessinsider.com,566-836-1757,admin,$2a$04$qRdMyURXsQHwMEUfDv8rq.TCEzYtKAJzn2M0bPZZ2dFk4KdMbdISC,4/3/2019,https://robohash.org/etiurevoluptatum.png?size=50x50&set=set1,false
755,Cord,Coyne,ccoyneky@nba.com,466-829-0279,admin,$2a$04$dY0T4ExOkC887k.5qdgKYuRB/LZo7fgoMvj64EV.6gvVQY63tpN/C,1/15/2016,https://robohash.org/assumendaomnislaudantium.png?size=50x50&set=set1,true
756,Anica,Stagg,astaggkz@cdc.gov,871-998-4684,user,$2a$04$89WvegSIoorR4zHugUpMrO3PkFf6EPaLdTrHyRoPDqsmAcIAVGWfy,10/7/2021,https://robohash.org/iustodelenitiaccusantium.png?size=50x50&set=set1,false
757,Nathalie,Gulliver,ngulliverl0@bizjournals.com,347-950-6223,admin,$2a$04$bjvtUggKxA22twjf4LmbyOIVOAO2bnGZr9XoWv9ux8.I/k9KlgyBq,12/26/2020,https://robohash.org/eumconsequunturlaborum.png?size=50x50&set=set1,true
758,Sofia,Rodway,srodwayl1@smh.com.au,799-827-6205,admin,$2a$04$2T736YKuywbevBLjPur5Hefq/aQjvt7h2AybGjKc2hRBo9qGG9Wc.,10/25/2019,https://robohash.org/asperiorestemporibusquis.png?size=50x50&set=set1,false
759,Dav,Dempster,ddempsterl2@paypal.com,352-515-9268,user,$2a$04$iCAeZxS118ECsO//yPCjwOkfaxzGydTbJZcKPA2qiFwRZ4PPEsh2K,10/27/2023,https://robohash.org/molestiaeutnisi.png?size=50x50&set=set1,true
760,Dalia,Dishmon,ddishmonl3@tripadvisor.com,711-240-2599,user,$2a$04$RgeDZ2dDnpgoa1JEI4Jt2.srAgHQOXVw5tQ/NoDXc9gqmtYTxbkia,3/21/2025,https://robohash.org/utfacilisanimi.png?size=50x50&set=set1,false
761,Moyra,Cumbers,mcumbersl4@reverbnation.com,336-753-8396,admin,$2a$04$ei7PcNkgwCfP0Ll0ACbnAeDDFtPhrYqv.Jd8DRni03pAklrJwbPBO,7/4/2022,https://robohash.org/corporisessesimilique.png?size=50x50&set=set1,false
762,Tanny,Merriman,tmerrimanl5@livejournal.com,554-688-2096,user,$2a$04$PW4qUtQ9uK2pbYZZyIgI8ODf.G/gzMomGyEhhszBGkmnGcIO1osy2,5/15/2018,https://robohash.org/praesentiumexvoluptatem.png?size=50x50&set=set1,true
763,Peterus,Tambling,ptamblingl6@army.mil,982-832-4430,user,$2a$04$Z4AoGgE30OAiRfZUw9ki7.moZIsZzh7aWMSiFz4Us2FMqDia4GHBq,3/23/2017,https://robohash.org/autemhicnulla.png?size=50x50&set=set1,false
764,Clair,Broggini,cbrogginil7@alibaba.com,132-913-2218,admin,$2a$04$TiXVHeXEwL/lqxGCbDhig.MRJt/dao/XDa7rXJ0XqwKsVdzJNROZa,9/10/2016,https://robohash.org/fugiatquodolores.png?size=50x50&set=set1,true
765,Loralyn,Horder,lhorderl8@infoseek.co.jp,592-560-6324,admin,$2a$04$3mTI6eMAgBMqNb4zHUq80O3sGkAPor.2fvND5JLQjwk..ucPL0sdy,3/3/2023,https://robohash.org/cupiditatecommodiquis.png?size=50x50&set=set1,false
766,Gwyn,Patching,gpatchingl9@ucla.edu,900-326-5190,user,$2a$04$8aFJEjBQf8RS4hyx8oMbM.usQsEPb/5.8yDECVKSlv.jRy/7N9yVi,11/25/2017,https://robohash.org/consequaturanimiet.png?size=50x50&set=set1,true
767,Elyn,MacAndrew,emacandrewla@constantcontact.com,865-775-2793,admin,$2a$04$zdS6TjYbEXMPorms8a9BGOFlhdOVRW4uFmr7O4WYhX9phvemnUT9u,10/28/2018,https://robohash.org/nemoculpamagni.png?size=50x50&set=set1,false
768,Calvin,Kidston,ckidstonlb@shop-pro.jp,282-166-4922,user,$2a$04$mi7RP2BLXnjxycr7LfQzgOuHOGWOFpHyQTYn9iy9Gcpm8yN.zDiFu,8/25/2017,https://robohash.org/rerumundepossimus.png?size=50x50&set=set1,true
769,Shellie,Senyard,ssenyardlc@google.co.uk,815-697-2200,user,$2a$04$nfwk7GznPKIK6GqpwF/dM.y0RBWvzBzhK.Lxr0oSLL3.ExWS31QYC,4/29/2016,https://robohash.org/nihiletnumquam.png?size=50x50&set=set1,false
770,Ariela,Holleran,aholleranld@rediff.com,232-323-0572,admin,$2a$04$Oj0Q8fDJ8VCf3ny4/eBhF.STPTvRjIxy2CNRTUnJsXpz.Q2jskS5G,6/11/2018,https://robohash.org/voluptatesminimaillum.png?size=50x50&set=set1,true
771,Shannon,Yearnsley,syearnsleyle@liveinternet.ru,278-900-6043,user,$2a$04$QssKYDbFGU/3Vce3GdUrWe.NXw3wUaBWyXCCBEuur8dIuwIdiR1Na,10/15/2024,https://robohash.org/pariaturautquidem.png?size=50x50&set=set1,true
772,Denyse,Causby,dcausbylf@intel.com,208-695-2847,admin,$2a$04$so8sDYDjkG7Pivu7/GWw.OsGJXimyv8vbGheIfIY2z1SY295ecoXS,11/29/2017,https://robohash.org/estvoluptassunt.png?size=50x50&set=set1,true
773,Brigid,Dunniom,bdunniomlg@cargocollective.com,365-799-7930,user,$2a$04$Gi/elLNiorJgluzS.Qua3.hlCl6Hz9.MnXxGRH7wUXxbquOkaASPG,8/26/2025,https://robohash.org/sedsuscipitqui.png?size=50x50&set=set1,true
774,Garrek,Hannigan,ghanniganlh@reverbnation.com,866-692-9019,user,$2a$04$KP5N.3OXgiT0KC78jlzoAOqF0R3HbIVxGZ.4LbYWsoqB0qFJG8MpS,5/7/2025,https://robohash.org/rerumperspiciatislaborum.png?size=50x50&set=set1,false
775,Waite,Edgerly,wedgerlyli@google.com.au,232-249-8799,admin,$2a$04$X0H1fZ4rrhR.zq7MU5Q/d.HGLvLvch7If0Va2bBu6BnRbp0fz2tAO,10/6/2024,https://robohash.org/eadelenitifuga.png?size=50x50&set=set1,false
776,Timothy,Glasner,tglasnerlj@meetup.com,986-583-7030,admin,$2a$04$NkIXXuYDJXh1ynDqET5iHOa1vQJmMGohtDtNqNKf9c8tJivQ.EEYu,12/28/2017,https://robohash.org/delectusundeid.png?size=50x50&set=set1,false
777,Stesha,Weightman,sweightmanlk@wikispaces.com,491-748-5342,user,$2a$04$Lv8IQkTuIFawgoMhJZI8qeePCTQ1/uEjoLx4tKaBqKtvQpoPWoJVS,9/24/2025,https://robohash.org/nonmagnamvoluptatibus.png?size=50x50&set=set1,false
778,Karly,Bowstead,kbowsteadll@webnode.com,201-894-2203,user,$2a$04$NRYr4o9P384HDUUEA0I5eOQO.xsQ42LfmB1qtNAdAfw3KU6uaYaZ6,9/19/2018,https://robohash.org/quamvoluptatemnesciunt.png?size=50x50&set=set1,true
779,Ernesta,Stollard,estollardlm@xrea.com,527-794-4001,admin,$2a$04$CIsQ9S3creXkPTQHpvsDsOnY3N11ERNG0nabRPLa6BB0Aa3XzkliO,11/27/2025,https://robohash.org/quiquibusdama.png?size=50x50&set=set1,false
780,Elbertina,O'Bradden,eobraddenln@slate.com,641-593-6504,admin,$2a$04$Gl5Qn4eU/1KdPRKxzUMmsOF.bsObHyYfA6NMMNWZJNtcR75IQyJaS,4/30/2015,https://robohash.org/expeditarepellendusitaque.png?size=50x50&set=set1,true
781,Parry,Gregolin,pgregolinlo@smugmug.com,880-525-0450,admin,$2a$04$0MXcmOzTGmpQT2oU7Tr.X.mOQhWy7HtLQ28OXZcbu7PUaBLYuANJq,3/28/2024,https://robohash.org/rerumcumqueipsa.png?size=50x50&set=set1,false
782,Cicely,Skeats,cskeatslp@artisteer.com,470-229-8454,admin,$2a$04$phiRjcXPnDLnCT7TpHtJGON0U6qgLTDdFcRLYev/jN6k5MrEQfWZa,2/14/2019,https://robohash.org/suntquiveritatis.png?size=50x50&set=set1,true
783,Cassy,Ziemecki,cziemeckilq@squidoo.com,733-395-1594,admin,$2a$04$cBGMNVtkFx6kFQEBT1jzF.d9yqhA0K2bgpXxpzkygz0Zdz/fQ1XRO,2/20/2020,https://robohash.org/facereipsamet.png?size=50x50&set=set1,true
784,Courtney,Vicarey,cvicareylr@columbia.edu,370-754-9018,admin,$2a$04$i6sviY8kWneUz57yDYqpVOJGEEBAtuL/1q3SCEETOY6.bQOblZ9ki,8/8/2017,https://robohash.org/quasiassumendaeos.png?size=50x50&set=set1,false
785,Anstice,Eyckelberg,aeyckelbergls@berkeley.edu,979-500-7305,admin,$2a$04$3BjCojNAIeWPloVA6vRVlOcK6eAY1pL4etOLsTgVFb2jxhnbGZKq2,9/16/2019,https://robohash.org/sapientenihildolore.png?size=50x50&set=set1,true
786,Sarah,Dunton,sduntonlt@artisteer.com,626-623-9824,admin,$2a$04$1V7SjBiGsYOXowILyIdB7OPuHs.fNShizefeQwHwlhJeXklMqYc/u,7/1/2020,https://robohash.org/velvoluptateid.png?size=50x50&set=set1,true
787,Leanora,Pretious,lpretiouslu@ehow.com,149-598-1621,admin,$2a$04$.x5ViOC/4hvcM4bF.bEv1uO.BWHRM.VkPShfTCFitYMJIo8a2p51u,5/19/2023,https://robohash.org/repellendusmolestiaevelit.png?size=50x50&set=set1,false
788,Miriam,Joynes,mjoyneslv@rediff.com,251-451-8031,user,$2a$04$o4DhEnqSRFH/tPo2SdMBPOrae2455GHtqeQLZq4uPTOf8/GrDZSC.,5/27/2022,https://robohash.org/nisiperferendisperspiciatis.png?size=50x50&set=set1,true
789,Malvin,McNicol,mmcnicollw@rambler.ru,280-412-2898,admin,$2a$04$oIbg8SWOaCt0fyl8u/6Cxue3EfBNcUS9pbLBJi21hNMS3QB1uwtRq,2/25/2024,https://robohash.org/quinobiset.png?size=50x50&set=set1,false
790,Worthington,Solomon,wsolomonlx@timesonline.co.uk,132-747-1633,admin,$2a$04$lqgZ2m1NApWlb.RizcffreU7RqhJZxnmdYcZTFyzjgNKHspSb/PhG,2/19/2022,https://robohash.org/explicaboquassoluta.png?size=50x50&set=set1,false
791,Bartholemy,Limer,blimerly@amazon.co.jp,921-381-1001,user,$2a$04$47uAZOplQC6/i4I24H3Ade7mvZ12FDNlN7eK02n2twchye7hjuXRS,6/27/2023,https://robohash.org/recusandaeperspiciatisoccaecati.png?size=50x50&set=set1,false
792,Merna,Le Brun,mlebrunlz@yolasite.com,770-272-2027,user,$2a$04$fuPTEp7WVPclGcgfvQdV5e6WcgjpWlmK8hN7nA6nB8AlrH2G8ijhy,8/18/2019,https://robohash.org/autemestquae.png?size=50x50&set=set1,true
793,Horton,Deppen,hdeppenm0@smugmug.com,267-895-7769,admin,$2a$04$NQrOhQ0A/fMESL15qsHTIObADjhbA21buG4YqX8WnlkOOdMhc6RIG,5/10/2025,https://robohash.org/vitaeducimusenim.png?size=50x50&set=set1,false
794,Alexander,Kimmerling,akimmerlingm1@google.es,488-436-7831,admin,$2a$04$9g/FRzTu9Niy8HTSK5bX4OGod.ATDBgbYF2s2aUAFpk1Mw3CzshzG,4/19/2019,https://robohash.org/inciduntnecessitatibusillo.png?size=50x50&set=set1,false
795,Judy,Renols,jrenolsm2@jimdo.com,935-833-5464,admin,$2a$04$6KVbhgqbKHA5mrRxFbx3FehgykDsE1uBQWFVG2CVDBnTiUSagqC6K,10/29/2023,https://robohash.org/etreiciendisqui.png?size=50x50&set=set1,false
796,Marlo,Bouldstridge,mbouldstridgem3@shareasale.com,143-667-5571,admin,$2a$04$fYwVrzCFDwrmQhmlRguS5enSu3x30j1Bcp50wh7pIEpYO5jxhqf7a,3/10/2025,https://robohash.org/quiundemolestias.png?size=50x50&set=set1,false
797,Roch,Drane,rdranem4@auda.org.au,722-149-8029,user,$2a$04$rcLLuXWrUxuJ30l/q9WfWuIjTCvCp9NNzY9xPr3b4ORiIL.LobB86,8/17/2020,https://robohash.org/voluptatumipsamlaborum.png?size=50x50&set=set1,false
798,Abby,Symes,asymesm5@go.com,980-471-1845,admin,$2a$04$HlzcEIJL4uJo.pv.oUvoSufbDiDX8zJsKne4jAo4tZYUoxgB17yaK,9/8/2020,https://robohash.org/esseautnon.png?size=50x50&set=set1,true
799,Saraann,Jagson,sjagsonm6@purevolume.com,712-355-7630,user,$2a$04$vQRqTZfTwqs0DEf.vlyZQOLolZqL8NrFQAk4/F07K7yGMjLH2hvLG,4/4/2022,https://robohash.org/ipsumfugaquisquam.png?size=50x50&set=set1,true
800,Carney,Dunbabin,cdunbabinm7@skype.com,515-421-6857,admin,$2a$04$jYwz.Bnt6lLCvfJ5YcRXgOR79RCGX6iWhQhPHylrXPX10SUl.7fxO,3/30/2023,https://robohash.org/quiteneturdolore.png?size=50x50&set=set1,true
801,Ruthi,Wingrove,rwingrovem8@yahoo.com,274-169-5186,user,$2a$04$5j5Jm8C0aWhbvx294qNk8um/TPQNF59gmEI6AUqBERapBcErzt8Aq,4/24/2025,https://robohash.org/excepturidoloribusnemo.png?size=50x50&set=set1,false
802,Yasmeen,Costell,ycostellm9@hexun.com,213-198-9983,admin,$2a$04$apODV6DFw43OEuPJOgaj8uf7.J8JV43ocfeNwUlsM2MyV6KgvhQLu,4/2/2019,https://robohash.org/magniestitaque.png?size=50x50&set=set1,false
803,Vergil,Jerger,vjergerma@drupal.org,115-826-9930,user,$2a$04$wxnfi9e6q5X1N9iSSlGZyejvjHNe0l2Yg3F2QvCVKaCbbRGQRtvPO,10/14/2020,https://robohash.org/expeditaiustosequi.png?size=50x50&set=set1,false
804,Essa,Durnall,edurnallmb@wiley.com,226-764-6172,admin,$2a$04$gZZuSeVJr03hj56zOEz6Deu/sC1KvP2h6gEFUrjnG4AV187KM0MV.,12/10/2015,https://robohash.org/inmolestiasdeserunt.png?size=50x50&set=set1,true
805,Donnajean,Wyer,dwyermc@go.com,318-279-3132,admin,$2a$04$0r.sqNTpiOfAVBJqTvAxLefxdQtFRVbXXZlIoZT/KD4pGJ9rQnid6,7/5/2021,https://robohash.org/voluptatemsuscipitdignissimos.png?size=50x50&set=set1,true
806,Julita,Dansey,jdanseymd@diigo.com,442-139-0481,user,$2a$04$4GCmvUrZ4sizESxIj2tBd.HHMh5nhtrD16FSl7rThErQ.zW2.LJUS,4/24/2016,https://robohash.org/suntvoluptatesdicta.png?size=50x50&set=set1,false
807,Jackelyn,Velde,jveldeme@elegantthemes.com,396-188-4697,user,$2a$04$0W6kmQBoUMJ5qBYpS9Bes.NMBZ0FlbjiKpU3qEPc8kXsnB1wmsRXi,2/27/2025,https://robohash.org/veritatispariatursed.png?size=50x50&set=set1,false
808,Mina,Cardenas,mcardenasmf@opera.com,369-238-0392,admin,$2a$04$jF7Dxe5mMxqDcVeQMNtn4ON6rTwrywmuGanR8hRN2/LMMxSI4EMQ2,6/5/2025,https://robohash.org/accusantiumasperioresvoluptates.png?size=50x50&set=set1,true
809,Fan,Borge,fborgemg@free.fr,200-211-3311,user,$2a$04$UuP6Ia54ifK8ad2sOMPX4OsWDUpn7cGaDWC0eu1D5wzQe3vGN/kme,6/25/2025,https://robohash.org/isteesteaque.png?size=50x50&set=set1,false
810,Sancho,Linstead,slinsteadmh@sun.com,212-617-7219,admin,$2a$04$TsJwbglER1wuYiu0D4Wi7eEDhmAxnCqLMTb3Fwnoh3ss0uUxxNBi6,2/7/2023,https://robohash.org/autquodsaepe.png?size=50x50&set=set1,true
811,Shaun,Doumerc,sdoumercmi@fotki.com,833-165-2080,user,$2a$04$YAvWu8SsMBFOa6CHT1MlU.dCyBURNClz6ovXh/ACGnlpQ5V.pxDL6,5/15/2021,https://robohash.org/cumquenatusquam.png?size=50x50&set=set1,true
812,Kerrin,Avramovsky,kavramovskymj@domainmarket.com,211-248-7248,admin,$2a$04$9isUK9qVqiWFC8x6iPeZ5uNdxryUQH1MDc66as0FoIyvsgM28CgMW,10/29/2017,https://robohash.org/voluptascupiditatererum.png?size=50x50&set=set1,true
813,Lizbeth,Griniov,lgriniovmk@goodreads.com,842-854-8108,user,$2a$04$fsccO9vMgE98isDmEWX7FOahXvQEKvbg5J8JaWwG6Fzqh/4p0/OSC,7/19/2017,https://robohash.org/animidolorummaiores.png?size=50x50&set=set1,true
814,Brinna,Witchalls,bwitchallsml@unesco.org,389-851-8796,admin,$2a$04$3P2gByx3FtWf.9sXhmzZXu1/lNU.aIynLhyZ3yLdqrabeRMyMNvwq,10/16/2016,https://robohash.org/nesciuntsapientetotam.png?size=50x50&set=set1,true
815,Pierson,Chartman,pchartmanmm@huffingtonpost.com,788-391-5967,admin,$2a$04$c76Bp5PJZ5pMIJoUIWPkoOb3pJEu2eUn/bV9SXD37lMBn0uw8wgQO,2/26/2020,https://robohash.org/sequiquibusdamut.png?size=50x50&set=set1,false
816,Darb,Cobon,dcobonmn@unicef.org,440-984-7680,admin,$2a$04$/m660XSlTHfzfNrOtjUCvOXgYbx79rgNlv6pfIakJtrZgaRyP0y72,11/30/2016,https://robohash.org/corruptinatusitaque.png?size=50x50&set=set1,true
817,Sacha,Nuscha,snuschamo@networksolutions.com,977-382-3682,user,$2a$04$.3idlbAV/C60k68dERz6sOLRLQiQ8H5.JWps/ZvNs8I18sBTZtWpS,11/25/2018,https://robohash.org/adrepudiandaealiquam.png?size=50x50&set=set1,true
818,Grenville,Thicking,gthickingmp@dell.com,612-860-9864,admin,$2a$04$Ekw/rAu91/NKg2UYQtEuY.0rGmQr8lkuvOorF5S1hScak04qKSmM6,11/5/2015,https://robohash.org/eumsitquia.png?size=50x50&set=set1,true
819,Maryann,Braznell,mbraznellmq@vkontakte.ru,279-824-3671,admin,$2a$04$VTsTb3NHQWKQ9tYD.SghnuBnKdnNCRe8U5v4LWUt1/5vu4sZJnYje,12/20/2019,https://robohash.org/harumveritatissuscipit.png?size=50x50&set=set1,true
820,Devlin,Carverhill,dcarverhillmr@wired.com,393-405-6811,user,$2a$04$a1kr2ZUPt/K0k2u1c5.TLeuRqtT2GsD9tPjz5qRNFN4DOtf.jBVau,3/26/2021,https://robohash.org/laboriosamvoluptatumnobis.png?size=50x50&set=set1,false
821,Shirleen,Ledeker,sledekerms@sina.com.cn,929-178-4041,user,$2a$04$bbvEPq190.sG8sY9fJS5KO.K8nLDS69apFsvvmpyO/4fMXv0uOUfq,5/9/2015,https://robohash.org/quisintaccusantium.png?size=50x50&set=set1,true
822,Lari,Jerrams,ljerramsmt@icq.com,157-648-9617,admin,$2a$04$oIPnJ4BawZ.MfMlMHxjF3ezv1Ccxhfdx6cVjZIu5qXDfV388n9qMa,1/8/2015,https://robohash.org/autametanimi.png?size=50x50&set=set1,false
823,Joyann,Jeeks,jjeeksmu@state.tx.us,165-109-0675,user,$2a$04$TYugt2vyJvllqTYiWveyzeLyuMSmtsiwgYHkUENGR103QXneTmCh6,4/25/2021,https://robohash.org/temporibuserrornemo.png?size=50x50&set=set1,false
824,Heinrik,Keane,hkeanemv@alibaba.com,854-277-7551,user,$2a$04$Y3.sNuw7w1klwg6HWG6oH.jLPsVuM41SdpqFmBRaQ.IID8TZaGGii,11/11/2025,https://robohash.org/laborequiaconsequatur.png?size=50x50&set=set1,true
825,Randie,Jilkes,rjilkesmw@upenn.edu,455-281-0273,admin,$2a$04$FhYXkYIHVTCBFZHH0h0Dd./vRbCcAql3d21dum/hLPxImT9wdXNB6,11/16/2018,https://robohash.org/deseruntaliquidest.png?size=50x50&set=set1,false
826,Romain,Weddup,rweddupmx@mac.com,435-638-2288,user,$2a$04$HuOtiw5GiG3MumH5ITGw9ecIv16R7YZOBJiS4TDbZ4lteM.uUZayO,4/17/2017,https://robohash.org/eosnonomnis.png?size=50x50&set=set1,false
827,Dorine,Banker,dbankermy@alibaba.com,563-195-8000,user,$2a$04$fwILUmboUHRFwdD/nawcCuRX/qunyFrtArhtB7nUN3Gz/917YE.2q,8/26/2024,https://robohash.org/easequidoloremque.png?size=50x50&set=set1,true
828,Lela,Royal,lroyalmz@t-online.de,952-733-6423,admin,$2a$04$TXXXTOfeN9DDTiUYR1g5redVvVPETaYAdEUH1rqVe/YCqAoqGpLJm,8/17/2018,https://robohash.org/estetvelit.png?size=50x50&set=set1,true
829,Lowe,Mulran,lmulrann0@typepad.com,415-607-6431,admin,$2a$04$31EcHXkkVN.S5DYqmPQ.A.XN7qHcPY5r/dCSrWm//aKF.twjLjrxu,1/19/2025,https://robohash.org/quidemrationedolores.png?size=50x50&set=set1,true
830,Christophe,Jerratsch,cjerratschn1@i2i.jp,248-148-5332,admin,$2a$04$zvYoNZIyCnu3wgqT9Uqg9OJ8B3gWDSjJH/lvtduw.pZgW6FKWL7O2,9/30/2015,https://robohash.org/essequaeratenim.png?size=50x50&set=set1,true
831,Wilek,Duffitt,wduffittn2@a8.net,247-757-9493,admin,$2a$04$WTJ76KGuSCgGSB0RJgLqSOf4VXpqZIsVwW6BNKxiXyOsAYxOMElSe,1/25/2021,https://robohash.org/ullameaquenon.png?size=50x50&set=set1,false
832,Cristina,Shemming,cshemmingn3@japanpost.jp,840-694-5119,user,$2a$04$kIZpc/JmgTPpYKnEta16KOjpl23dxgiGKAgK4b5l.IUizcICOq8Fa,2/7/2017,https://robohash.org/utautquasi.png?size=50x50&set=set1,false
833,Bartolemo,Antoinet,bantoinetn4@bloomberg.com,582-145-8337,admin,$2a$04$Tt.PWPXAiXjWI4Da.lc32OMx1kIk944ifcekH9xt/gF3l.h3phaXO,12/29/2021,https://robohash.org/utdoloremmaiores.png?size=50x50&set=set1,false
834,Keefe,Grenfell,kgrenfelln5@imgur.com,982-953-2002,user,$2a$04$mIUx3kC56KA6yMUBtqJCruwtq/coH84QSLLTKVa9HKKtNdX7wV2T.,3/14/2017,https://robohash.org/accusamuseta.png?size=50x50&set=set1,true
835,Faustina,Moralee,fmoraleen6@clickbank.net,786-330-7609,user,$2a$04$ySBqxHXm2bqtvqDxc40bE.cmC2jfg61NtL/6Gzvoxaja.URKCukaK,7/6/2025,https://robohash.org/repudiandaeoccaecatitotam.png?size=50x50&set=set1,true
836,Jorey,Urlin,jurlinn7@go.com,108-429-0972,admin,$2a$04$jdBFHSqzghT0XZOFyKsqGOh68aPp2awFxWb/HjHuGKTcg6jP7n.xS,12/2/2021,https://robohash.org/doloredolorumarchitecto.png?size=50x50&set=set1,true
837,Natalya,Wixey,nwixeyn8@facebook.com,927-279-5939,admin,$2a$04$wi7f2Vyl7Gcw6DIrAEgKGusD3NXMrNzalAroKHP9/1Vv8wr/9P7XO,5/26/2017,https://robohash.org/earumatnon.png?size=50x50&set=set1,false
838,Carmelle,Hankin,chankinn9@seesaa.net,651-413-6801,user,$2a$04$gjsi0hTPFaDOym5YZigjsO8YhT6BmlDp7HkjPcYCMVHTv1bEEK3m.,9/4/2016,https://robohash.org/accusantiumaliasvel.png?size=50x50&set=set1,true
839,Pietro,Coke,pcokena@bing.com,300-171-1395,user,$2a$04$Y/LQ1rFLOYlvzXzNfdvJRO0w6jqdqm6otGr7Hlca6yOmIatHN0G/e,1/5/2019,https://robohash.org/assumendacorruptiamet.png?size=50x50&set=set1,true
840,Tobe,Voase,tvoasenb@symantec.com,957-586-1428,user,$2a$04$Hg8JZ2VOV0fuiLi6dMeiGeLe7MM/8Wd0KXrAjfbY2WO4rYoWPGMF6,7/22/2023,https://robohash.org/quidolorut.png?size=50x50&set=set1,false
841,Maria,Eatock,meatocknc@yahoo.com,105-269-4340,user,$2a$04$EsxP9935bmCgehtWGILIM.ilEkS1BnveGKQITQVCEB.Wy7agfU92G,12/16/2020,https://robohash.org/autemmolestiasa.png?size=50x50&set=set1,false
842,Gayleen,Fibbit,gfibbitnd@mysql.com,769-329-7379,admin,$2a$04$QZyOQpxlvjZfdaBDBhArE.po6yZlxm185xPYp86Rnmf3zBqeAn/zm,9/14/2022,https://robohash.org/voluptasaccusamusqui.png?size=50x50&set=set1,false
843,Corbet,Thatcher,cthatcherne@meetup.com,169-485-8081,admin,$2a$04$jcIPiJQccEL9QBEqrC5J2Ov3fvdmgLtOpi0MohzjBl1g7nUHUZgS6,12/30/2018,https://robohash.org/utestsint.png?size=50x50&set=set1,false
844,Evelin,Pringuer,epringuernf@scientificamerican.com,944-958-9817,admin,$2a$04$4x527ySzg1ekNNCInKGdDuVEXGLayq8du8CR0T9tUTrkdSq5zPtcq,10/1/2016,https://robohash.org/doloretotamautem.png?size=50x50&set=set1,false
845,Glenn,Spellsworth,gspellsworthng@cnbc.com,593-481-0759,admin,$2a$04$0V3tZ.vdmzozEP2VOlGwJ.AqXOyHLPRxQa2fnLXwLyBRSS81TsSta,5/22/2023,https://robohash.org/cupiditatequiaut.png?size=50x50&set=set1,true
846,Alessandra,Speedin,aspeedinnh@delicious.com,639-734-3495,user,$2a$04$gveCQka4kkxDmjqmEiQD4..keqcWaDOFx3oce6l2Ia/m6B0J0aBKm,2/5/2024,https://robohash.org/nisiquiaomnis.png?size=50x50&set=set1,true
847,Corabella,Balazin,cbalazinni@apache.org,115-950-7315,admin,$2a$04$J5ahTKTztYjkGKsZ3AUi7e4.c9VdEg2M2yHdGu9fzeEWAN1ZvncaC,10/21/2016,https://robohash.org/vitaequiquia.png?size=50x50&set=set1,true
848,Kriste,Folks,kfolksnj@chicagotribune.com,152-996-6382,admin,$2a$04$VGX5Jnpdo/3iKgGdajbDVuuN.NgabGBkzr51RLMu1Yd75ac2ZzKZi,9/27/2016,https://robohash.org/consecteturpossimusassumenda.png?size=50x50&set=set1,false
849,Mada,Daleman,mdalemannk@china.com.cn,845-746-4189,user,$2a$04$o4sloFjZtwO8waBaodHDQOHww8Fo4cVyeYKvecbWEATpXHbXqV3Ze,3/11/2019,https://robohash.org/fugiatundeaut.png?size=50x50&set=set1,false
850,Sanders,Macourek,smacoureknl@yahoo.co.jp,191-423-2912,user,$2a$04$CPp5C4Y4mnmNRJ8GhtYO5ecsAY9icyeT707mVt.2oq/YKJ9.WkniS,9/13/2020,https://robohash.org/voluptatesdoloremnihil.png?size=50x50&set=set1,false
851,North,Josefsson,njosefssonnm@globo.com,438-289-7363,user,$2a$04$u/O0qXRp6xOM.85cf2226O3pjpgBVbUnJGm.mtxi4DPsDMeli3Lmq,4/23/2022,https://robohash.org/maximeteneturnihil.png?size=50x50&set=set1,true
852,Constantino,Digges,cdiggesnn@wordpress.org,550-892-7768,admin,$2a$04$XcnWIg.u.mI3Jv/.4jR8HuJ.nx/Xm50LTo27uUeSS0p06R4gMjvV.,6/18/2017,https://robohash.org/voluptatemperferendisvelit.png?size=50x50&set=set1,false
853,Robbie,Colbridge,rcolbridgeno@tamu.edu,602-530-0349,user,$2a$04$31q9ylTQgLhEvsz1ToKcmuoG43FqFcYwQ0aMvBBdN0wGjRsQKw5Km,11/1/2020,https://robohash.org/dolorumliberominus.png?size=50x50&set=set1,false
854,Quincey,Halifax,qhalifaxnp@samsung.com,226-490-2252,user,$2a$04$UnNVE71HxmLO0MHl0hJ.0.p6n9mRis4w.3U8om7jg7i6BFcbYjpoS,10/30/2024,https://robohash.org/nihiletsaepe.png?size=50x50&set=set1,true
855,Eada,Jacson,ejacsonnq@statcounter.com,923-427-6883,user,$2a$04$NmUkO/nJSK72WwIkc5NeUe0VhuZJbBSKdq1CX1CkV3CpTWTSB4LIW,5/26/2022,https://robohash.org/autautemdeleniti.png?size=50x50&set=set1,false
856,Greggory,Belden,gbeldennr@reuters.com,217-744-9332,user,$2a$04$AfEVnTrBtawxkzLCWUEAFentBHB/skva6pXAVgWvQp038eKxilTPm,1/10/2021,https://robohash.org/nonetcumque.png?size=50x50&set=set1,false
857,Christa,D'Almeida,cdalmeidans@arizona.edu,221-887-6718,admin,$2a$04$nqlBqlO2e1fDxPlhVYlb1Otc6OXpkRkI36iM9FgOhm9qj0CqfFY9K,7/29/2018,https://robohash.org/hicatdolorem.png?size=50x50&set=set1,false
858,Gus,Kohlerman,gkohlermannt@ycombinator.com,391-763-5376,user,$2a$04$9f7qmkeeBQ2PtvhXVnoby.lldUQCeflBtGodsTlg59j6gtq/WGSxm,10/4/2018,https://robohash.org/aliquidistesit.png?size=50x50&set=set1,true
859,Alisander,Plows,aplowsnu@google.fr,760-259-3881,user,$2a$04$YZR0qSSzcgvTvMQas7/kH.E3zAhbK4Q66xJoHpM2aWuoxA2gIh73K,2/10/2021,https://robohash.org/sequilaudantiumsoluta.png?size=50x50&set=set1,true
860,Roberta,Shireff,rshireffnv@ihg.com,758-401-6069,admin,$2a$04$46TEAff6rjiWyfZQu7LYNu/FsnYFBfxB25WIryDCvKNN2lz1C9Rxu,10/26/2017,https://robohash.org/laboresedpraesentium.png?size=50x50&set=set1,false
861,Ronda,Rubega,rrubeganw@soup.io,755-355-9363,user,$2a$04$Bh4P0yy.G8mTsCbLS8tAr.eiF9EQ3HmlCkvT60GL2uxfM3Zg0GEg2,8/8/2019,https://robohash.org/eumporroab.png?size=50x50&set=set1,true
862,Louella,McLukie,lmclukienx@mayoclinic.com,604-351-4844,user,$2a$04$13U.NoESzCQ0Maz73.qNwuerhgXZfpH0ACGhs6FhD1JJG7wLduMDu,7/12/2015,https://robohash.org/fugitsapientequis.png?size=50x50&set=set1,false
863,Rourke,Allport,rallportny@chron.com,607-340-6161,user,$2a$04$IlUL1fD4qnsv2zK21e2Q3eKtHr2weBgUzX71Qolla2ArunPh.6qvG,3/1/2018,https://robohash.org/dictaeligendirem.png?size=50x50&set=set1,false
864,Rand,Tackett,rtackettnz@unesco.org,149-179-9156,admin,$2a$04$b5pxYZU9gKmFeuh5IiGLmu2y2293MH5ljbDmGs9scjIzmaNY4IdCK,1/13/2023,https://robohash.org/corporisadipiscinumquam.png?size=50x50&set=set1,false
865,Madeline,Jiles,mjileso0@microsoft.com,456-836-6427,admin,$2a$04$Fxk9lv4.idXT6kex2rzNWOqUhC/ONNwhA.7ylpMzJRwVHSOr24o..,9/22/2017,https://robohash.org/impeditmolestiasreiciendis.png?size=50x50&set=set1,false
866,Vite,Hayter,vhaytero1@liveinternet.ru,433-518-1692,user,$2a$04$wx6.CLDAgtvoXbsWWRzJ3e/59e/9hNDz3aE8TZFOHrV0bvIZOgyNi,7/5/2021,https://robohash.org/inperspiciatisquas.png?size=50x50&set=set1,false
867,Cordey,Escreet,cescreeto2@lulu.com,672-915-2612,admin,$2a$04$OSlj0pCpcFuzAkk4C/zdvOG9EACPnzTqmvAgWWsmp4yJRWN0glqEq,5/11/2023,https://robohash.org/maximeprovidentodio.png?size=50x50&set=set1,true
868,Kaitlin,Brookwood,kbrookwoodo3@home.pl,198-702-1606,user,$2a$04$FT7C8Sw40G55zvfJEl.DpO5S8ZJr0FppfLbMzRhVcmGiW8/KL3lke,10/10/2017,https://robohash.org/ateligendivoluptas.png?size=50x50&set=set1,true
869,Karil,Chadband,kchadbando4@acquirethisname.com,333-920-9749,user,$2a$04$AYlaEwOgLC3IT4CYGfW6huORpoW4OASjynD4f1mrleqZevUCAWF82,7/14/2025,https://robohash.org/magniveniameos.png?size=50x50&set=set1,true
870,Chet,Addams,caddamso5@jugem.jp,826-962-7799,admin,$2a$04$ElLYaanZQmvRC/iOFQifcudpXPwGEmzL4Uv7aDN0tPklWxbb6Utw6,12/7/2024,https://robohash.org/quaecorruptinemo.png?size=50x50&set=set1,false
871,Marysa,Smittoune,msmittouneo6@mapquest.com,413-581-8976,user,$2a$04$ZfpwKFNIwzlUJFrHzRicfeRJkuM9bo/X2w39eWnS/II/p/lqPbQnS,1/10/2021,https://robohash.org/suscipitoccaecatirepellendus.png?size=50x50&set=set1,false
872,Riobard,Farnin,rfarnino7@mtv.com,655-589-1202,user,$2a$04$X1rQw3cbZeI9EvTmk/x20.yOywr0jqPnCgGxIn8D1lVebmelBwJ6O,7/16/2015,https://robohash.org/velvoluptatemitaque.png?size=50x50&set=set1,true
873,Ivie,Austin,iaustino8@answers.com,994-506-2272,admin,$2a$04$bjVdzYFOow8WxTJbMm0rjeN3zQq/pCSe0xVpJKTdjs64zS7HMsLxi,12/13/2023,https://robohash.org/temporesitvoluptate.png?size=50x50&set=set1,true
874,Juan,Klawi,jklawio9@purevolume.com,170-114-3823,admin,$2a$04$KBUHKks0JU96ZJ.MSS.XM.AYjHh04JTs0hzG9H/f7feaZPz4afvgu,1/14/2019,https://robohash.org/praesentiumestculpa.png?size=50x50&set=set1,false
875,Dale,Reilinger,dreilingeroa@redcross.org,963-189-3392,user,$2a$04$AVTUmrPwRUBEdqNeyr5tvu.Kn570lsKGsgO2aQTRNfEf2DChI5xtq,11/27/2017,https://robohash.org/voluptatemaspernaturdolorem.png?size=50x50&set=set1,true
876,Lezley,Touson,ltousonob@trellian.com,293-973-9184,admin,$2a$04$LKAXaSrEjsBS7GCwYu2DvOBuAZ823BIzjynGScb6uCcN1IjMwykba,2/5/2015,https://robohash.org/natusestmagnam.png?size=50x50&set=set1,false
877,Vonni,Barnby,vbarnbyoc@xrea.com,546-165-4848,admin,$2a$04$Hq8UhX4XGfSWXOiiw3v9je6QTU8CLqqfOioHwh6gjSRku5XfgAQuC,8/7/2021,https://robohash.org/autetpraesentium.png?size=50x50&set=set1,false
878,Chastity,Van der Linde,cvanderlindeod@github.io,922-761-7160,admin,$2a$04$htpvZ0iM4Pefil0mQXWLpebtyumHFG1ITnbUAQo0pem32LxfKae02,7/21/2023,https://robohash.org/quisquamestexplicabo.png?size=50x50&set=set1,true
879,Lorna,Davidovitz,ldavidovitzoe@yelp.com,111-123-4025,admin,$2a$04$4bieEaH65a9NY8bPNCaKCuWmfq7.0XDVIOLQyDvIqHPqSHn0twsKW,1/21/2017,https://robohash.org/velvelitofficia.png?size=50x50&set=set1,false
880,Dinnie,Hibbart,dhibbartof@tumblr.com,491-758-6718,admin,$2a$04$MtOTbKjDKv3fNsNhKzCfp.yhGHxXjHsp3Uu6Hoe4Lf980vjVfDdIu,5/28/2018,https://robohash.org/assumendaquasmaiores.png?size=50x50&set=set1,true
881,Teirtza,Dickerline,tdickerlineog@yellowbook.com,772-725-7289,user,$2a$04$26hSOUuaM7q20vOTb.UPe.YJ7r2tpgr7rZN54ej/yqeeyr4PZ7ZuW,9/1/2022,https://robohash.org/fugaatquevero.png?size=50x50&set=set1,true
882,Rhonda,Le Ball,rleballoh@accuweather.com,283-117-4810,user,$2a$04$MWjgn3G3uGcPsmZfHE6r1O7xZ0t1V75EpNmFp1kSPyYSGAXw9GfDe,12/18/2015,https://robohash.org/reprehenderitsitaspernatur.png?size=50x50&set=set1,true
883,Maisie,Abelwhite,mabelwhiteoi@washington.edu,333-172-7778,admin,$2a$04$/B3qXTVpF39DUI9M5vDmweTVOQpYekQLpNHJgHKI.ZAgSnJUgLYMK,6/22/2017,https://robohash.org/earumetminima.png?size=50x50&set=set1,true
884,Matthias,Ficken,mfickenoj@ezinearticles.com,459-835-5393,user,$2a$04$dWjh639wZZFCevQFGZhrF.m5hq4kE.OOlL9aAM5xwvlxpWFBk1N62,4/16/2023,https://robohash.org/rationedictaeius.png?size=50x50&set=set1,true
885,Wadsworth,Duff,wduffok@cbsnews.com,410-314-3283,admin,$2a$04$fctjii/SON9UmWhvNdDRG.cSUWaK60iuchIEJ.madsNWG5YnIpsey,4/10/2020,https://robohash.org/rerumreprehenderitaspernatur.png?size=50x50&set=set1,true
886,Smith,Kinkaid,skinkaidol@ucla.edu,412-272-3291,user,$2a$04$vP9YsJ/8Q0jzrclZDk4eluYYw12yHWqQi3EbQjm.FJd.AlgfKj.7W,6/9/2018,https://robohash.org/expeditaquiseaque.png?size=50x50&set=set1,true
887,Jeffy,McGeown,jmcgeownom@loc.gov,550-853-3534,admin,$2a$04$kGBhmtNIKmv81QwfGhiypeallN9bbsMLoM9su9WaqyYWnzRZ4lBJO,4/13/2021,https://robohash.org/sitaccusamusdolores.png?size=50x50&set=set1,false
888,Paxton,Benditt,pbenditton@angelfire.com,408-471-1783,admin,$2a$04$xjrT0.aecYxN0iYuz9M6OeZ14W6/3a8hY72JXCBaIfiP8zkv5n.1S,9/10/2023,https://robohash.org/etquidemet.png?size=50x50&set=set1,false
889,Isadora,Bande,ibandeoo@accuweather.com,375-959-2572,user,$2a$04$J9G4smMXPOMR7e7ilxZdwu1vtxqXlJ5ME7lXX/Bo9ynW0.EiT8nBW,8/12/2021,https://robohash.org/exercitationemautofficiis.png?size=50x50&set=set1,false
890,Tamas,Barnfield,tbarnfieldop@google.co.uk,725-425-7205,admin,$2a$04$/JNlvC2qBEsfqJpbCmONReCkI/Z/qfZ2eGrBsOzBYUOi9c.wMsopi,3/14/2023,https://robohash.org/liberoquiavelit.png?size=50x50&set=set1,true
891,Charleen,Bryer,cbryeroq@pinterest.com,810-961-5353,admin,$2a$04$yC75pb6dpxGrw71RX2d3uerpiexhTG.LsWlUNiocIw2Z33DsXfUiW,12/6/2017,https://robohash.org/eaqueautfuga.png?size=50x50&set=set1,false
892,Nancey,Madden,nmaddenor@godaddy.com,998-282-5691,admin,$2a$04$u01ZCKftdFlHpTrgI/OaweFEkb56Iy/Pi6PfBBKSpiEOJeqTKAy6i,7/2/2017,https://robohash.org/temporacorporissapiente.png?size=50x50&set=set1,false
893,Daffie,Redgrove,dredgroveos@ucoz.ru,957-511-3061,admin,$2a$04$w5JTSiU6kayfPv0oEhv.Zeyf0uAxw4ENLg2c4uCFIm8671hAg1Nn.,3/24/2016,https://robohash.org/maioresquisuscipit.png?size=50x50&set=set1,false
894,Cleve,Peascod,cpeascodot@diigo.com,991-873-0140,user,$2a$04$tGI0A0v3NOOrv4OQQ.gNZOm10F2VZg.Ye1yM5YIiX5E//ygn9PT5C,4/17/2025,https://robohash.org/utabaliquid.png?size=50x50&set=set1,false
895,Anjela,Mariel,amarielou@abc.net.au,162-446-6670,admin,$2a$04$nU7ch0uLvlcTgSKfD2Iqv.A9zp.zVtSq5ql8Qr7fqfjjPbzEdps2e,2/13/2023,https://robohash.org/nostrumaspernaturdolore.png?size=50x50&set=set1,true
896,Daile,Friend,dfriendov@merriam-webster.com,294-612-1031,user,$2a$04$zRVRPIpZ0M91myZ64xw/CuASq2lzWsVyw.yI4Qk3loMg7pxaFbwKW,5/1/2020,https://robohash.org/autnostrumsint.png?size=50x50&set=set1,false
897,Charline,Braney,cbraneyow@loc.gov,359-872-1924,user,$2a$04$3PzhbJaOlkj9gF8LFgbCaeJTeypAek6yWghSemayvRymhfIlRe0Rq,10/16/2017,https://robohash.org/molestiaequised.png?size=50x50&set=set1,true
898,Chrotoem,Droghan,cdroghanox@un.org,704-486-3172,admin,$2a$04$EqR1/BGLFW/ZHq7mX/0cmOeFpDQy4VVSvOZmGJNy3VpThcoSUg4iK,9/19/2019,https://robohash.org/inrepudiandaeet.png?size=50x50&set=set1,true
899,Gabey,Lambillion,glambillionoy@ibm.com,104-716-1515,admin,$2a$04$34CnjWAaxyKPONMklVoonee1R32Eqx5hGucVeEQ/kmj0xz4wrdBJC,6/18/2022,https://robohash.org/oditminusvoluptatum.png?size=50x50&set=set1,false
900,Giacobo,Querree,gquerreeoz@slashdot.org,430-282-1717,admin,$2a$04$EBvJRFKi.ig80s9SbhOtlehXpYN420cZC12KUISHJKGfwKJdiqY/.,4/3/2024,https://robohash.org/quiestest.png?size=50x50&set=set1,false
901,Gretta,Kitchenham,gkitchenhamp0@cpanel.net,747-695-0359,admin,$2a$04$zhXcOzE6A7MDULVjbiuaPO/YDCNHD7/zhU00aLkXfkK0hHR9Z95BO,8/7/2023,https://robohash.org/quidoloreut.png?size=50x50&set=set1,true
902,Efren,Toplis,etoplisp1@theatlantic.com,658-191-6487,user,$2a$04$Uwc2XeIbbkpwPv9KgP2lTO08PaKhRJyJBF./y0TdOZu2j4z2UR71K,7/11/2016,https://robohash.org/autvoluptasmaxime.png?size=50x50&set=set1,false
903,Fitzgerald,Turpin,fturpinp2@indiatimes.com,196-215-0823,admin,$2a$04$/uue5a0undG.YruHS4muKuBh1kRxZ1krTuccUw0uxl2t.nNI1cMsK,10/27/2023,https://robohash.org/etquomolestiae.png?size=50x50&set=set1,false
904,Kelvin,Haly,khalyp3@aol.com,657-334-5672,admin,$2a$04$g4ZpdOPF6inyd9l59p1L/.S0GWsAlhdsq9pmtVNT1bWiVwpsWOGuu,6/9/2024,https://robohash.org/consecteturidvelit.png?size=50x50&set=set1,false
905,Lynnett,Barbary,lbarbaryp4@example.com,589-315-9495,user,$2a$04$/xathUcApirHPEJoalWosO.8AYRNOesxR.U4VBvuCcdJWQdIVliKW,8/12/2023,https://robohash.org/praesentiumatofficia.png?size=50x50&set=set1,false
906,Hugh,Boxall,hboxallp5@dropbox.com,321-459-4761,admin,$2a$04$aT5XB7gBpN7po3RkZCsQjuBl5E62RwapNaIBWi89ElccXmUxpCG1O,6/18/2018,https://robohash.org/accusamusadvitae.png?size=50x50&set=set1,true
907,Joan,Tosspell,jtosspellp6@mozilla.org,166-882-9546,user,$2a$04$depZHsH7aUOeUcZtSXrxdOFxbnGM4SCHfdCFSHuRKf9yOabl.kMBS,8/4/2025,https://robohash.org/temporesedminima.png?size=50x50&set=set1,true
908,Nevin,Ishak,nishakp7@who.int,265-405-4830,admin,$2a$04$Xcyl0ba0NddvSt/Lm5XaF.THQV7kMGCEow4fLiZpqmu/Vlj.PqIBK,12/12/2018,https://robohash.org/eospraesentiumquia.png?size=50x50&set=set1,true
909,Margret,Gorvin,mgorvinp8@nationalgeographic.com,634-760-0424,admin,$2a$04$obxsgiMFQiQ2kkjAUJECW.OKANqPwOmp/E8QrOqbMDj1NWhdNoYXC,11/23/2019,https://robohash.org/esseinventoreet.png?size=50x50&set=set1,true
910,Julianna,Udden,juddenp9@themeforest.net,200-959-9805,admin,$2a$04$ArDkiqDUlqz8BBgzszH1QuXfx2e5hmgN.xXTHGL.80Oy3A/Isuqma,12/22/2020,https://robohash.org/culpacorrupticupiditate.png?size=50x50&set=set1,true
911,Grady,Gowrich,ggowrichpa@devhub.com,397-912-9501,admin,$2a$04$8oHUh4PnigghcSyeGqID4OdHtprNYbgFpRoF12kEMPxSvqDdL49om,9/10/2022,https://robohash.org/consequaturvelcupiditate.png?size=50x50&set=set1,true
912,Reidar,Skivington,rskivingtonpb@dailymail.co.uk,321-202-9299,user,$2a$04$qcXb0yqCx9HqdqEKyjnVZucKZf8Ed3ZCfi64NT8oqczcFBwlLrlEi,4/10/2020,https://robohash.org/fugiatconsecteturblanditiis.png?size=50x50&set=set1,false
913,Cathie,Silbert,csilbertpc@qq.com,156-186-6793,user,$2a$04$zNsZC26YTEgi01TUL676tud6rA23R.lQnZyIvvQvxovhNJGbhyZE6,5/6/2024,https://robohash.org/quasautipsa.png?size=50x50&set=set1,true
914,Korrie,Longden,klongdenpd@tinypic.com,277-934-4090,user,$2a$04$UUiPS.2yVKB792rIr51jtu23NrWqy6ZCu5YKOgofqNB7ivQ9EeI7C,7/11/2020,https://robohash.org/autenimullam.png?size=50x50&set=set1,true
915,Neil,Flecknoe,nflecknoepe@who.int,194-597-8758,user,$2a$04$qR.wXJjiyIo6/dsstVAJo.KhBzHbsBZR6z6AGC0agD6ZVOJeNzEo2,3/25/2021,https://robohash.org/velitdolorconsequatur.png?size=50x50&set=set1,true
916,Melany,Leggon,mleggonpf@list-manage.com,247-863-8653,user,$2a$04$drVaqr6kFgy3FCPXShueSuPrOm8N6n47cKut.SUO/UrezCr66GE4q,12/26/2022,https://robohash.org/etconsecteturut.png?size=50x50&set=set1,false
917,Brigit,Bannester,bbannesterpg@networksolutions.com,488-879-1971,user,$2a$04$91GB8kdC9Tboew.WcekI.ePhGIxo/YPh6DDljCH4ggp28Aq0JOC7W,5/29/2015,https://robohash.org/sitenimdolores.png?size=50x50&set=set1,false
918,Leeanne,Brotherhead,lbrotherheadph@wikispaces.com,844-187-9036,admin,$2a$04$RfxDRastrq576uKBczsXaOx0mi3DATwO9j5epJbXi6f91XqgZbBUK,5/19/2023,https://robohash.org/quosexcepturiquia.png?size=50x50&set=set1,true
919,Cammy,Callaghan,ccallaghanpi@merriam-webster.com,805-854-4675,admin,$2a$04$G4237703vClnN.GykPl68OnfjlpeOC0pWGXBDkQsxKaLHw99COpCm,10/30/2016,https://robohash.org/utquisquamfugit.png?size=50x50&set=set1,false
920,Jeanne,McPaike,jmcpaikepj@boston.com,650-779-1356,user,$2a$04$rG6SED855Eo3UvLbNw6k5utlk13WgxIqPDh17oK.r5PIZLSgy55Ou,4/22/2015,https://robohash.org/eosutodio.png?size=50x50&set=set1,true
921,Eduardo,Blais,eblaispk@marketwatch.com,478-849-4951,user,$2a$04$rOWd2KSwIUsRjG/E0G7z2e.4yyWfSeiT8v6TFECX15Bg5oKtaLQP6,9/15/2015,https://robohash.org/delenitiaaccusantium.png?size=50x50&set=set1,true
922,Darb,Wildbore,dwildborepl@amazonaws.com,762-623-2246,user,$2a$04$9MQGl0dA2Wk1aNu8iXsBWex7K8CsYbAT4qEku.plNnq0LsY6A7E2K,7/22/2020,https://robohash.org/similiqueipsarerum.png?size=50x50&set=set1,false
923,Ashlee,Anthoin,aanthoinpm@reuters.com,948-499-9814,admin,$2a$04$SADRZakAk9CvRyW0YiNBM.ZevR6fkeTKooYl2Fl9M98QmdqN8sgfe,11/16/2018,https://robohash.org/quosundeveniam.png?size=50x50&set=set1,false
924,Guendolen,Loines,gloinespn@yahoo.co.jp,423-764-3730,admin,$2a$04$S4LgrpxeQ9p/tQYPVl2NheiNfK9h25P3y6mUH5V.ic5Um.tDLrC06,11/2/2017,https://robohash.org/eanatusaperiam.png?size=50x50&set=set1,true
925,Joleen,Flynn,jflynnpo@usnews.com,346-273-6555,user,$2a$04$9ufe4Fv3nR8GlCQKIWYXtuIhczJ/Zy1r3GKpXdhIIFcDXAV3/6uMG,12/6/2015,https://robohash.org/voluptatumcorporissit.png?size=50x50&set=set1,false
926,Hugibert,Dufaur,hdufaurpp@soundcloud.com,665-482-9146,admin,$2a$04$famJLQAegqe4gqBj0F4XW.tH55L8zk.f5ROtAJfJoixnZBNCzoY9i,7/27/2025,https://robohash.org/magnamilloquae.png?size=50x50&set=set1,true
927,Shaun,Minette,sminettepq@discuz.net,950-320-2563,admin,$2a$04$jM1CKD3CPlMrT58NipGtG.3Pn39IXPDtYp/rbiqScCWljAb30pEJ6,7/18/2017,https://robohash.org/etblanditiisperspiciatis.png?size=50x50&set=set1,false
928,Marion,Wardley,mwardleypr@moonfruit.com,320-797-5183,admin,$2a$04$LxzgF6CAKxU3Q7sPaX/u4e4JKkNFGL81SxQqTepQMWMYuJfqZWjTG,12/23/2025,https://robohash.org/nihilcorruptiest.png?size=50x50&set=set1,false
929,Geoff,Dosdell,gdosdellps@eepurl.com,431-764-0745,user,$2a$04$q1rk6UyOQExB16nIzbIDc.ssOBp7l0VDqqWzCwgcK1GuQ/KC4bi6K,11/1/2024,https://robohash.org/similiquecumquequi.png?size=50x50&set=set1,true
930,Cybil,Ducker,cduckerpt@liveinternet.ru,683-936-1735,user,$2a$04$2aEDlrAMez2UqO1D/qz6.us31ZoDoEr2P8iNkDMbpJ4XTXgrrO.6G,8/4/2024,https://robohash.org/utvoluptasmagnam.png?size=50x50&set=set1,true
931,Tierney,Volant,tvolantpu@harvard.edu,938-211-5049,user,$2a$04$VjGfK46AqolgnMoojEl2iOk2YCYC3gROtDGegDfThv2dpEDO93gtO,2/3/2022,https://robohash.org/utvoluptatemquaerat.png?size=50x50&set=set1,false
932,Heda,Danforth,hdanforthpv@google.com.br,967-647-8737,user,$2a$04$xdPz6e97xFxy/CjOqojHf.ZNiQ3DrxYDnyTCIr66a1uRjnWVFoelS,4/21/2020,https://robohash.org/quamautemet.png?size=50x50&set=set1,true
933,Calley,Strattan,cstrattanpw@smugmug.com,749-724-7522,user,$2a$04$lh1OxvCQeWlb53F8k88Rr.HNnqmtXGD3aUSe.mPtK0mCKQWKeQCNC,3/13/2022,https://robohash.org/laudantiumidsint.png?size=50x50&set=set1,true
934,Lola,Simonson,lsimonsonpx@reddit.com,155-942-2094,user,$2a$04$3K915ec6x7LspxkQ34MYRepyiyFs0b1iul322hse8ZAIG/TXk9DBG,12/6/2024,https://robohash.org/sequiquiet.png?size=50x50&set=set1,true
935,Roi,McHan,rmchanpy@yelp.com,919-254-4432,user,$2a$04$k8aUbzWEWvxWIeKdPGCnw.JAZubX92sd6fHZYhL0bqQJn8Rhy32Bm,2/13/2018,https://robohash.org/autsolutaaccusamus.png?size=50x50&set=set1,false
936,Omero,Godney,ogodneypz@t-online.de,162-545-0685,admin,$2a$04$rTO8tu2yCPtJK8XRTFiq3.XYv..fM80VshZRFTD19BR9VEvztbPxS,2/16/2025,https://robohash.org/autdictavelit.png?size=50x50&set=set1,true
937,Layne,Downie,ldownieq0@netvibes.com,995-345-6704,admin,$2a$04$QrDMBl3KUF7g.kYTz8bDO.hHgCLuyd2SKZLv7Y1RY3Mp5e8DjBPoa,8/29/2015,https://robohash.org/debitisexercitationemvel.png?size=50x50&set=set1,false
938,Emelda,Simcoe,esimcoeq1@yellowpages.com,588-163-4041,user,$2a$04$Llqe6WigxX28cbnjnEovOeIljezojoP6ig5obgEcHCbs1W0.uwapi,10/16/2021,https://robohash.org/doloribustenetureveniet.png?size=50x50&set=set1,true
939,Mikkel,Orcott,morcottq2@histats.com,116-876-2501,user,$2a$04$HOA9IZ.X97HqIE5TqznnSOfdfYeafOHKsJ7lBCcP5bJZykHT.6nfC,11/12/2024,https://robohash.org/eiusfacilisid.png?size=50x50&set=set1,true
940,Kalle,Oxton,koxtonq3@squarespace.com,291-662-8881,user,$2a$04$0u4fIVgpHW4khZfAdAsSOe9iY7uRbj0OraG18.zxTVzQLzzoUmXX2,9/19/2018,https://robohash.org/expeditatemporeexplicabo.png?size=50x50&set=set1,true
941,Ilario,Blazhevich,iblazhevichq4@cargocollective.com,310-926-6485,admin,$2a$04$thfNI5r9AnpQ6ENk4e2ktOm9wb/aIMTjZPUfL5vZPI1mFXT0Ne1sS,4/26/2019,https://robohash.org/rationeiustonemo.png?size=50x50&set=set1,true
942,Westley,Buttfield,wbuttfieldq5@biblegateway.com,401-174-3484,user,$2a$04$sniEneYNfbmXjUDmnSq14eJqNa4l65K9SA57FZOq5hyh3RilZXjJm,7/27/2016,https://robohash.org/totamexcepturivero.png?size=50x50&set=set1,true
943,Winni,Bovaird,wbovairdq6@ox.ac.uk,285-814-4804,user,$2a$04$skV1GWAhfg98/LcWj6GCqefU/aCOcdnjq1.MylKUh4t5M/ld94TeO,1/27/2021,https://robohash.org/veldistinctioquos.png?size=50x50&set=set1,true
944,Cathryn,McColl,cmccollq7@altervista.org,147-138-9787,user,$2a$04$oLnB0ovVdtYGYxq52j54/eCkJlgYuPr7at0BHiJezEW7H/8EAVI1G,12/2/2024,https://robohash.org/ipsumilloveritatis.png?size=50x50&set=set1,false
945,Lishe,Lerohan,llerohanq8@gnu.org,164-960-7954,user,$2a$04$EcClYjkS2OOmXuO5ja8CXu7JDGzqC99RVC19yJVhQW8iEyPQvheVC,12/29/2018,https://robohash.org/architectononincidunt.png?size=50x50&set=set1,true
946,Jemimah,Keig,jkeigq9@apple.com,658-490-7883,user,$2a$04$rENfMxHLCTXN7kx7Y1mne.0IAn2guhHS2bDcMMsGEzIdX7f/yh9x6,11/30/2017,https://robohash.org/nihilveroodit.png?size=50x50&set=set1,false
947,Susi,Makeswell,smakeswellqa@reddit.com,835-303-1887,user,$2a$04$/yGTeNCswRl/QdiS0CIUOuUBucZW2O7RtU4KmKCfYkg3ONf6IIO8.,10/5/2020,https://robohash.org/idutrem.png?size=50x50&set=set1,true
948,Glennie,MacCambridge,gmaccambridgeqb@washingtonpost.com,727-548-5288,admin,$2a$04$c4mTzmnX4YRa.GtJBfHMYeK33GIY/v6GGKV/cK3q3fy40pqMkk0XO,11/21/2017,https://robohash.org/quodvoluptatemqui.png?size=50x50&set=set1,true
949,Markus,Jeannet,mjeannetqc@ameblo.jp,777-722-2277,user,$2a$04$C3ODVMyKLbiNq2pDDifS9.78y4Xtj50CX23poDngHwU6W0xNJSc06,3/30/2020,https://robohash.org/voluptatibusetsit.png?size=50x50&set=set1,true
950,Dara,McEntagart,dmcentagartqd@simplemachines.org,573-780-0707,user,$2a$04$JoWmS8x221ywZpDlRkntk.bsBYFu1rtqjWOJQ7TPYpR1MFzYvAqf6,12/11/2016,https://robohash.org/fugiatvoluptatemtenetur.png?size=50x50&set=set1,false
951,Harri,Shipsey,hshipseyqe@mac.com,460-898-4551,user,$2a$04$6N5F/Lp8ayxv5Kd0PQvKeOX/eYP3nAALzWt8GC91bF9dvk8D3Xm92,9/25/2022,https://robohash.org/voluptatesassumendasapiente.png?size=50x50&set=set1,true
952,Bard,Stewart,bstewartqf@earthlink.net,939-171-1978,admin,$2a$04$gso1KxJ3tacFqb7lZpEPMefFMUEwVZkHEy3n4mxcLIjTg28UY3.xa,10/9/2022,https://robohash.org/enimrerumsunt.png?size=50x50&set=set1,false
953,Janaya,Celiz,jcelizqg@wikimedia.org,333-615-3333,user,$2a$04$5N44O51kMZWPQssJp0za4euoI/6fWPV6mS9BxAQxoQKhyzfRVHsyO,9/15/2022,https://robohash.org/sedaccusantiumcum.png?size=50x50&set=set1,true
954,Drusy,Fyfe,dfyfeqh@sciencedaily.com,732-336-0216,user,$2a$04$E2fW1nddUWgPMql6nIMS3OVadPde/PV2KDHinOD9RECUWMsHzGpMW,4/19/2018,https://robohash.org/nonquisaccusamus.png?size=50x50&set=set1,false
955,Waite,Seif,wseifqi@adobe.com,808-656-5200,user,$2a$04$4jzt7sh4h7nzvVGe9LrVS.cXQKr1Xgtm2NHzkoxbW2m0q3gQsWxCm,8/2/2017,https://robohash.org/vellaborumporro.png?size=50x50&set=set1,false
956,Ronni,Liddel,rliddelqj@tripod.com,710-552-6806,user,$2a$04$6i8uLoFDsDYy9cFROYGk5O8RFaSdHbiK3wPlA5np7dEvjxzZLff46,3/26/2016,https://robohash.org/facilisreiciendisut.png?size=50x50&set=set1,true
957,Leola,Siemandl,lsiemandlqk@economist.com,504-206-8677,admin,$2a$04$7xAqS0eQ8vjXA6xt9rrfRu8y47jwhipaxjZQ7hQKlG0EAiIhcOOPu,11/11/2016,https://robohash.org/remrepudiandaevelit.png?size=50x50&set=set1,false
958,Anne-corinne,Grayling,agraylingql@trellian.com,189-400-0373,admin,$2a$04$6fkRW1YtYrZFwi6Rlr2/e.O3luZaI7vxyTbCFZgbVipYU8yXHF6Du,11/21/2025,https://robohash.org/consequaturquoshic.png?size=50x50&set=set1,true
959,Kaia,Leng,klengqm@bloglovin.com,658-711-9208,admin,$2a$04$NGiyQ.KAAvXf7g.kQMPq/.pxePJRk0C6EQoz66KK7BXQjXn3JWz6u,2/28/2019,https://robohash.org/aliassitmolestiae.png?size=50x50&set=set1,false
960,Caspar,Dunn,cdunnqn@oaic.gov.au,645-188-7089,admin,$2a$04$rrflD4xEYnzgAmUCHUUkCug0sjPmqm7Zudf.UWOOaL7zoh0PODnsq,3/19/2015,https://robohash.org/quidemquasodit.png?size=50x50&set=set1,true
961,Druci,MacGregor,dmacgregorqo@ning.com,540-942-1094,user,$2a$04$67D5YVnY3VKIy89l5TXkT.ED.OOAtTgQDgxBDrE3ykvaJblAcP4fG,5/15/2024,https://robohash.org/consequaturrecusandaequi.png?size=50x50&set=set1,false
962,Jasmine,Green,jgreenqp@bizjournals.com,231-629-9219,admin,$2a$04$l6MdWuizkTM/QBpOYjs0Ruvt6xczAQ6VgZeYSYK0Kt.1usq/ia7CO,7/3/2023,https://robohash.org/estaat.png?size=50x50&set=set1,false
963,Joyce,Scrivener,jscrivenerqq@independent.co.uk,825-696-1308,admin,$2a$04$T6y8wPpxL/AL6W.fxBiAPu3o7o800qUZK10m95lFN1ElnVuh.hrpe,6/2/2024,https://robohash.org/inetexpedita.png?size=50x50&set=set1,true
964,Gifford,Konrad,gkonradqr@goo.ne.jp,886-695-6252,user,$2a$04$gn20FDDzmtFVLhIBwdgnKOCbPAmT6svN577XH.CP7SaGbKHc9cuoq,2/16/2023,https://robohash.org/reprehenderitnisisint.png?size=50x50&set=set1,true
965,Marissa,Postin,mpostinqs@bigcartel.com,507-949-4754,user,$2a$04$VL0kWDEE6nhCWI7R6RnR8eDSUXYjaObll3G/Iwu7K2FS6jRFbExgK,6/2/2020,https://robohash.org/namidet.png?size=50x50&set=set1,false
966,Annemarie,Sarfass,asarfassqt@blinklist.com,807-835-6902,admin,$2a$04$4d16wtVwBcgu0Xe9yh8zAe1OQVooMr3pt1P1M8gVBUF/7GtNGlaIO,7/12/2017,https://robohash.org/sedrationevelit.png?size=50x50&set=set1,false
967,Ricoriki,Andrassy,randrassyqu@hugedomains.com,567-404-7246,admin,$2a$04$FnbaHet4O0wE5RyRen.jU.0uMaohCsmSnp/g55UJ5xN6rmg0F3XH.,1/29/2018,https://robohash.org/namnobisofficia.png?size=50x50&set=set1,false
968,Mona,Tunnock,mtunnockqv@sun.com,522-199-9236,user,$2a$04$NFC278kh5pQteGB9RVD8peq0niOkVBIJkY.yl5/RHEo0QJSVaUs2a,6/6/2024,https://robohash.org/dolorexercitationempraesentium.png?size=50x50&set=set1,false
969,Karalee,Van Driel,kvandrielqw@netlog.com,957-686-6854,admin,$2a$04$BFZHKgUYEoO8/ZnxOsw9oe30Zt/K7fJGBok88.BsAmG474k4LZvxG,11/7/2025,https://robohash.org/etautet.png?size=50x50&set=set1,true
970,Heidi,Choppin,hchoppinqx@ifeng.com,207-928-9092,user,$2a$04$piT4jz1.Rs/n0CkcWB8qhOSw1iAXUvkfnPmB4bJ6pUYcNoVpnlJfG,6/18/2022,https://robohash.org/idautemaliquid.png?size=50x50&set=set1,true
971,Bertrand,Skipperbottom,bskipperbottomqy@ebay.com,114-433-9873,user,$2a$04$QbidRhEQyQ8OPRerWPUm7eJseHEEPwUP89lgn9agyzwOmucllky7W,3/14/2015,https://robohash.org/namsitquasi.png?size=50x50&set=set1,true
972,Ramon,Nance,rnanceqz@newsvine.com,314-888-3417,admin,$2a$04$gI9qxIIw.E/vq7VL7SFISuN.4uCxYxy1JHs1kyI3HDbgfaw4gToh2,11/27/2016,https://robohash.org/laboriosamsedeos.png?size=50x50&set=set1,true
973,Janith,Commings,jcommingsr0@over-blog.com,363-236-1435,admin,$2a$04$/DGiaTJAL3UEPF9bOrpFc.t3/IjJOa6IClzveStfR/vKSOiEVx7sa,11/27/2018,https://robohash.org/sintinventoreporro.png?size=50x50&set=set1,false
974,Carlos,Matyushkin,cmatyushkinr1@auda.org.au,513-825-6206,admin,$2a$04$pkV2nJs0nf/QKP1H2IX4cedVbiPNyWq0rwold6Gdytvd.2aLYM01i,4/3/2020,https://robohash.org/easuntquas.png?size=50x50&set=set1,false
975,Annabela,Duer,aduerr2@people.com.cn,253-682-6708,admin,$2a$04$MRorTiCVvT/gHMCUQbgTiuINmhb7CFqaSBmfTIpysHkXYAI/EyU32,9/8/2016,https://robohash.org/aberrornecessitatibus.png?size=50x50&set=set1,false
976,Kata,Anthon,kanthonr3@microsoft.com,947-907-3285,user,$2a$04$K.Oxd4Zfj1VXu4R6D/E3y.mdJhA7JgCN/UPDIEEELp9FypXE2p/by,8/15/2018,https://robohash.org/etaspernaturet.png?size=50x50&set=set1,true
977,Amos,Dudgeon,adudgeonr4@apache.org,808-409-2042,admin,$2a$04$WVtpK5UiwL2zRtDdBtoxUOfauByYYAk7YWA.N3bxbi/aIelNm/Wd.,1/9/2024,https://robohash.org/possimuslaborequae.png?size=50x50&set=set1,true
978,Pammie,Kerans,pkeransr5@ameblo.jp,668-188-0127,user,$2a$04$B3LZ6cCWTVE1gIvnAuUvre5jqiB2UYqsHeb63qpEQXt6AZzY.48ha,10/8/2015,https://robohash.org/repudiandaeminimaet.png?size=50x50&set=set1,true
979,Addi,Halahan,ahalahanr6@pen.io,578-473-4132,user,$2a$04$bFvsOp.PVY5zkaf8S3Lrp.X6zIo5b88zPerGkf2ADOYC/O1uGzC/K,6/5/2019,https://robohash.org/utexplicaborem.png?size=50x50&set=set1,false
980,Penrod,McCloud,pmccloudr7@tripod.com,183-818-5561,admin,$2a$04$lOBhwoT82Neoh74I9vsfy.isoH/E.ohUPi05p7fr04kl3a.oOQ7/K,8/22/2023,https://robohash.org/etarchitectonam.png?size=50x50&set=set1,false
981,Julie,Craze,jcrazer8@people.com.cn,357-402-9300,admin,$2a$04$noiVIX0dkaCLwnQeceRniugQT5mStAc5ltyC8GveL3yAeCvSOp4Wq,11/8/2022,https://robohash.org/illumaccusamusut.png?size=50x50&set=set1,true
982,Tamar,Garrigan,tgarriganr9@mit.edu,182-258-7121,admin,$2a$04$OGu0IkpmYahftfHnQdHCH.PQfFgJ2iAmNOL2xnNiSZcjhgd0kdIAy,2/27/2024,https://robohash.org/quisquamfugiatvoluptas.png?size=50x50&set=set1,false
983,Sunny,Werrit,swerritra@wordpress.com,718-558-6384,user,$2a$04$6vScrmR3nZpnwU0nCD85du4lHFD0BR8HFUUBaCepEOjqB8eu3iHry,8/11/2018,https://robohash.org/deseruntullamipsa.png?size=50x50&set=set1,true
984,Jania,Donalson,jdonalsonrb@mail.ru,364-374-5631,user,$2a$04$oXS8EkcgzzU294W4aGzB2u4iSm461Z2Ghz6a2VIQF4sERgAeAvTQm,9/18/2018,https://robohash.org/estidmodi.png?size=50x50&set=set1,true
985,Bambie,Courage,bcouragerc@bravesites.com,581-854-6631,user,$2a$04$ZOAzXEHQiflUnzztPhGJVeOyrpI/0zyxsH0MgXdzsZrSqq46nSiuq,2/18/2015,https://robohash.org/exinventorevel.png?size=50x50&set=set1,true
986,Karlis,MacCarroll,kmaccarrollrd@umn.edu,262-270-7694,user,$2a$04$vELFHTt/uWT53UfmFjYT.OmqgDen6U7AFihDV4FYdYtdAVw.MQFHG,1/31/2022,https://robohash.org/quiistequia.png?size=50x50&set=set1,true
987,Kim,Lait,klaitre@senate.gov,490-652-8745,admin,$2a$04$7Bvr1T1ljqeUKsuQxBBXROx1LPpbukuJCuhYxvTclNmLt4w9q8ffq,4/4/2021,https://robohash.org/pariaturdoloribusomnis.png?size=50x50&set=set1,true
988,Etta,McCallum,emccallumrf@ft.com,863-216-6815,admin,$2a$04$KXTi7rILWejTtPamrYQ57uNGeOD.9PwQEOd2iitc9fJGIlPKO0ByK,1/30/2021,https://robohash.org/velipsumab.png?size=50x50&set=set1,false
989,Orelia,Stevani,ostevanirg@wikispaces.com,844-747-3206,admin,$2a$04$y8Cm4X5Al1Khyw5.jPLHF.atMTjWpbLOrIyz9l2THmuld5BKJ61p6,5/10/2017,https://robohash.org/utadipisciaut.png?size=50x50&set=set1,false
990,Wendye,Dearnaly,wdearnalyrh@bbc.co.uk,141-712-9050,user,$2a$04$imlnKFGGymAB6ZcAm6F.1On6OnJIztSg2.gMRvoWIcgEk7UkU5oa6,3/18/2016,https://robohash.org/molestiaesedsunt.png?size=50x50&set=set1,false
991,Brooks,Strangward,bstrangwardri@cargocollective.com,326-348-3496,admin,$2a$04$IkztoGKhN54qZLcj.nxyhOVAGaqb41Mj7i1u7Z4WPuOyucQZm2Ws6,1/16/2018,https://robohash.org/excepturieaqueeius.png?size=50x50&set=set1,false
992,Robert,Faich,rfaichrj@surveymonkey.com,363-949-2858,admin,$2a$04$LU8Ao24ClpQZaxeCcyFftevTSkSy5bV4rn.zDO5mViWAtNe/y0Tle,3/27/2021,https://robohash.org/ullampraesentiumvel.png?size=50x50&set=set1,true
993,Silvano,Farenden,sfarendenrk@flavors.me,105-261-6628,user,$2a$04$9rK4/T6cw79cycViEOQr/uWbEwBI3mC31CjGHROlM/ii0JZko39YG,6/29/2018,https://robohash.org/veritatisrerumnon.png?size=50x50&set=set1,true
994,Brennan,Sommerscales,bsommerscalesrl@baidu.com,331-169-6301,admin,$2a$04$0anLgiX3jX0OBxhRxDpqc.wCQik/81QR5YNlVX7ClSNMmWes6nBEK,5/29/2017,https://robohash.org/providentvoluptasut.png?size=50x50&set=set1,false
995,Bail,Pantecost,bpantecostrm@sitemeter.com,470-174-2015,admin,$2a$04$9.s/WhxnoZBDcVlRg6L6iOf.teXg5FoTBgm.DCvfyKK4bpXZNYn.G,11/8/2016,https://robohash.org/istecommodiporro.png?size=50x50&set=set1,false
996,Jasmina,Yerborn,jyerbornrn@tuttocitta.it,532-576-4070,admin,$2a$04$Ge0KfCbft/ZsRLajGNvQp.giJWnQIUVhAG4JbY6PFAGz54znDXlBK,7/30/2024,https://robohash.org/autpossimusvitae.png?size=50x50&set=set1,false
997,Aindrea,Klimshuk,aklimshukro@npr.org,320-934-8803,user,$2a$04$U7oITfH7OV6s3VuPIAyJduMr4xegFrApegn3pJoryv4kKuX6tgeFa,11/5/2015,https://robohash.org/quidemnumquamnostrum.png?size=50x50&set=set1,true
998,Hardy,Zaniolini,hzaniolinirp@webeden.co.uk,904-676-4275,user,$2a$04$Z25c8jwIhpSb0rc40BkXQ.TdDW8VMLHxHB7y1Mq.uWVyC2dR6M3Ay,11/27/2023,https://robohash.org/ametquisquamtempore.png?size=50x50&set=set1,true
999,Reese,Jeandet,rjeandetrq@bravesites.com,324-744-6866,user,$2a$04$ivWhx4S9Vt/W77S5R83RTOhmNx2qpULcm0d/m2LlH/2b587a5ftgm,11/10/2024,https://robohash.org/quisnesciuntrepellendus.png?size=50x50&set=set1,false
1000,Ravi,Perico,rpericorr@skyrock.com,531-199-4820,admin,$2a$04$nEJ6wLUZtrueFvfkz3yxSuJAdbzhELAPw1H0uXJLciI6x7hJe7VEy,9/3/2020,https://robohash.org/mollitiamolestiasullam.png?size=50x50&set=set1,false
